image_path,label
D:\Downloadf\gestures_resized\gestures\03_fist\frame_05_03_0154.png,Fist
D:\Downloadf\gestures_resized\gestures\10_down\frame_02_10_0175.png,Palm
D:\Downloadf\gestures_resized\gestures\04_fist_moved\frame_03_04_0149.png,Fist
D:\Downloadf\gestures_resized\gestures\04_fist_moved\WIN_20260217_22_21_36_Pro (2).jpg,Fist
D:\Downloadf\gestures_resized\gestures\08_palm_moved\frame_05_08_0068.png,Palm
D:\Downloadf\gestures_resized\gestures\01_palm\frame_07_01_0176.png,Palm
D:\Downloadf\gestures_resized\gestures\01_palm\frame_04_01_0104.png,Palm
D:\Downloadf\gestures_resized\gestures\01_palm\WIN_20260220_00_02_04_Pro (2).jpg,Palm
D:\Downloadf\gestures_resized\gestures\04_fist_moved\WIN_20260217_20_42_36_Pro.jpg,Fist
D:\Downloadf\gestures_resized\gestures\08_palm_moved\frame_02_08_0005.png,Palm
D:\Downloadf\gestures_resized\gestures\01_palm\frame_08_01_0196.png,Palm
D:\Downloadf\gestures_resized\gestures\03_fist\WIN_20260217_20_36_02_Pro.jpg,Fist
D:\Downloadf\gestures_resized\gestures\04_fist_moved\frame_06_04_0036.png,Fist
D:\Downloadf\gestures_resized\gestures\01_palm\WIN_20260217_17_31_03_Pro.jpg,Palm
D:\Downloadf\gestures_resized\gestures\08_palm_moved\WIN_20260217_22_19_41_Pro (2).jpg,Palm
D:\Downloadf\gestures_resized\gestures\03_fist\WIN_20260217_22_04_38_Pro (4).jpg,Fist
D:\Downloadf\gestures_resized\gestures\01_palm\WIN_20260220_00_03_54_Pro (2).jpg,Palm
D:\Downloadf\gestures_resized\gestures\10_down\frame_06_10_0012.png,Palm
D:\Downloadf\gestures_resized\gestures\03_fist\frame_07_03_0118.png,Fist
D:\Downloadf\gestures_resized\gestures\03_fist\WIN_20260217_22_04_58_Pro (5).jpg,Fist
D:\Downloadf\gestures_resized\gestures\03_fist\Right\frame_09_03_0042.png,Fist
D:\Downloadf\gestures_resized\gestures\01_palm\frame_03_01_0160.png,Palm
D:\Downloadf\gestures_resized\gestures\10_down\frame_08_10_0020.png,Palm
D:\Downloadf\gestures_resized\gestures\03_fist\frame_06_03_0071.png,Fist
D:\Downloadf\gestures_resized\gestures\03_fist\Right\frame_09_03_0086.png,Fist
D:\Downloadf\gestures_resized\gestures\01_palm\WIN_20260217_20_09_12_Pro.jpg,Palm
D:\Downloadf\gestures_resized\gestures\10_down\frame_02_10_0013.png,Palm
D:\Downloadf\gestures_resized\gestures\01_palm\WIN_20260220_00_01_46_Pro (2).jpg,Palm
D:\Downloadf\gestures_resized\gestures\08_palm_moved\WIN_20260217_18_35_16_Pro (2).jpg,Palm
D:\Downloadf\gestures_resized\gestures\01_palm\frame_08_01_0032.png,Palm
D:\Downloadf\gestures_resized\gestures\08_palm_moved\frame_04_08_0197.png,Palm
D:\Downloadf\gestures_resized\gestures\03_fist\WIN_20260217_19_13_44_Pro.jpg,Fist
D:\Downloadf\gestures_resized\gestures\01_palm\WIN_20260220_00_03_26_Pro (2).jpg,Palm
D:\Downloadf\gestures_resized\gestures\03_fist\Right\frame_09_03_0033.png,Fist
D:\Downloadf\gestures_resized\gestures\10_down\frame_02_10_0189.png,Palm
D:\Downloadf\gestures_resized\gestures\03_fist\frame_05_03_0083.png,Fist
D:\Downloadf\gestures_resized\gestures\01_palm\frame_09_01_0158.png,Palm
D:\Downloadf\gestures_resized\gestures\04_fist_moved\frame_02_04_0030.png,Fist
D:\Downloadf\gestures_resized\gestures\04_fist_moved\frame_06_04_0003.png,Fist
D:\Downloadf\gestures_resized\gestures\01_palm\frame_06_01_0018.png,Palm
D:\Downloadf\gestures_resized\gestures\04_fist_moved\frame_00_04_0027.png,Fist
D:\Downloadf\gestures_resized\gestures\08_palm_moved\WIN_20260217_22_14_26_Pro (4).jpg,Palm
D:\Downloadf\gestures_resized\gestures\02_closeup_fist\WIN_20260220_19_16_40_Pro (2).jpg,Fist
D:\Downloadf\gestures_resized\gestures\01_palm\WIN_20260217_17_23_36_Pro.jpg,Palm
D:\Downloadf\gestures_resized\gestures\10_down\frame_00_10_0198.png,Palm
D:\Downloadf\gestures_resized\gestures\03_fist\frame_09_03_0081.png,Fist
D:\Downloadf\gestures_resized\gestures\03_fist\frame_04_03_0176.png,Fist
D:\Downloadf\gestures_resized\gestures\04_fist_moved\WIN_20260217_20_44_54_Pro (2).jpg,Fist
D:\Downloadf\gestures_resized\gestures\03_fist\frame_01_03_0190.png,Fist
D:\Downloadf\gestures_resized\gestures\08_palm_moved\frame_09_08_0023.png,Palm
D:\Downloadf\gestures_resized\gestures\10_down\frame_07_10_0198.png,Palm
D:\Downloadf\gestures_resized\gestures\10_down\frame_07_10_0199.png,Palm
D:\Downloadf\gestures_resized\gestures\08_palm_moved\frame_08_08_0012.png,Palm
D:\Downloadf\gestures_resized\gestures\04_fist_moved\frame_08_04_0186.png,Fist
D:\Downloadf\gestures_resized\gestures\03_fist\frame_08_03_0032.png,Fist
D:\Downloadf\gestures_resized\gestures\01_palm\frame_03_01_0063.png,Palm
D:\Downloadf\gestures_resized\gestures\04_fist_moved\frame_09_04_0017.png,Fist
D:\Downloadf\gestures_resized\gestures\03_fist\frame_00_03_0123.png,Fist
D:\Downloadf\gestures_resized\gestures\08_palm_moved\frame_05_08_0186.png,Palm
D:\Downloadf\gestures_resized\gestures\03_fist\WIN_20260217_22_10_56_Pro (3).jpg,Fist
D:\Downloadf\gestures_resized\gestures\08_palm_moved\frame_00_08_0001.png,Palm
D:\Downloadf\gestures_resized\gestures\08_palm_moved\frame_06_08_0167.png,Palm
D:\Downloadf\gestures_resized\gestures\01_palm\frame_07_01_0018.png,Palm
D:\Downloadf\gestures_resized\gestures\04_fist_moved\WIN_20260217_18_25_14_Pro (2).jpg,Fist
D:\Downloadf\gestures_resized\gestures\03_fist\WIN_20260217_18_15_41_Pro (2).jpg,Fist
D:\Downloadf\gestures_resized\gestures\04_fist_moved\frame_00_04_0139.png,Fist
D:\Downloadf\gestures_resized\gestures\10_down\WIN_20260217_18_19_57_Pro (3).jpg,Palm
D:\Downloadf\gestures_resized\gestures\03_fist\frame_02_03_0041.png,Fist
D:\Downloadf\gestures_resized\gestures\01_palm\WIN_20260217_20_09_21_Pro.jpg,Palm
D:\Downloadf\gestures_resized\gestures\03_fist\frame_01_03_0192.png,Fist
D:\Downloadf\gestures_resized\gestures\03_fist\WIN_20260217_19_15_01_Pro.jpg,Fist
D:\Downloadf\gestures_resized\gestures\01_palm\frame_01_01_0021.png,Palm
D:\Downloadf\gestures_resized\gestures\10_down\WIN_20260217_20_30_28_Pro.jpg,Palm
D:\Downloadf\gestures_resized\gestures\03_fist\frame_05_03_0123.png,Fist
D:\Downloadf\gestures_resized\gestures\10_down\frame_03_10_0192.png,Palm
D:\Downloadf\gestures_resized\gestures\10_down\frame_01_10_0050.png,Palm
D:\Downloadf\gestures_resized\gestures\01_palm\WIN_20260217_21_52_19_Pro (4).jpg,Palm
D:\Downloadf\gestures_resized\gestures\08_palm_moved\frame_06_08_0021.png,Palm
D:\Downloadf\gestures_resized\gestures\02_closeup_fist\WIN_20260220_19_16_05_Pro.jpg,Fist
D:\Downloadf\gestures_resized\gestures\08_palm_moved\WIN_20260217_20_18_56_Pro.jpg,Palm
D:\Downloadf\gestures_resized\gestures\10_down\frame_03_10_0150.png,Palm
D:\Downloadf\gestures_resized\gestures\03_fist\frame_00_03_0161.png,Fist
D:\Downloadf\gestures_resized\gestures\01_palm\WIN_20260217_21_50_27_Pro (2).jpg,Palm
D:\Downloadf\gestures_resized\gestures\01_palm\frame_04_01_0142.png,Palm
D:\Downloadf\gestures_resized\gestures\01_palm\frame_06_01_0166.png,Palm
D:\Downloadf\gestures_resized\gestures\10_down\frame_06_10_0137.png,Palm
D:\Downloadf\gestures_resized\gestures\10_down\frame_02_10_0102.png,Palm
D:\Downloadf\gestures_resized\gestures\10_down\WIN_20260217_20_30_49_Pro (2).jpg,Palm
D:\Downloadf\gestures_resized\gestures\10_down\frame_05_10_0153.png,Palm
D:\Downloadf\gestures_resized\gestures\04_fist_moved\frame_00_04_0174.png,Fist
D:\Downloadf\gestures_resized\gestures\08_palm_moved\frame_06_08_0197.png,Palm
D:\Downloadf\gestures_resized\gestures\01_palm\WIN_20260217_17_23_38_Pro.jpg,Palm
D:\Downloadf\gestures_resized\gestures\01_palm\WIN_20260217_20_01_30_Pro.jpg,Palm
D:\Downloadf\gestures_resized\gestures\03_fist\frame_04_03_0156.png,Fist
D:\Downloadf\gestures_resized\gestures\03_fist\WIN_20260217_20_35_52_Pro.jpg,Fist
D:\Downloadf\gestures_resized\gestures\01_palm\WIN_20260220_00_01_23_Pro.jpg,Palm
D:\Downloadf\gestures_resized\gestures\08_palm_moved\frame_05_08_0189.png,Palm
D:\Downloadf\gestures_resized\gestures\10_down\WIN_20260217_18_17_48_Pro.jpg,Palm
D:\Downloadf\gestures_resized\gestures\10_down\WIN_20260217_20_32_08_Pro.jpg,Palm
D:\Downloadf\gestures_resized\gestures\10_down\WIN_20260217_20_32_07_Pro.jpg,Palm
D:\Downloadf\gestures_resized\gestures\03_fist\frame_08_03_0027.png,Fist
D:\Downloadf\gestures_resized\gestures\03_fist\frame_04_03_0068.png,Fist
D:\Downloadf\gestures_resized\gestures\04_fist_moved\frame_08_04_0192.png,Fist
D:\Downloadf\gestures_resized\gestures\10_down\frame_00_10_0075.png,Palm
D:\Downloadf\gestures_resized\gestures\01_palm\WIN_20260220_00_02_41_Pro (2).jpg,Palm
D:\Downloadf\gestures_resized\gestures\03_fist\Right\frame_09_03_0151.png,Fist
D:\Downloadf\gestures_resized\gestures\08_palm_moved\frame_07_08_0051.png,Palm
D:\Downloadf\gestures_resized\gestures\03_fist\frame_02_03_0196.png,Fist
D:\Downloadf\gestures_resized\gestures\10_down\frame_00_10_0037.png,Palm
D:\Downloadf\gestures_resized\gestures\08_palm_moved\WIN_20260217_22_18_22_Pro (4).jpg,Palm
D:\Downloadf\gestures_resized\gestures\01_palm\WIN_20260220_00_02_35_Pro (4).jpg,Palm
D:\Downloadf\gestures_resized\gestures\01_palm\WIN_20260217_17_31_13_Pro.jpg,Palm
D:\Downloadf\gestures_resized\gestures\10_down\frame_08_10_0037.png,Palm
D:\Downloadf\gestures_resized\gestures\03_fist\frame_00_03_0053.png,Fist
D:\Downloadf\gestures_resized\gestures\03_fist\frame_04_03_0184.png,Fist
D:\Downloadf\gestures_resized\gestures\02_closeup_fist\WIN_20260220_19_16_47_Pro.jpg,Fist
D:\Downloadf\gestures_resized\gestures\03_fist\WIN_20260217_19_12_12_Pro.jpg,Fist
D:\Downloadf\gestures_resized\gestures\03_fist\frame_03_03_0035.png,Fist
D:\Downloadf\gestures_resized\gestures\03_fist\Right\frame_09_03_0044.png,Fist
D:\Downloadf\gestures_resized\gestures\08_palm_moved\frame_06_08_0001.png,Palm
D:\Downloadf\gestures_resized\gestures\10_down\frame_05_10_0009.png,Palm
D:\Downloadf\gestures_resized\gestures\03_fist\frame_09_03_0178.png,Fist
D:\Downloadf\gestures_resized\gestures\01_palm\WIN_20260217_20_12_30_Pro.jpg,Palm
D:\Downloadf\gestures_resized\gestures\10_down\frame_00_10_0088.png,Palm
D:\Downloadf\gestures_resized\gestures\01_palm\WIN_20260217_21_39_12_Pro (2).jpg,Palm
D:\Downloadf\gestures_resized\gestures\03_fist\frame_03_03_0115.png,Fist
D:\Downloadf\gestures_resized\gestures\03_fist\Right\frame_09_03_0015.png,Fist
D:\Downloadf\gestures_resized\gestures\01_palm\frame_03_01_0171.png,Palm
D:\Downloadf\gestures_resized\gestures\03_fist\WIN_20260217_18_01_34_Pro.jpg,Fist
D:\Downloadf\gestures_resized\gestures\02_closeup_fist\WIN_20260220_19_19_28_Pro.jpg,Fist
D:\Downloadf\gestures_resized\gestures\10_down\frame_00_10_0097.png,Palm
D:\Downloadf\gestures_resized\gestures\10_down\frame_08_10_0028.png,Palm
D:\Downloadf\gestures_resized\gestures\10_down\frame_05_10_0037.png,Palm
D:\Downloadf\gestures_resized\gestures\08_palm_moved\frame_08_08_0124.png,Palm
D:\Downloadf\gestures_resized\gestures\03_fist\Right\frame_09_03_0088.png,Fist
D:\Downloadf\gestures_resized\gestures\02_closeup_fist\WIN_20260220_19_17_32_Pro.jpg,Fist
D:\Downloadf\gestures_resized\gestures\01_palm\WIN_20260217_21_52_25_Pro (3).jpg,Palm
D:\Downloadf\gestures_resized\gestures\03_fist\frame_01_03_0133.png,Fist
D:\Downloadf\gestures_resized\gestures\08_palm_moved\WIN_20260217_22_19_36_Pro (2).jpg,Palm
D:\Downloadf\gestures_resized\gestures\03_fist\frame_04_03_0035.png,Fist
D:\Downloadf\gestures_resized\gestures\04_fist_moved\frame_00_04_0039.png,Fist
D:\Downloadf\gestures_resized\gestures\10_down\WIN_20260217_20_31_17_Pro (2).jpg,Palm
D:\Downloadf\gestures_resized\gestures\03_fist\WIN_20260217_22_10_51_Pro (5).jpg,Fist
D:\Downloadf\gestures_resized\gestures\03_fist\frame_00_03_0106.png,Fist
D:\Downloadf\gestures_resized\gestures\10_down\frame_04_10_0017.png,Palm
D:\Downloadf\gestures_resized\gestures\08_palm_moved\frame_07_08_0174.png,Palm
D:\Downloadf\gestures_resized\gestures\01_palm\WIN_20260220_00_03_56_Pro (3).jpg,Palm
D:\Downloadf\gestures_resized\gestures\03_fist\WIN_20260220_00_09_05_Pro.jpg,Fist
D:\Downloadf\gestures_resized\gestures\01_palm\frame_00_01_0168.png,Palm
D:\Downloadf\gestures_resized\gestures\04_fist_moved\frame_00_04_0057.png,Fist
D:\Downloadf\gestures_resized\gestures\03_fist\frame_06_03_0151.png,Fist
D:\Downloadf\gestures_resized\gestures\10_down\WIN_20260217_18_18_30_Pro (2).jpg,Palm
D:\Downloadf\gestures_resized\gestures\10_down\WIN_20260217_18_17_50_Pro.jpg,Palm
D:\Downloadf\gestures_resized\gestures\01_palm\frame_09_01_0161.png,Palm
D:\Downloadf\gestures_resized\gestures\03_fist\frame_04_03_0155.png,Fist
D:\Downloadf\gestures_resized\gestures\08_palm_moved\frame_07_08_0156.png,Palm
D:\Downloadf\gestures_resized\gestures\03_fist\frame_05_03_0138.png,Fist
D:\Downloadf\gestures_resized\gestures\08_palm_moved\frame_06_08_0073.png,Palm
D:\Downloadf\gestures_resized\gestures\03_fist\frame_02_03_0165.png,Fist
D:\Downloadf\gestures_resized\gestures\01_palm\frame_07_01_0044.png,Palm
D:\Downloadf\gestures_resized\gestures\01_palm\WIN_20260217_21_52_19_Pro (2).jpg,Palm
D:\Downloadf\gestures_resized\gestures\04_fist_moved\frame_01_04_0081.png,Fist
D:\Downloadf\gestures_resized\gestures\03_fist\WIN_20260217_19_12_15_Pro (2).jpg,Fist
D:\Downloadf\gestures_resized\gestures\03_fist\WIN_20260220_00_09_16_Pro.jpg,Fist
D:\Downloadf\gestures_resized\gestures\10_down\frame_01_10_0177.png,Palm
D:\Downloadf\gestures_resized\gestures\03_fist\WIN_20260217_19_14_57_Pro (2).jpg,Fist
D:\Downloadf\gestures_resized\gestures\03_fist\WIN_20260220_00_10_11_Pro (2).jpg,Fist
D:\Downloadf\gestures_resized\gestures\01_palm\frame_04_01_0013.png,Palm
D:\Downloadf\gestures_resized\gestures\03_fist\frame_02_03_0062.png,Fist
D:\Downloadf\gestures_resized\gestures\03_fist\frame_05_03_0145.png,Fist
D:\Downloadf\gestures_resized\gestures\10_down\frame_00_10_0029.png,Palm
D:\Downloadf\gestures_resized\gestures\10_down\frame_09_10_0003.png,Palm
D:\Downloadf\gestures_resized\gestures\01_palm\frame_03_01_0194.png,Palm
D:\Downloadf\gestures_resized\gestures\01_palm\frame_08_01_0054.png,Palm
D:\Downloadf\gestures_resized\gestures\03_fist\frame_00_03_0082.png,Fist
D:\Downloadf\gestures_resized\gestures\01_palm\WIN_20260217_21_52_23_Pro (4).jpg,Palm
D:\Downloadf\gestures_resized\gestures\10_down\frame_03_10_0046.png,Palm
D:\Downloadf\gestures_resized\gestures\03_fist\frame_05_03_0135.png,Fist
D:\Downloadf\gestures_resized\gestures\03_fist\frame_02_03_0161.png,Fist
D:\Downloadf\gestures_resized\gestures\04_fist_moved\frame_08_04_0039.png,Fist
D:\Downloadf\gestures_resized\gestures\04_fist_moved\WIN_20260217_22_21_52_Pro (3).jpg,Fist
D:\Downloadf\gestures_resized\gestures\03_fist\frame_02_03_0200.png,Fist
D:\Downloadf\gestures_resized\gestures\01_palm\frame_08_01_0164.png,Palm
D:\Downloadf\gestures_resized\gestures\10_down\frame_00_10_0044.png,Palm
D:\Downloadf\gestures_resized\gestures\03_fist\frame_04_03_0040.png,Fist
D:\Downloadf\gestures_resized\gestures\08_palm_moved\frame_03_08_0149.png,Palm
D:\Downloadf\gestures_resized\gestures\08_palm_moved\frame_09_08_0018.png,Palm
D:\Downloadf\gestures_resized\gestures\03_fist\frame_07_03_0187.png,Fist
D:\Downloadf\gestures_resized\gestures\03_fist\frame_09_03_0180.png,Fist
D:\Downloadf\gestures_resized\gestures\03_fist\frame_03_03_0064.png,Fist
D:\Downloadf\gestures_resized\gestures\10_down\frame_01_10_0169.png,Palm
D:\Downloadf\gestures_resized\gestures\04_fist_moved\frame_06_04_0192.png,Fist
D:\Downloadf\gestures_resized\gestures\04_fist_moved\frame_02_04_0200.png,Fist
D:\Downloadf\gestures_resized\gestures\04_fist_moved\frame_09_04_0088.png,Fist
D:\Downloadf\gestures_resized\gestures\08_palm_moved\frame_06_08_0080.png,Palm
D:\Downloadf\gestures_resized\gestures\10_down\frame_03_10_0125.png,Palm
D:\Downloadf\gestures_resized\gestures\03_fist\frame_05_03_0054.png,Fist
D:\Downloadf\gestures_resized\gestures\08_palm_moved\frame_09_08_0007.png,Palm
D:\Downloadf\gestures_resized\gestures\04_fist_moved\frame_03_04_0069.png,Fist
D:\Downloadf\gestures_resized\gestures\01_palm\frame_09_01_0159.png,Palm
D:\Downloadf\gestures_resized\gestures\03_fist\frame_01_03_0095.png,Fist
D:\Downloadf\gestures_resized\gestures\03_fist\frame_08_03_0079.png,Fist
D:\Downloadf\gestures_resized\gestures\08_palm_moved\WIN_20260217_22_19_37_Pro (3).jpg,Palm
D:\Downloadf\gestures_resized\gestures\03_fist\frame_03_03_0164.png,Fist
D:\Downloadf\gestures_resized\gestures\03_fist\frame_07_03_0002.png,Fist
D:\Downloadf\gestures_resized\gestures\03_fist\frame_04_03_0111.png,Fist
D:\Downloadf\gestures_resized\gestures\03_fist\frame_03_03_0045.png,Fist
D:\Downloadf\gestures_resized\gestures\04_fist_moved\frame_04_04_0002.png,Fist
D:\Downloadf\gestures_resized\gestures\10_down\frame_07_10_0015.png,Palm
D:\Downloadf\gestures_resized\gestures\03_fist\frame_06_03_0002.png,Fist
D:\Downloadf\gestures_resized\gestures\10_down\frame_03_10_0128.png,Palm
D:\Downloadf\gestures_resized\gestures\03_fist\frame_06_03_0107.png,Fist
D:\Downloadf\gestures_resized\gestures\03_fist\frame_02_03_0035.png,Fist
D:\Downloadf\gestures_resized\gestures\03_fist\WIN_20260217_18_01_29_Pro.jpg,Fist
D:\Downloadf\gestures_resized\gestures\03_fist\frame_03_03_0005.png,Fist
D:\Downloadf\gestures_resized\gestures\03_fist\frame_00_03_0200.png,Fist
D:\Downloadf\gestures_resized\gestures\04_fist_moved\WIN_20260217_20_44_08_Pro.jpg,Fist
D:\Downloadf\gestures_resized\gestures\10_down\frame_04_10_0007.png,Palm
D:\Downloadf\gestures_resized\gestures\01_palm\frame_05_01_0126.png,Palm
D:\Downloadf\gestures_resized\gestures\03_fist\WIN_20260217_20_36_57_Pro.jpg,Fist
D:\Downloadf\gestures_resized\gestures\03_fist\frame_07_03_0034.png,Fist
D:\Downloadf\gestures_resized\gestures\03_fist\WIN_20260217_18_15_31_Pro (2).jpg,Fist
D:\Downloadf\gestures_resized\gestures\04_fist_moved\frame_01_04_0016.png,Fist
D:\Downloadf\gestures_resized\gestures\03_fist\WIN_20260217_22_04_30_Pro.jpg,Fist
D:\Downloadf\gestures_resized\gestures\03_fist\frame_09_03_0187.png,Fist
D:\Downloadf\gestures_resized\gestures\03_fist\frame_03_03_0038.png,Fist
D:\Downloadf\gestures_resized\gestures\03_fist\WIN_20260217_22_05_02_Pro (5).jpg,Fist
D:\Downloadf\gestures_resized\gestures\08_palm_moved\WIN_20260217_18_35_53_Pro (3).jpg,Palm
D:\Downloadf\gestures_resized\gestures\10_down\frame_00_10_0116.png,Palm
D:\Downloadf\gestures_resized\gestures\04_fist_moved\WIN_20260217_22_21_59_Pro (2).jpg,Fist
D:\Downloadf\gestures_resized\gestures\08_palm_moved\frame_06_08_0007.png,Palm
D:\Downloadf\gestures_resized\gestures\01_palm\frame_00_01_0034.png,Palm
D:\Downloadf\gestures_resized\gestures\03_fist\frame_05_03_0020.png,Fist
D:\Downloadf\gestures_resized\gestures\03_fist\frame_00_03_0148.png,Fist
D:\Downloadf\gestures_resized\gestures\10_down\frame_02_10_0193.png,Palm
D:\Downloadf\gestures_resized\gestures\10_down\frame_05_10_0136.png,Palm
D:\Downloadf\gestures_resized\gestures\03_fist\frame_09_03_0137.png,Fist
D:\Downloadf\gestures_resized\gestures\03_fist\frame_02_03_0025.png,Fist
D:\Downloadf\gestures_resized\gestures\01_palm\WIN_20260217_17_31_14_Pro (2).jpg,Palm
D:\Downloadf\gestures_resized\gestures\04_fist_moved\frame_00_04_0053.png,Fist
D:\Downloadf\gestures_resized\gestures\03_fist\frame_01_03_0089.png,Fist
D:\Downloadf\gestures_resized\gestures\04_fist_moved\frame_04_04_0018.png,Fist
D:\Downloadf\gestures_resized\gestures\03_fist\frame_03_03_0076.png,Fist
D:\Downloadf\gestures_resized\gestures\01_palm\WIN_20260217_20_08_39_Pro.jpg,Palm
D:\Downloadf\gestures_resized\gestures\03_fist\frame_07_03_0024.png,Fist
D:\Downloadf\gestures_resized\gestures\01_palm\WIN_20260220_00_04_07_Pro (2).jpg,Palm
D:\Downloadf\gestures_resized\gestures\08_palm_moved\frame_02_08_0012.png,Palm
D:\Downloadf\gestures_resized\gestures\08_palm_moved\WIN_20260217_20_19_02_Pro.jpg,Palm
D:\Downloadf\gestures_resized\gestures\04_fist_moved\WIN_20260217_18_23_23_Pro.jpg,Fist
D:\Downloadf\gestures_resized\gestures\03_fist\WIN_20260217_20_34_37_Pro.jpg,Fist
D:\Downloadf\gestures_resized\gestures\01_palm\WIN_20260220_00_03_06_Pro.jpg,Palm
D:\Downloadf\gestures_resized\gestures\03_fist\frame_04_03_0186.png,Fist
D:\Downloadf\gestures_resized\gestures\01_palm\WIN_20260217_21_39_12_Pro (3).jpg,Palm
D:\Downloadf\gestures_resized\gestures\08_palm_moved\frame_08_08_0189.png,Palm
D:\Downloadf\gestures_resized\gestures\10_down\frame_01_10_0170.png,Palm
D:\Downloadf\gestures_resized\gestures\04_fist_moved\frame_07_04_0151.png,Fist
D:\Downloadf\gestures_resized\gestures\10_down\WIN_20260217_18_17_51_Pro.jpg,Palm
D:\Downloadf\gestures_resized\gestures\01_palm\frame_05_01_0179.png,Palm
D:\Downloadf\gestures_resized\gestures\01_palm\frame_02_01_0003.png,Palm
D:\Downloadf\gestures_resized\gestures\03_fist\frame_09_03_0107.png,Fist
D:\Downloadf\gestures_resized\gestures\03_fist\frame_05_03_0185.png,Fist
D:\Downloadf\gestures_resized\gestures\04_fist_moved\WIN_20260217_18_24_47_Pro.jpg,Fist
D:\Downloadf\gestures_resized\gestures\03_fist\frame_04_03_0090.png,Fist
D:\Downloadf\gestures_resized\gestures\01_palm\WIN_20260220_00_03_22_Pro.jpg,Palm
D:\Downloadf\gestures_resized\gestures\03_fist\frame_09_03_0176.png,Fist
D:\Downloadf\gestures_resized\gestures\01_palm\WIN_20260217_21_52_11_Pro (2).jpg,Palm
D:\Downloadf\gestures_resized\gestures\04_fist_moved\frame_04_04_0027.png,Fist
D:\Downloadf\gestures_resized\gestures\03_fist\frame_01_03_0054.png,Fist
D:\Downloadf\gestures_resized\gestures\02_closeup_fist\WIN_20260220_19_18_55_Pro.jpg,Fist
D:\Downloadf\gestures_resized\gestures\01_palm\WIN_20260217_17_30_52_Pro.jpg,Palm
D:\Downloadf\gestures_resized\gestures\03_fist\frame_06_03_0118.png,Fist
D:\Downloadf\gestures_resized\gestures\03_fist\WIN_20260220_00_10_11_Pro.jpg,Fist
D:\Downloadf\gestures_resized\gestures\03_fist\WIN_20260217_18_15_36_Pro (2).jpg,Fist
D:\Downloadf\gestures_resized\gestures\04_fist_moved\frame_01_04_0008.png,Fist
D:\Downloadf\gestures_resized\gestures\08_palm_moved\frame_06_08_0159.png,Palm
D:\Downloadf\gestures_resized\gestures\03_fist\frame_04_03_0082.png,Fist
D:\Downloadf\gestures_resized\gestures\04_fist_moved\frame_09_04_0090.png,Fist
D:\Downloadf\gestures_resized\gestures\01_palm\frame_01_01_0040.png,Palm
D:\Downloadf\gestures_resized\gestures\10_down\frame_02_10_0098.png,Palm
D:\Downloadf\gestures_resized\gestures\03_fist\WIN_20260217_20_37_28_Pro.jpg,Fist
D:\Downloadf\gestures_resized\gestures\03_fist\WIN_20260220_00_09_53_Pro.jpg,Fist
D:\Downloadf\gestures_resized\gestures\01_palm\frame_02_01_0071.png,Palm
D:\Downloadf\gestures_resized\gestures\04_fist_moved\WIN_20260217_20_46_39_Pro.jpg,Fist
D:\Downloadf\gestures_resized\gestures\01_palm\WIN_20260217_21_52_29_Pro (5).jpg,Palm
D:\Downloadf\gestures_resized\gestures\03_fist\frame_05_03_0120.png,Fist
D:\Downloadf\gestures_resized\gestures\03_fist\frame_09_03_0142.png,Fist
D:\Downloadf\gestures_resized\gestures\08_palm_moved\frame_00_08_0141.png,Palm
D:\Downloadf\gestures_resized\gestures\04_fist_moved\WIN_20260217_22_23_38_Pro (2).jpg,Fist
D:\Downloadf\gestures_resized\gestures\01_palm\frame_06_01_0006.png,Palm
D:\Downloadf\gestures_resized\gestures\04_fist_moved\frame_06_04_0006.png,Fist
D:\Downloadf\gestures_resized\gestures\10_down\frame_02_10_0099.png,Palm
D:\Downloadf\gestures_resized\gestures\08_palm_moved\frame_07_08_0059.png,Palm
D:\Downloadf\gestures_resized\gestures\08_palm_moved\frame_07_08_0012.png,Palm
D:\Downloadf\gestures_resized\gestures\10_down\WIN_20260217_18_18_25_Pro (3).jpg,Palm
D:\Downloadf\gestures_resized\gestures\03_fist\frame_00_03_0048.png,Fist
D:\Downloadf\gestures_resized\gestures\03_fist\frame_06_03_0190.png,Fist
D:\Downloadf\gestures_resized\gestures\08_palm_moved\WIN_20260217_18_33_11_Pro (3).jpg,Palm
D:\Downloadf\gestures_resized\gestures\08_palm_moved\WIN_20260217_22_19_39_Pro (3).jpg,Palm
D:\Downloadf\gestures_resized\gestures\03_fist\frame_02_03_0171.png,Fist
D:\Downloadf\gestures_resized\gestures\04_fist_moved\frame_05_04_0019.png,Fist
D:\Downloadf\gestures_resized\gestures\08_palm_moved\WIN_20260217_18_32_56_Pro (2).jpg,Palm
D:\Downloadf\gestures_resized\gestures\01_palm\WIN_20260217_17_32_24_Pro.jpg,Palm
D:\Downloadf\gestures_resized\gestures\03_fist\frame_09_03_0120.png,Fist
D:\Downloadf\gestures_resized\gestures\01_palm\WIN_20260217_17_23_13_Pro.jpg,Palm
D:\Downloadf\gestures_resized\gestures\01_palm\frame_07_01_0055.png,Palm
D:\Downloadf\gestures_resized\gestures\03_fist\frame_06_03_0154.png,Fist
D:\Downloadf\gestures_resized\gestures\01_palm\frame_04_01_0114.png,Palm
D:\Downloadf\gestures_resized\gestures\10_down\frame_05_10_0039.png,Palm
D:\Downloadf\gestures_resized\gestures\08_palm_moved\frame_01_08_0041.png,Palm
D:\Downloadf\gestures_resized\gestures\08_palm_moved\frame_01_08_0034.png,Palm
D:\Downloadf\gestures_resized\gestures\03_fist\frame_05_03_0030.png,Fist
D:\Downloadf\gestures_resized\gestures\10_down\frame_01_10_0198.png,Palm
D:\Downloadf\gestures_resized\gestures\10_down\frame_06_10_0085.png,Palm
D:\Downloadf\gestures_resized\gestures\01_palm\frame_08_01_0053.png,Palm
D:\Downloadf\gestures_resized\gestures\03_fist\WIN_20260217_22_11_03_Pro (2).jpg,Fist
D:\Downloadf\gestures_resized\gestures\03_fist\frame_09_03_0070.png,Fist
D:\Downloadf\gestures_resized\gestures\01_palm\WIN_20260217_17_25_04_Pro.jpg,Palm
D:\Downloadf\gestures_resized\gestures\01_palm\frame_06_01_0116.png,Palm
D:\Downloadf\gestures_resized\gestures\01_palm\WIN_20260217_17_23_08_Pro.jpg,Palm
D:\Downloadf\gestures_resized\gestures\04_fist_moved\WIN_20260217_22_21_43_Pro.jpg,Fist
D:\Downloadf\gestures_resized\gestures\03_fist\frame_02_03_0077.png,Fist
D:\Downloadf\gestures_resized\gestures\03_fist\frame_09_03_0085.png,Fist
D:\Downloadf\gestures_resized\gestures\03_fist\Right\frame_09_03_0099.png,Fist
D:\Downloadf\gestures_resized\gestures\08_palm_moved\WIN_20260217_22_19_42_Pro (2).jpg,Palm
D:\Downloadf\gestures_resized\gestures\01_palm\WIN_20260217_17_31_22_Pro.jpg,Palm
D:\Downloadf\gestures_resized\gestures\04_fist_moved\frame_02_04_0015.png,Fist
D:\Downloadf\gestures_resized\gestures\08_palm_moved\frame_05_08_0178.png,Palm
D:\Downloadf\gestures_resized\gestures\04_fist_moved\frame_08_04_0054.png,Fist
D:\Downloadf\gestures_resized\gestures\03_fist\WIN_20260217_18_15_46_Pro.jpg,Fist
D:\Downloadf\gestures_resized\gestures\01_palm\frame_05_01_0071.png,Palm
D:\Downloadf\gestures_resized\gestures\10_down\WIN_20260217_18_18_09_Pro (2).jpg,Palm
D:\Downloadf\gestures_resized\gestures\08_palm_moved\frame_04_08_0040.png,Palm
D:\Downloadf\gestures_resized\gestures\03_fist\frame_00_03_0187.png,Fist
D:\Downloadf\gestures_resized\gestures\01_palm\WIN_20260217_21_50_32_Pro.jpg,Palm
D:\Downloadf\gestures_resized\gestures\10_down\frame_06_10_0018.png,Palm
D:\Downloadf\gestures_resized\gestures\01_palm\WIN_20260220_00_03_35_Pro.jpg,Palm
D:\Downloadf\gestures_resized\gestures\08_palm_moved\WIN_20260217_22_18_15_Pro (2).jpg,Palm
D:\Downloadf\gestures_resized\gestures\10_down\frame_00_10_0113.png,Palm
D:\Downloadf\gestures_resized\gestures\10_down\frame_09_10_0033.png,Palm
D:\Downloadf\gestures_resized\gestures\03_fist\frame_05_03_0155.png,Fist
D:\Downloadf\gestures_resized\gestures\03_fist\WIN_20260220_00_09_39_Pro.jpg,Fist
D:\Downloadf\gestures_resized\gestures\04_fist_moved\frame_09_04_0037.png,Fist
D:\Downloadf\gestures_resized\gestures\04_fist_moved\frame_00_04_0182.png,Fist
D:\Downloadf\gestures_resized\gestures\10_down\frame_07_10_0158.png,Palm
D:\Downloadf\gestures_resized\gestures\01_palm\frame_05_01_0140.png,Palm
D:\Downloadf\gestures_resized\gestures\08_palm_moved\frame_07_08_0016.png,Palm
D:\Downloadf\gestures_resized\gestures\08_palm_moved\frame_07_08_0047.png,Palm
D:\Downloadf\gestures_resized\gestures\01_palm\frame_07_01_0034.png,Palm
D:\Downloadf\gestures_resized\gestures\03_fist\WIN_20260217_22_04_37_Pro (3).jpg,Fist
D:\Downloadf\gestures_resized\gestures\01_palm\frame_05_01_0015.png,Palm
D:\Downloadf\gestures_resized\gestures\03_fist\frame_06_03_0105.png,Fist
D:\Downloadf\gestures_resized\gestures\10_down\frame_07_10_0002.png,Palm
D:\Downloadf\gestures_resized\gestures\03_fist\frame_02_03_0018.png,Fist
D:\Downloadf\gestures_resized\gestures\03_fist\frame_07_03_0085.png,Fist
D:\Downloadf\gestures_resized\gestures\08_palm_moved\WIN_20260217_18_35_05_Pro.jpg,Palm
D:\Downloadf\gestures_resized\gestures\03_fist\frame_03_03_0144.png,Fist
D:\Downloadf\gestures_resized\gestures\03_fist\WIN_20260217_20_38_34_Pro.jpg,Fist
D:\Downloadf\gestures_resized\gestures\03_fist\WIN_20260217_19_14_56_Pro.jpg,Fist
D:\Downloadf\gestures_resized\gestures\01_palm\frame_05_01_0013.png,Palm
D:\Downloadf\gestures_resized\gestures\01_palm\WIN_20260217_21_50_43_Pro.jpg,Palm
D:\Downloadf\gestures_resized\gestures\04_fist_moved\frame_03_04_0167.png,Fist
D:\Downloadf\gestures_resized\gestures\03_fist\frame_06_03_0169.png,Fist
D:\Downloadf\gestures_resized\gestures\03_fist\WIN_20260217_22_04_48_Pro (4).jpg,Fist
D:\Downloadf\gestures_resized\gestures\04_fist_moved\frame_05_04_0060.png,Fist
D:\Downloadf\gestures_resized\gestures\03_fist\frame_01_03_0100.png,Fist
D:\Downloadf\gestures_resized\gestures\08_palm_moved\frame_09_08_0099.png,Palm
D:\Downloadf\gestures_resized\gestures\08_palm_moved\frame_06_08_0008.png,Palm
D:\Downloadf\gestures_resized\gestures\04_fist_moved\frame_05_04_0162.png,Fist
D:\Downloadf\gestures_resized\gestures\03_fist\frame_09_03_0008.png,Fist
D:\Downloadf\gestures_resized\gestures\10_down\frame_01_10_0180.png,Palm
D:\Downloadf\gestures_resized\gestures\03_fist\frame_08_03_0104.png,Fist
D:\Downloadf\gestures_resized\gestures\08_palm_moved\frame_06_08_0017.png,Palm
D:\Downloadf\gestures_resized\gestures\08_palm_moved\WIN_20260217_18_33_03_Pro (2).jpg,Palm
D:\Downloadf\gestures_resized\gestures\08_palm_moved\WIN_20260217_20_20_38_Pro.jpg,Palm
D:\Downloadf\gestures_resized\gestures\10_down\WIN_20260217_18_17_46_Pro.jpg,Palm
D:\Downloadf\gestures_resized\gestures\03_fist\frame_08_03_0186.png,Fist
D:\Downloadf\gestures_resized\gestures\08_palm_moved\WIN_20260217_18_35_48_Pro.jpg,Palm
D:\Downloadf\gestures_resized\gestures\03_fist\WIN_20260217_22_04_57_Pro.jpg,Fist
D:\Downloadf\gestures_resized\gestures\03_fist\frame_04_03_0148.png,Fist
D:\Downloadf\gestures_resized\gestures\01_palm\frame_00_01_0157.png,Palm
D:\Downloadf\gestures_resized\gestures\03_fist\frame_05_03_0172.png,Fist
D:\Downloadf\gestures_resized\gestures\03_fist\Right\frame_09_03_0113.png,Fist
D:\Downloadf\gestures_resized\gestures\03_fist\frame_08_03_0139.png,Fist
D:\Downloadf\gestures_resized\gestures\03_fist\frame_04_03_0038.png,Fist
D:\Downloadf\gestures_resized\gestures\01_palm\frame_02_01_0073.png,Palm
D:\Downloadf\gestures_resized\gestures\04_fist_moved\frame_01_04_0094.png,Fist
D:\Downloadf\gestures_resized\gestures\03_fist\frame_05_03_0094.png,Fist
D:\Downloadf\gestures_resized\gestures\01_palm\frame_01_01_0027.png,Palm
D:\Downloadf\gestures_resized\gestures\01_palm\WIN_20260217_20_10_12_Pro.jpg,Palm
D:\Downloadf\gestures_resized\gestures\10_down\WIN_20260217_18_18_27_Pro.jpg,Palm
D:\Downloadf\gestures_resized\gestures\08_palm_moved\frame_03_08_0034.png,Palm
D:\Downloadf\gestures_resized\gestures\04_fist_moved\WIN_20260217_22_22_04_Pro (2).jpg,Fist
D:\Downloadf\gestures_resized\gestures\08_palm_moved\frame_08_08_0186.png,Palm
D:\Downloadf\gestures_resized\gestures\08_palm_moved\frame_06_08_0185.png,Palm
D:\Downloadf\gestures_resized\gestures\02_closeup_fist\WIN_20260220_19_15_35_Pro.jpg,Fist
D:\Downloadf\gestures_resized\gestures\03_fist\frame_02_03_0009.png,Fist
D:\Downloadf\gestures_resized\gestures\03_fist\frame_02_03_0087.png,Fist
D:\Downloadf\gestures_resized\gestures\01_palm\frame_02_01_0189.png,Palm
D:\Downloadf\gestures_resized\gestures\03_fist\frame_09_03_0005.png,Fist
D:\Downloadf\gestures_resized\gestures\04_fist_moved\WIN_20260217_20_43_52_Pro.jpg,Fist
D:\Downloadf\gestures_resized\gestures\01_palm\WIN_20260217_21_52_21_Pro.jpg,Palm
D:\Downloadf\gestures_resized\gestures\08_palm_moved\frame_01_08_0177.png,Palm
D:\Downloadf\gestures_resized\gestures\08_palm_moved\frame_04_08_0148.png,Palm
D:\Downloadf\gestures_resized\gestures\08_palm_moved\frame_09_08_0129.png,Palm
D:\Downloadf\gestures_resized\gestures\03_fist\Right\frame_09_03_0078.png,Fist
D:\Downloadf\gestures_resized\gestures\01_palm\frame_09_01_0156.png,Palm
D:\Downloadf\gestures_resized\gestures\03_fist\WIN_20260220_00_06_51_Pro (2).jpg,Fist
D:\Downloadf\gestures_resized\gestures\04_fist_moved\frame_07_04_0019.png,Fist
D:\Downloadf\gestures_resized\gestures\08_palm_moved\frame_05_08_0071.png,Palm
D:\Downloadf\gestures_resized\gestures\10_down\frame_03_10_0138.png,Palm
D:\Downloadf\gestures_resized\gestures\03_fist\frame_05_03_0127.png,Fist
D:\Downloadf\gestures_resized\gestures\10_down\frame_08_10_0185.png,Palm
D:\Downloadf\gestures_resized\gestures\10_down\frame_05_10_0180.png,Palm
D:\Downloadf\gestures_resized\gestures\03_fist\WIN_20260217_18_01_51_Pro.jpg,Fist
D:\Downloadf\gestures_resized\gestures\03_fist\WIN_20260217_18_02_50_Pro.jpg,Fist
D:\Downloadf\gestures_resized\gestures\10_down\frame_09_10_0126.png,Palm
D:\Downloadf\gestures_resized\gestures\03_fist\frame_04_03_0114.png,Fist
D:\Downloadf\gestures_resized\gestures\04_fist_moved\WIN_20260217_20_42_39_Pro.jpg,Fist
D:\Downloadf\gestures_resized\gestures\03_fist\WIN_20260217_18_02_14_Pro.jpg,Fist
D:\Downloadf\gestures_resized\gestures\03_fist\frame_02_03_0152.png,Fist
D:\Downloadf\gestures_resized\gestures\10_down\WIN_20260217_18_19_44_Pro (2).jpg,Palm
D:\Downloadf\gestures_resized\gestures\08_palm_moved\frame_04_08_0029.png,Palm
D:\Downloadf\gestures_resized\gestures\01_palm\frame_01_01_0057.png,Palm
D:\Downloadf\gestures_resized\gestures\04_fist_moved\frame_07_04_0180.png,Fist
D:\Downloadf\gestures_resized\gestures\08_palm_moved\frame_06_08_0085.png,Palm
D:\Downloadf\gestures_resized\gestures\01_palm\frame_01_01_0032.png,Palm
D:\Downloadf\gestures_resized\gestures\10_down\frame_03_10_0015.png,Palm
D:\Downloadf\gestures_resized\gestures\01_palm\frame_08_01_0055.png,Palm
D:\Downloadf\gestures_resized\gestures\02_closeup_fist\WIN_20260220_19_16_16_Pro.jpg,Fist
D:\Downloadf\gestures_resized\gestures\04_fist_moved\frame_00_04_0037.png,Fist
D:\Downloadf\gestures_resized\gestures\08_palm_moved\frame_02_08_0046.png,Palm
D:\Downloadf\gestures_resized\gestures\01_palm\frame_09_01_0197.png,Palm
D:\Downloadf\gestures_resized\gestures\10_down\frame_00_10_0093.png,Palm
D:\Downloadf\gestures_resized\gestures\03_fist\WIN_20260217_19_14_55_Pro (2).jpg,Fist
D:\Downloadf\gestures_resized\gestures\04_fist_moved\frame_06_04_0152.png,Fist
D:\Downloadf\gestures_resized\gestures\01_palm\WIN_20260217_21_27_35_Pro (2).jpg,Palm
D:\Downloadf\gestures_resized\gestures\08_palm_moved\frame_08_08_0064.png,Palm
D:\Downloadf\gestures_resized\gestures\03_fist\WIN_20260217_22_11_05_Pro.jpg,Fist
D:\Downloadf\gestures_resized\gestures\10_down\frame_04_10_0162.png,Palm
D:\Downloadf\gestures_resized\gestures\10_down\frame_09_10_0141.png,Palm
D:\Downloadf\gestures_resized\gestures\01_palm\frame_03_01_0005.png,Palm
D:\Downloadf\gestures_resized\gestures\03_fist\frame_07_03_0155.png,Fist
D:\Downloadf\gestures_resized\gestures\10_down\frame_08_10_0154.png,Palm
D:\Downloadf\gestures_resized\gestures\10_down\frame_01_10_0186.png,Palm
D:\Downloadf\gestures_resized\gestures\01_palm\frame_05_01_0031.png,Palm
D:\Downloadf\gestures_resized\gestures\08_palm_moved\frame_04_08_0157.png,Palm
D:\Downloadf\gestures_resized\gestures\03_fist\frame_07_03_0039.png,Fist
D:\Downloadf\gestures_resized\gestures\03_fist\WIN_20260217_19_12_35_Pro.jpg,Fist
D:\Downloadf\gestures_resized\gestures\03_fist\WIN_20260217_20_36_08_Pro.jpg,Fist
D:\Downloadf\gestures_resized\gestures\04_fist_moved\WIN_20260217_20_44_29_Pro.jpg,Fist
D:\Downloadf\gestures_resized\gestures\01_palm\frame_03_01_0081.png,Palm
D:\Downloadf\gestures_resized\gestures\03_fist\WIN_20260217_18_01_49_Pro.jpg,Fist
D:\Downloadf\gestures_resized\gestures\10_down\frame_00_10_0069.png,Palm
D:\Downloadf\gestures_resized\gestures\04_fist_moved\frame_08_04_0172.png,Fist
D:\Downloadf\gestures_resized\gestures\08_palm_moved\frame_09_08_0118.png,Palm
D:\Downloadf\gestures_resized\gestures\03_fist\frame_04_03_0096.png,Fist
D:\Downloadf\gestures_resized\gestures\03_fist\frame_05_03_0198.png,Fist
D:\Downloadf\gestures_resized\gestures\03_fist\frame_04_03_0098.png,Fist
D:\Downloadf\gestures_resized\gestures\03_fist\frame_08_03_0118.png,Fist
D:\Downloadf\gestures_resized\gestures\03_fist\frame_06_03_0050.png,Fist
D:\Downloadf\gestures_resized\gestures\03_fist\WIN_20260217_19_13_46_Pro.jpg,Fist
D:\Downloadf\gestures_resized\gestures\08_palm_moved\frame_08_08_0011.png,Palm
D:\Downloadf\gestures_resized\gestures\03_fist\frame_07_03_0128.png,Fist
D:\Downloadf\gestures_resized\gestures\04_fist_moved\WIN_20260217_18_23_29_Pro.jpg,Fist
D:\Downloadf\gestures_resized\gestures\10_down\frame_06_10_0155.png,Palm
D:\Downloadf\gestures_resized\gestures\03_fist\WIN_20260217_22_04_37_Pro (5).jpg,Fist
D:\Downloadf\gestures_resized\gestures\04_fist_moved\frame_01_04_0082.png,Fist
D:\Downloadf\gestures_resized\gestures\08_palm_moved\frame_04_08_0001.png,Palm
D:\Downloadf\gestures_resized\gestures\10_down\frame_01_10_0188.png,Palm
D:\Downloadf\gestures_resized\gestures\03_fist\WIN_20260217_22_05_05_Pro (2).jpg,Fist
D:\Downloadf\gestures_resized\gestures\10_down\WIN_20260217_20_30_56_Pro (2).jpg,Palm
D:\Downloadf\gestures_resized\gestures\10_down\frame_03_10_0152.png,Palm
D:\Downloadf\gestures_resized\gestures\08_palm_moved\frame_08_08_0016.png,Palm
D:\Downloadf\gestures_resized\gestures\08_palm_moved\WIN_20260217_18_35_12_Pro (2).jpg,Palm
D:\Downloadf\gestures_resized\gestures\03_fist\frame_03_03_0094.png,Fist
D:\Downloadf\gestures_resized\gestures\01_palm\WIN_20260217_21_52_00_Pro.jpg,Palm
D:\Downloadf\gestures_resized\gestures\03_fist\frame_00_03_0080.png,Fist
D:\Downloadf\gestures_resized\gestures\01_palm\frame_05_01_0016.png,Palm
D:\Downloadf\gestures_resized\gestures\03_fist\frame_06_03_0106.png,Fist
D:\Downloadf\gestures_resized\gestures\01_palm\frame_00_01_0166.png,Palm
D:\Downloadf\gestures_resized\gestures\10_down\frame_07_10_0023.png,Palm
D:\Downloadf\gestures_resized\gestures\04_fist_moved\WIN_20260217_20_46_35_Pro.jpg,Fist
D:\Downloadf\gestures_resized\gestures\03_fist\frame_08_03_0077.png,Fist
D:\Downloadf\gestures_resized\gestures\10_down\frame_07_10_0191.png,Palm
D:\Downloadf\gestures_resized\gestures\03_fist\WIN_20260220_00_07_09_Pro (2).jpg,Fist
D:\Downloadf\gestures_resized\gestures\08_palm_moved\frame_02_08_0040.png,Palm
D:\Downloadf\gestures_resized\gestures\03_fist\WIN_20260217_20_35_55_Pro.jpg,Fist
D:\Downloadf\gestures_resized\gestures\03_fist\frame_08_03_0183.png,Fist
D:\Downloadf\gestures_resized\gestures\03_fist\frame_08_03_0074.png,Fist
D:\Downloadf\gestures_resized\gestures\10_down\WIN_20260217_20_31_00_Pro.jpg,Palm
D:\Downloadf\gestures_resized\gestures\08_palm_moved\frame_07_08_0007.png,Palm
D:\Downloadf\gestures_resized\gestures\08_palm_moved\frame_02_08_0036.png,Palm
D:\Downloadf\gestures_resized\gestures\01_palm\WIN_20260217_20_08_42_Pro.jpg,Palm
D:\Downloadf\gestures_resized\gestures\01_palm\WIN_20260217_20_12_31_Pro.jpg,Palm
D:\Downloadf\gestures_resized\gestures\01_palm\WIN_20260220_00_03_23_Pro (3).jpg,Palm
D:\Downloadf\gestures_resized\gestures\10_down\WIN_20260217_18_20_45_Pro (3).jpg,Palm
D:\Downloadf\gestures_resized\gestures\03_fist\WIN_20260217_18_02_58_Pro.jpg,Fist
D:\Downloadf\gestures_resized\gestures\03_fist\frame_00_03_0109.png,Fist
D:\Downloadf\gestures_resized\gestures\01_palm\frame_02_01_0199.png,Palm
D:\Downloadf\gestures_resized\gestures\03_fist\WIN_20260217_20_37_11_Pro.jpg,Fist
D:\Downloadf\gestures_resized\gestures\03_fist\frame_07_03_0100.png,Fist
D:\Downloadf\gestures_resized\gestures\03_fist\frame_09_03_0021.png,Fist
D:\Downloadf\gestures_resized\gestures\08_palm_moved\WIN_20260217_22_14_37_Pro.jpg,Palm
D:\Downloadf\gestures_resized\gestures\10_down\frame_02_10_0180.png,Palm
D:\Downloadf\gestures_resized\gestures\03_fist\frame_05_03_0126.png,Fist
D:\Downloadf\gestures_resized\gestures\03_fist\WIN_20260217_18_02_42_Pro.jpg,Fist
D:\Downloadf\gestures_resized\gestures\04_fist_moved\frame_09_04_0174.png,Fist
D:\Downloadf\gestures_resized\gestures\10_down\frame_08_10_0025.png,Palm
D:\Downloadf\gestures_resized\gestures\01_palm\WIN_20260217_20_07_01_Pro.jpg,Palm
D:\Downloadf\gestures_resized\gestures\03_fist\frame_03_03_0122.png,Fist
D:\Downloadf\gestures_resized\gestures\10_down\frame_00_10_0188.png,Palm
D:\Downloadf\gestures_resized\gestures\10_down\frame_00_10_0020.png,Palm
D:\Downloadf\gestures_resized\gestures\01_palm\WIN_20260217_21_39_07_Pro.jpg,Palm
D:\Downloadf\gestures_resized\gestures\03_fist\frame_02_03_0134.png,Fist
D:\Downloadf\gestures_resized\gestures\08_palm_moved\frame_06_08_0062.png,Palm
D:\Downloadf\gestures_resized\gestures\10_down\frame_06_10_0186.png,Palm
D:\Downloadf\gestures_resized\gestures\08_palm_moved\frame_00_08_0188.png,Palm
D:\Downloadf\gestures_resized\gestures\03_fist\frame_04_03_0104.png,Fist
D:\Downloadf\gestures_resized\gestures\01_palm\frame_04_01_0028.png,Palm
D:\Downloadf\gestures_resized\gestures\03_fist\WIN_20260217_22_04_30_Pro (3).jpg,Fist
D:\Downloadf\gestures_resized\gestures\03_fist\frame_07_03_0193.png,Fist
D:\Downloadf\gestures_resized\gestures\08_palm_moved\WIN_20260217_18_32_54_Pro (2).jpg,Palm
D:\Downloadf\gestures_resized\gestures\01_palm\WIN_20260217_20_01_46_Pro.jpg,Palm
D:\Downloadf\gestures_resized\gestures\03_fist\frame_06_03_0108.png,Fist
D:\Downloadf\gestures_resized\gestures\08_palm_moved\frame_09_08_0036.png,Palm
D:\Downloadf\gestures_resized\gestures\04_fist_moved\WIN_20260217_18_23_43_Pro (2).jpg,Fist
D:\Downloadf\gestures_resized\gestures\03_fist\frame_04_03_0020.png,Fist
D:\Downloadf\gestures_resized\gestures\10_down\WIN_20260217_20_31_57_Pro (2).jpg,Palm
D:\Downloadf\gestures_resized\gestures\01_palm\WIN_20260220_00_02_05_Pro.jpg,Palm
D:\Downloadf\gestures_resized\gestures\10_down\frame_08_10_0160.png,Palm
D:\Downloadf\gestures_resized\gestures\01_palm\frame_06_01_0010.png,Palm
D:\Downloadf\gestures_resized\gestures\08_palm_moved\frame_04_08_0041.png,Palm
D:\Downloadf\gestures_resized\gestures\01_palm\WIN_20260217_20_08_33_Pro.jpg,Palm
D:\Downloadf\gestures_resized\gestures\04_fist_moved\frame_02_04_0186.png,Fist
D:\Downloadf\gestures_resized\gestures\04_fist_moved\frame_01_04_0188.png,Fist
D:\Downloadf\gestures_resized\gestures\10_down\WIN_20260217_18_20_45_Pro (2).jpg,Palm
D:\Downloadf\gestures_resized\gestures\08_palm_moved\frame_04_08_0046.png,Palm
D:\Downloadf\gestures_resized\gestures\01_palm\WIN_20260217_20_08_17_Pro.jpg,Palm
D:\Downloadf\gestures_resized\gestures\10_down\frame_01_10_0199.png,Palm
D:\Downloadf\gestures_resized\gestures\01_palm\frame_06_01_0008.png,Palm
D:\Downloadf\gestures_resized\gestures\03_fist\WIN_20260217_22_10_51_Pro (4).jpg,Fist
D:\Downloadf\gestures_resized\gestures\04_fist_moved\frame_09_04_0175.png,Fist
D:\Downloadf\gestures_resized\gestures\01_palm\frame_00_01_0180.png,Palm
D:\Downloadf\gestures_resized\gestures\03_fist\frame_00_03_0181.png,Fist
D:\Downloadf\gestures_resized\gestures\01_palm\WIN_20260217_17_23_32_Pro.jpg,Palm
D:\Downloadf\gestures_resized\gestures\01_palm\frame_05_01_0076.png,Palm
D:\Downloadf\gestures_resized\gestures\03_fist\frame_01_03_0057.png,Fist
D:\Downloadf\gestures_resized\gestures\10_down\WIN_20260217_18_18_20_Pro (3).jpg,Palm
D:\Downloadf\gestures_resized\gestures\03_fist\frame_01_03_0114.png,Fist
D:\Downloadf\gestures_resized\gestures\03_fist\frame_01_03_0055.png,Fist
D:\Downloadf\gestures_resized\gestures\10_down\WIN_20260217_18_20_42_Pro (2).jpg,Palm
D:\Downloadf\gestures_resized\gestures\02_closeup_fist\WIN_20260220_19_17_19_Pro.jpg,Fist
D:\Downloadf\gestures_resized\gestures\03_fist\frame_00_03_0175.png,Fist
D:\Downloadf\gestures_resized\gestures\01_palm\frame_09_01_0020.png,Palm
D:\Downloadf\gestures_resized\gestures\03_fist\WIN_20260217_18_02_04_Pro.jpg,Fist
D:\Downloadf\gestures_resized\gestures\08_palm_moved\frame_08_08_0130.png,Palm
D:\Downloadf\gestures_resized\gestures\10_down\frame_07_10_0137.png,Palm
D:\Downloadf\gestures_resized\gestures\04_fist_moved\frame_02_04_0106.png,Fist
D:\Downloadf\gestures_resized\gestures\03_fist\WIN_20260217_20_34_43_Pro.jpg,Fist
D:\Downloadf\gestures_resized\gestures\01_palm\frame_04_01_0033.png,Palm
D:\Downloadf\gestures_resized\gestures\03_fist\Right\frame_09_03_0188.png,Fist
D:\Downloadf\gestures_resized\gestures\03_fist\frame_03_03_0097.png,Fist
D:\Downloadf\gestures_resized\gestures\08_palm_moved\frame_00_08_0055.png,Palm
D:\Downloadf\gestures_resized\gestures\03_fist\frame_02_03_0074.png,Fist
D:\Downloadf\gestures_resized\gestures\01_palm\frame_04_01_0146.png,Palm
D:\Downloadf\gestures_resized\gestures\03_fist\frame_06_03_0111.png,Fist
D:\Downloadf\gestures_resized\gestures\04_fist_moved\frame_05_04_0016.png,Fist
D:\Downloadf\gestures_resized\gestures\01_palm\frame_03_01_0074.png,Palm
D:\Downloadf\gestures_resized\gestures\04_fist_moved\frame_09_04_0038.png,Fist
D:\Downloadf\gestures_resized\gestures\01_palm\WIN_20260217_20_10_47_Pro.jpg,Palm
D:\Downloadf\gestures_resized\gestures\10_down\WIN_20260217_20_31_08_Pro.jpg,Palm
D:\Downloadf\gestures_resized\gestures\01_palm\WIN_20260217_21_50_37_Pro.jpg,Palm
D:\Downloadf\gestures_resized\gestures\03_fist\frame_01_03_0056.png,Fist
D:\Downloadf\gestures_resized\gestures\04_fist_moved\WIN_20260217_18_25_08_Pro.jpg,Fist
D:\Downloadf\gestures_resized\gestures\03_fist\WIN_20260217_22_10_46_Pro (5).jpg,Fist
D:\Downloadf\gestures_resized\gestures\03_fist\frame_07_03_0122.png,Fist
D:\Downloadf\gestures_resized\gestures\08_palm_moved\frame_00_08_0010.png,Palm
D:\Downloadf\gestures_resized\gestures\01_palm\frame_00_01_0161.png,Palm
D:\Downloadf\gestures_resized\gestures\03_fist\WIN_20260217_19_13_55_Pro.jpg,Fist
D:\Downloadf\gestures_resized\gestures\03_fist\WIN_20260220_00_07_10_Pro (2).jpg,Fist
D:\Downloadf\gestures_resized\gestures\10_down\frame_03_10_0145.png,Palm
D:\Downloadf\gestures_resized\gestures\10_down\WIN_20260217_20_31_04_Pro.jpg,Palm
D:\Downloadf\gestures_resized\gestures\01_palm\WIN_20260217_21_52_04_Pro (5).jpg,Palm
D:\Downloadf\gestures_resized\gestures\10_down\WIN_20260217_18_18_11_Pro.jpg,Palm
D:\Downloadf\gestures_resized\gestures\01_palm\frame_00_01_0102.png,Palm
D:\Downloadf\gestures_resized\gestures\10_down\WIN_20260217_20_31_30_Pro.jpg,Palm
D:\Downloadf\gestures_resized\gestures\01_palm\frame_06_01_0047.png,Palm
D:\Downloadf\gestures_resized\gestures\02_closeup_fist\WIN_20260220_19_16_45_Pro.jpg,Fist
D:\Downloadf\gestures_resized\gestures\03_fist\frame_06_03_0034.png,Fist
D:\Downloadf\gestures_resized\gestures\08_palm_moved\WIN_20260217_18_33_12_Pro (3).jpg,Palm
D:\Downloadf\gestures_resized\gestures\04_fist_moved\frame_02_04_0010.png,Fist
D:\Downloadf\gestures_resized\gestures\01_palm\WIN_20260217_21_50_44_Pro (3).jpg,Palm
D:\Downloadf\gestures_resized\gestures\01_palm\WIN_20260217_21_27_28_Pro (3).jpg,Palm
D:\Downloadf\gestures_resized\gestures\03_fist\frame_03_03_0096.png,Fist
D:\Downloadf\gestures_resized\gestures\04_fist_moved\frame_04_04_0066.png,Fist
D:\Downloadf\gestures_resized\gestures\08_palm_moved\frame_02_08_0049.png,Palm
D:\Downloadf\gestures_resized\gestures\03_fist\frame_06_03_0189.png,Fist
D:\Downloadf\gestures_resized\gestures\03_fist\frame_09_03_0175.png,Fist
D:\Downloadf\gestures_resized\gestures\10_down\WIN_20260217_20_31_03_Pro.jpg,Palm
D:\Downloadf\gestures_resized\gestures\04_fist_moved\WIN_20260217_20_46_27_Pro.jpg,Fist
D:\Downloadf\gestures_resized\gestures\01_palm\frame_03_01_0195.png,Palm
D:\Downloadf\gestures_resized\gestures\03_fist\frame_08_03_0143.png,Fist
D:\Downloadf\gestures_resized\gestures\03_fist\frame_04_03_0063.png,Fist
D:\Downloadf\gestures_resized\gestures\10_down\frame_09_10_0194.png,Palm
D:\Downloadf\gestures_resized\gestures\01_palm\frame_03_01_0168.png,Palm
D:\Downloadf\gestures_resized\gestures\04_fist_moved\frame_01_04_0004.png,Fist
D:\Downloadf\gestures_resized\gestures\04_fist_moved\WIN_20260217_22_21_57_Pro.jpg,Fist
D:\Downloadf\gestures_resized\gestures\01_palm\frame_03_01_0009.png,Palm
D:\Downloadf\gestures_resized\gestures\10_down\WIN_20260217_18_20_35_Pro (2).jpg,Palm
D:\Downloadf\gestures_resized\gestures\08_palm_moved\frame_04_08_0028.png,Palm
D:\Downloadf\gestures_resized\gestures\03_fist\Right\frame_09_03_0084.png,Fist
D:\Downloadf\gestures_resized\gestures\01_palm\WIN_20260217_17_19_41_Pro.jpg,Palm
D:\Downloadf\gestures_resized\gestures\03_fist\Right\frame_09_03_0026.png,Fist
D:\Downloadf\gestures_resized\gestures\10_down\frame_06_10_0069.png,Palm
D:\Downloadf\gestures_resized\gestures\08_palm_moved\WIN_20260217_20_19_50_Pro.jpg,Palm
D:\Downloadf\gestures_resized\gestures\08_palm_moved\frame_04_08_0181.png,Palm
D:\Downloadf\gestures_resized\gestures\10_down\WIN_20260217_20_30_07_Pro.jpg,Palm
D:\Downloadf\gestures_resized\gestures\10_down\frame_00_10_0090.png,Palm
D:\Downloadf\gestures_resized\gestures\03_fist\WIN_20260217_20_36_46_Pro (2).jpg,Fist
D:\Downloadf\gestures_resized\gestures\03_fist\Right\frame_09_03_0133.png,Fist
D:\Downloadf\gestures_resized\gestures\10_down\WIN_20260217_20_31_07_Pro (2).jpg,Palm
D:\Downloadf\gestures_resized\gestures\03_fist\frame_05_03_0010.png,Fist
D:\Downloadf\gestures_resized\gestures\03_fist\WIN_20260220_00_07_01_Pro.jpg,Fist
D:\Downloadf\gestures_resized\gestures\03_fist\WIN_20260220_00_06_50_Pro (2).jpg,Fist
D:\Downloadf\gestures_resized\gestures\03_fist\WIN_20260217_18_01_46_Pro.jpg,Fist
D:\Downloadf\gestures_resized\gestures\04_fist_moved\frame_09_04_0183.png,Fist
D:\Downloadf\gestures_resized\gestures\03_fist\frame_07_03_0063.png,Fist
D:\Downloadf\gestures_resized\gestures\08_palm_moved\frame_08_08_0138.png,Palm
D:\Downloadf\gestures_resized\gestures\03_fist\WIN_20260217_20_38_16_Pro (2).jpg,Fist
D:\Downloadf\gestures_resized\gestures\01_palm\frame_02_01_0017.png,Palm
D:\Downloadf\gestures_resized\gestures\01_palm\WIN_20260217_20_11_26_Pro.jpg,Palm
D:\Downloadf\gestures_resized\gestures\04_fist_moved\frame_02_04_0105.png,Fist
D:\Downloadf\gestures_resized\gestures\01_palm\frame_08_01_0180.png,Palm
D:\Downloadf\gestures_resized\gestures\03_fist\WIN_20260217_22_04_48_Pro (3).jpg,Fist
D:\Downloadf\gestures_resized\gestures\01_palm\frame_04_01_0026.png,Palm
D:\Downloadf\gestures_resized\gestures\01_palm\WIN_20260220_00_01_46_Pro.jpg,Palm
D:\Downloadf\gestures_resized\gestures\08_palm_moved\frame_07_08_0052.png,Palm
D:\Downloadf\gestures_resized\gestures\03_fist\frame_01_03_0028.png,Fist
D:\Downloadf\gestures_resized\gestures\10_down\frame_02_10_0074.png,Palm
D:\Downloadf\gestures_resized\gestures\10_down\frame_00_10_0111.png,Palm
D:\Downloadf\gestures_resized\gestures\10_down\frame_00_10_0033.png,Palm
D:\Downloadf\gestures_resized\gestures\01_palm\frame_09_01_0188.png,Palm
D:\Downloadf\gestures_resized\gestures\10_down\frame_05_10_0192.png,Palm
D:\Downloadf\gestures_resized\gestures\04_fist_moved\frame_04_04_0074.png,Fist
D:\Downloadf\gestures_resized\gestures\04_fist_moved\frame_07_04_0145.png,Fist
D:\Downloadf\gestures_resized\gestures\08_palm_moved\frame_00_08_0013.png,Palm
D:\Downloadf\gestures_resized\gestures\01_palm\WIN_20260217_17_19_31_Pro.jpg,Palm
D:\Downloadf\gestures_resized\gestures\01_palm\frame_05_01_0199.png,Palm
D:\Downloadf\gestures_resized\gestures\03_fist\frame_00_03_0094.png,Fist
D:\Downloadf\gestures_resized\gestures\03_fist\WIN_20260217_19_12_17_Pro (2).jpg,Fist
D:\Downloadf\gestures_resized\gestures\01_palm\frame_02_01_0074.png,Palm
D:\Downloadf\gestures_resized\gestures\03_fist\WIN_20260217_22_04_42_Pro.jpg,Fist
D:\Downloadf\gestures_resized\gestures\03_fist\frame_02_03_0029.png,Fist
D:\Downloadf\gestures_resized\gestures\03_fist\frame_06_03_0131.png,Fist
D:\Downloadf\gestures_resized\gestures\03_fist\frame_08_03_0030.png,Fist
D:\Downloadf\gestures_resized\gestures\01_palm\frame_09_01_0174.png,Palm
D:\Downloadf\gestures_resized\gestures\04_fist_moved\frame_01_04_0104.png,Fist
D:\Downloadf\gestures_resized\gestures\04_fist_moved\frame_09_04_0163.png,Fist
D:\Downloadf\gestures_resized\gestures\10_down\WIN_20260217_18_18_10_Pro.jpg,Palm
D:\Downloadf\gestures_resized\gestures\04_fist_moved\WIN_20260217_20_44_48_Pro (2).jpg,Fist
D:\Downloadf\gestures_resized\gestures\03_fist\WIN_20260220_00_09_13_Pro.jpg,Fist
D:\Downloadf\gestures_resized\gestures\04_fist_moved\frame_05_04_0007.png,Fist
D:\Downloadf\gestures_resized\gestures\03_fist\frame_04_03_0135.png,Fist
D:\Downloadf\gestures_resized\gestures\08_palm_moved\frame_03_08_0148.png,Palm
D:\Downloadf\gestures_resized\gestures\03_fist\frame_08_03_0035.png,Fist
D:\Downloadf\gestures_resized\gestures\10_down\frame_08_10_0182.png,Palm
D:\Downloadf\gestures_resized\gestures\02_closeup_fist\WIN_20260220_19_18_57_Pro.jpg,Fist
D:\Downloadf\gestures_resized\gestures\01_palm\WIN_20260217_17_23_23_Pro.jpg,Palm
D:\Downloadf\gestures_resized\gestures\03_fist\Right\frame_09_03_0143.png,Fist
D:\Downloadf\gestures_resized\gestures\08_palm_moved\frame_00_08_0056.png,Palm
D:\Downloadf\gestures_resized\gestures\03_fist\frame_07_03_0186.png,Fist
D:\Downloadf\gestures_resized\gestures\03_fist\WIN_20260217_18_15_28_Pro.jpg,Fist
D:\Downloadf\gestures_resized\gestures\03_fist\WIN_20260217_22_05_08_Pro (4).jpg,Fist
D:\Downloadf\gestures_resized\gestures\10_down\frame_01_10_0038.png,Palm
D:\Downloadf\gestures_resized\gestures\01_palm\WIN_20260220_00_02_10_Pro.jpg,Palm
D:\Downloadf\gestures_resized\gestures\03_fist\frame_04_03_0153.png,Fist
D:\Downloadf\gestures_resized\gestures\01_palm\WIN_20260220_00_04_05_Pro (3).jpg,Palm
D:\Downloadf\gestures_resized\gestures\03_fist\Right\frame_09_03_0036.png,Fist
D:\Downloadf\gestures_resized\gestures\04_fist_moved\frame_02_04_0188.png,Fist
D:\Downloadf\gestures_resized\gestures\08_palm_moved\frame_02_08_0003.png,Palm
D:\Downloadf\gestures_resized\gestures\03_fist\frame_06_03_0008.png,Fist
D:\Downloadf\gestures_resized\gestures\01_palm\frame_06_01_0057.png,Palm
D:\Downloadf\gestures_resized\gestures\01_palm\frame_07_01_0043.png,Palm
D:\Downloadf\gestures_resized\gestures\10_down\frame_04_10_0182.png,Palm
D:\Downloadf\gestures_resized\gestures\02_closeup_fist\WIN_20260220_19_17_07_Pro.jpg,Fist
D:\Downloadf\gestures_resized\gestures\03_fist\frame_03_03_0172.png,Fist
D:\Downloadf\gestures_resized\gestures\03_fist\frame_00_03_0003.png,Fist
D:\Downloadf\gestures_resized\gestures\03_fist\frame_09_03_0186.png,Fist
D:\Downloadf\gestures_resized\gestures\03_fist\frame_02_03_0109.png,Fist
D:\Downloadf\gestures_resized\gestures\02_closeup_fist\WIN_20260220_19_17_38_Pro.jpg,Fist
D:\Downloadf\gestures_resized\gestures\10_down\frame_00_10_0024.png,Palm
D:\Downloadf\gestures_resized\gestures\10_down\frame_05_10_0179.png,Palm
D:\Downloadf\gestures_resized\gestures\10_down\frame_06_10_0023.png,Palm
D:\Downloadf\gestures_resized\gestures\03_fist\WIN_20260217_18_01_24_Pro.jpg,Fist
D:\Downloadf\gestures_resized\gestures\04_fist_moved\frame_06_04_0191.png,Fist
D:\Downloadf\gestures_resized\gestures\01_palm\WIN_20260217_20_10_34_Pro.jpg,Palm
D:\Downloadf\gestures_resized\gestures\03_fist\frame_07_03_0001.png,Fist
D:\Downloadf\gestures_resized\gestures\10_down\frame_07_10_0189.png,Palm
D:\Downloadf\gestures_resized\gestures\01_palm\frame_08_01_0190.png,Palm
D:\Downloadf\gestures_resized\gestures\03_fist\frame_01_03_0065.png,Fist
D:\Downloadf\gestures_resized\gestures\01_palm\WIN_20260217_21_52_25_Pro.jpg,Palm
D:\Downloadf\gestures_resized\gestures\03_fist\WIN_20260217_22_10_48_Pro (3).jpg,Fist
D:\Downloadf\gestures_resized\gestures\01_palm\frame_00_01_0013.png,Palm
D:\Downloadf\gestures_resized\gestures\10_down\frame_02_10_0087.png,Palm
D:\Downloadf\gestures_resized\gestures\10_down\frame_01_10_0008.png,Palm
D:\Downloadf\gestures_resized\gestures\03_fist\frame_06_03_0030.png,Fist
D:\Downloadf\gestures_resized\gestures\08_palm_moved\frame_02_08_0020.png,Palm
D:\Downloadf\gestures_resized\gestures\03_fist\WIN_20260217_18_15_24_Pro.jpg,Fist
D:\Downloadf\gestures_resized\gestures\08_palm_moved\frame_03_08_0137.png,Palm
D:\Downloadf\gestures_resized\gestures\01_palm\WIN_20260217_20_11_16_Pro.jpg,Palm
D:\Downloadf\gestures_resized\gestures\04_fist_moved\WIN_20260217_20_42_33_Pro.jpg,Fist
D:\Downloadf\gestures_resized\gestures\01_palm\frame_09_01_0015.png,Palm
D:\Downloadf\gestures_resized\gestures\10_down\frame_07_10_0016.png,Palm
D:\Downloadf\gestures_resized\gestures\03_fist\frame_05_03_0115.png,Fist
D:\Downloadf\gestures_resized\gestures\03_fist\WIN_20260220_00_07_08_Pro (2).jpg,Fist
D:\Downloadf\gestures_resized\gestures\01_palm\WIN_20260220_00_02_04_Pro.jpg,Palm
D:\Downloadf\gestures_resized\gestures\03_fist\frame_03_03_0177.png,Fist
D:\Downloadf\gestures_resized\gestures\01_palm\WIN_20260217_17_29_56_Pro.jpg,Palm
D:\Downloadf\gestures_resized\gestures\03_fist\frame_05_03_0031.png,Fist
D:\Downloadf\gestures_resized\gestures\03_fist\WIN_20260217_19_13_52_Pro.jpg,Fist
D:\Downloadf\gestures_resized\gestures\01_palm\frame_05_01_0181.png,Palm
D:\Downloadf\gestures_resized\gestures\03_fist\WIN_20260220_00_07_14_Pro.jpg,Fist
D:\Downloadf\gestures_resized\gestures\08_palm_moved\frame_05_08_0033.png,Palm
D:\Downloadf\gestures_resized\gestures\03_fist\frame_08_03_0190.png,Fist
D:\Downloadf\gestures_resized\gestures\03_fist\WIN_20260217_22_11_01_Pro (3).jpg,Fist
D:\Downloadf\gestures_resized\gestures\03_fist\frame_00_03_0195.png,Fist
D:\Downloadf\gestures_resized\gestures\03_fist\frame_08_03_0195.png,Fist
D:\Downloadf\gestures_resized\gestures\04_fist_moved\frame_06_04_0025.png,Fist
D:\Downloadf\gestures_resized\gestures\03_fist\WIN_20260217_20_36_41_Pro (2).jpg,Fist
D:\Downloadf\gestures_resized\gestures\08_palm_moved\WIN_20260217_18_33_01_Pro.jpg,Palm
D:\Downloadf\gestures_resized\gestures\03_fist\WIN_20260217_18_15_43_Pro.jpg,Fist
D:\Downloadf\gestures_resized\gestures\04_fist_moved\frame_02_04_0007.png,Fist
D:\Downloadf\gestures_resized\gestures\03_fist\frame_01_03_0039.png,Fist
D:\Downloadf\gestures_resized\gestures\04_fist_moved\WIN_20260217_20_42_35_Pro.jpg,Fist
D:\Downloadf\gestures_resized\gestures\08_palm_moved\frame_04_08_0199.png,Palm
D:\Downloadf\gestures_resized\gestures\01_palm\WIN_20260220_00_03_20_Pro.jpg,Palm
D:\Downloadf\gestures_resized\gestures\01_palm\WIN_20260217_21_39_12_Pro.jpg,Palm
D:\Downloadf\gestures_resized\gestures\10_down\frame_07_10_0032.png,Palm
D:\Downloadf\gestures_resized\gestures\03_fist\frame_05_03_0084.png,Fist
D:\Downloadf\gestures_resized\gestures\03_fist\frame_01_03_0046.png,Fist
D:\Downloadf\gestures_resized\gestures\10_down\frame_07_10_0139.png,Palm
D:\Downloadf\gestures_resized\gestures\03_fist\WIN_20260217_19_12_24_Pro.jpg,Fist
D:\Downloadf\gestures_resized\gestures\08_palm_moved\WIN_20260217_20_20_08_Pro (2).jpg,Palm
D:\Downloadf\gestures_resized\gestures\04_fist_moved\WIN_20260217_18_23_44_Pro (2).jpg,Fist
D:\Downloadf\gestures_resized\gestures\01_palm\WIN_20260220_00_01_22_Pro.jpg,Palm
D:\Downloadf\gestures_resized\gestures\03_fist\frame_01_03_0025.png,Fist
D:\Downloadf\gestures_resized\gestures\03_fist\frame_07_03_0019.png,Fist
D:\Downloadf\gestures_resized\gestures\04_fist_moved\frame_08_04_0049.png,Fist
D:\Downloadf\gestures_resized\gestures\08_palm_moved\frame_01_08_0045.png,Palm
D:\Downloadf\gestures_resized\gestures\08_palm_moved\frame_03_08_0160.png,Palm
D:\Downloadf\gestures_resized\gestures\03_fist\WIN_20260220_00_09_56_Pro (2).jpg,Fist
D:\Downloadf\gestures_resized\gestures\03_fist\WIN_20260217_19_13_54_Pro (3).jpg,Fist
D:\Downloadf\gestures_resized\gestures\01_palm\frame_04_01_0127.png,Palm
D:\Downloadf\gestures_resized\gestures\03_fist\frame_05_03_0047.png,Fist
D:\Downloadf\gestures_resized\gestures\10_down\frame_01_10_0111.png,Palm
D:\Downloadf\gestures_resized\gestures\03_fist\frame_09_03_0042.png,Fist
D:\Downloadf\gestures_resized\gestures\04_fist_moved\frame_06_04_0169.png,Fist
D:\Downloadf\gestures_resized\gestures\10_down\frame_09_10_0120.png,Palm
D:\Downloadf\gestures_resized\gestures\03_fist\frame_05_03_0032.png,Fist
D:\Downloadf\gestures_resized\gestures\02_closeup_fist\WIN_20260220_19_19_27_Pro.jpg,Fist
D:\Downloadf\gestures_resized\gestures\01_palm\WIN_20260217_21_50_32_Pro (4).jpg,Palm
D:\Downloadf\gestures_resized\gestures\04_fist_moved\frame_06_04_0057.png,Fist
D:\Downloadf\gestures_resized\gestures\03_fist\frame_00_03_0152.png,Fist
D:\Downloadf\gestures_resized\gestures\01_palm\frame_02_01_0020.png,Palm
D:\Downloadf\gestures_resized\gestures\08_palm_moved\frame_07_08_0192.png,Palm
D:\Downloadf\gestures_resized\gestures\04_fist_moved\WIN_20260217_22_23_41_Pro (4).jpg,Fist
D:\Downloadf\gestures_resized\gestures\03_fist\frame_01_03_0113.png,Fist
D:\Downloadf\gestures_resized\gestures\03_fist\WIN_20260217_22_04_32_Pro (3).jpg,Fist
D:\Downloadf\gestures_resized\gestures\03_fist\WIN_20260217_20_36_05_Pro.jpg,Fist
D:\Downloadf\gestures_resized\gestures\01_palm\WIN_20260217_21_52_16_Pro (5).jpg,Palm
D:\Downloadf\gestures_resized\gestures\08_palm_moved\frame_02_08_0199.png,Palm
D:\Downloadf\gestures_resized\gestures\03_fist\frame_01_03_0071.png,Fist
D:\Downloadf\gestures_resized\gestures\03_fist\WIN_20260220_00_07_00_Pro.jpg,Fist
D:\Downloadf\gestures_resized\gestures\03_fist\frame_07_03_0127.png,Fist
D:\Downloadf\gestures_resized\gestures\10_down\frame_03_10_0053.png,Palm
D:\Downloadf\gestures_resized\gestures\08_palm_moved\frame_00_08_0004.png,Palm
D:\Downloadf\gestures_resized\gestures\08_palm_moved\WIN_20260217_20_20_05_Pro.jpg,Palm
D:\Downloadf\gestures_resized\gestures\10_down\frame_09_10_0004.png,Palm
D:\Downloadf\gestures_resized\gestures\08_palm_moved\frame_04_08_0051.png,Palm
D:\Downloadf\gestures_resized\gestures\04_fist_moved\WIN_20260217_18_23_21_Pro.jpg,Fist
D:\Downloadf\gestures_resized\gestures\04_fist_moved\frame_00_04_0060.png,Fist
D:\Downloadf\gestures_resized\gestures\01_palm\WIN_20260217_17_19_27_Pro.jpg,Palm
D:\Downloadf\gestures_resized\gestures\03_fist\WIN_20260220_00_09_50_Pro.jpg,Fist
D:\Downloadf\gestures_resized\gestures\10_down\frame_07_10_0188.png,Palm
D:\Downloadf\gestures_resized\gestures\04_fist_moved\WIN_20260217_20_44_28_Pro (2).jpg,Fist
D:\Downloadf\gestures_resized\gestures\03_fist\frame_01_03_0011.png,Fist
D:\Downloadf\gestures_resized\gestures\08_palm_moved\frame_09_08_0126.png,Palm
D:\Downloadf\gestures_resized\gestures\04_fist_moved\frame_04_04_0005.png,Fist
D:\Downloadf\gestures_resized\gestures\10_down\frame_08_10_0168.png,Palm
D:\Downloadf\gestures_resized\gestures\08_palm_moved\frame_07_08_0168.png,Palm
D:\Downloadf\gestures_resized\gestures\04_fist_moved\frame_04_04_0065.png,Fist
D:\Downloadf\gestures_resized\gestures\03_fist\frame_09_03_0168.png,Fist
D:\Downloadf\gestures_resized\gestures\03_fist\frame_09_03_0147.png,Fist
D:\Downloadf\gestures_resized\gestures\04_fist_moved\frame_09_04_0095.png,Fist
D:\Downloadf\gestures_resized\gestures\03_fist\WIN_20260220_00_10_12_Pro.jpg,Fist
D:\Downloadf\gestures_resized\gestures\03_fist\WIN_20260217_20_37_01_Pro.jpg,Fist
D:\Downloadf\gestures_resized\gestures\10_down\frame_06_10_0135.png,Palm
D:\Downloadf\gestures_resized\gestures\08_palm_moved\frame_05_08_0194.png,Palm
D:\Downloadf\gestures_resized\gestures\08_palm_moved\frame_06_08_0179.png,Palm
D:\Downloadf\gestures_resized\gestures\01_palm\frame_03_01_0184.png,Palm
D:\Downloadf\gestures_resized\gestures\01_palm\frame_08_01_0181.png,Palm
D:\Downloadf\gestures_resized\gestures\08_palm_moved\frame_05_08_0135.png,Palm
D:\Downloadf\gestures_resized\gestures\03_fist\frame_00_03_0100.png,Fist
D:\Downloadf\gestures_resized\gestures\03_fist\WIN_20260217_22_04_44_Pro.jpg,Fist
D:\Downloadf\gestures_resized\gestures\08_palm_moved\frame_03_08_0126.png,Palm
D:\Downloadf\gestures_resized\gestures\03_fist\frame_02_03_0047.png,Fist
D:\Downloadf\gestures_resized\gestures\01_palm\WIN_20260217_21_52_03_Pro (5).jpg,Palm
D:\Downloadf\gestures_resized\gestures\03_fist\frame_00_03_0024.png,Fist
D:\Downloadf\gestures_resized\gestures\04_fist_moved\frame_09_04_0030.png,Fist
D:\Downloadf\gestures_resized\gestures\08_palm_moved\frame_04_08_0027.png,Palm
D:\Downloadf\gestures_resized\gestures\01_palm\WIN_20260217_20_11_54_Pro.jpg,Palm
D:\Downloadf\gestures_resized\gestures\01_palm\WIN_20260220_00_05_02_Pro.jpg,Palm
D:\Downloadf\gestures_resized\gestures\03_fist\WIN_20260217_20_34_45_Pro.jpg,Fist
D:\Downloadf\gestures_resized\gestures\01_palm\WIN_20260217_20_10_23_Pro.jpg,Palm
D:\Downloadf\gestures_resized\gestures\01_palm\WIN_20260217_20_06_59_Pro.jpg,Palm
D:\Downloadf\gestures_resized\gestures\03_fist\WIN_20260220_00_10_03_Pro (2).jpg,Fist
D:\Downloadf\gestures_resized\gestures\08_palm_moved\WIN_20260217_22_14_36_Pro.jpg,Palm
D:\Downloadf\gestures_resized\gestures\03_fist\WIN_20260217_19_14_58_Pro.jpg,Fist
D:\Downloadf\gestures_resized\gestures\08_palm_moved\frame_05_08_0013.png,Palm
D:\Downloadf\gestures_resized\gestures\04_fist_moved\frame_06_04_0199.png,Fist
D:\Downloadf\gestures_resized\gestures\01_palm\frame_07_01_0032.png,Palm
D:\Downloadf\gestures_resized\gestures\10_down\frame_09_10_0002.png,Palm
D:\Downloadf\gestures_resized\gestures\08_palm_moved\frame_05_08_0014.png,Palm
D:\Downloadf\gestures_resized\gestures\01_palm\frame_07_01_0058.png,Palm
D:\Downloadf\gestures_resized\gestures\03_fist\frame_08_03_0087.png,Fist
D:\Downloadf\gestures_resized\gestures\04_fist_moved\frame_01_04_0111.png,Fist
D:\Downloadf\gestures_resized\gestures\03_fist\frame_04_03_0056.png,Fist
D:\Downloadf\gestures_resized\gestures\10_down\frame_00_10_0041.png,Palm
D:\Downloadf\gestures_resized\gestures\08_palm_moved\WIN_20260217_22_14_34_Pro.jpg,Palm
D:\Downloadf\gestures_resized\gestures\01_palm\WIN_20260220_00_03_38_Pro.jpg,Palm
D:\Downloadf\gestures_resized\gestures\03_fist\frame_06_03_0037.png,Fist
D:\Downloadf\gestures_resized\gestures\01_palm\frame_09_01_0001.png,Palm
D:\Downloadf\gestures_resized\gestures\01_palm\WIN_20260217_17_16_24_Pro.jpg,Palm
D:\Downloadf\gestures_resized\gestures\03_fist\frame_06_03_0074.png,Fist
D:\Downloadf\gestures_resized\gestures\01_palm\WIN_20260217_21_52_28_Pro (2).jpg,Palm
D:\Downloadf\gestures_resized\gestures\01_palm\frame_05_01_0129.png,Palm
D:\Downloadf\gestures_resized\gestures\04_fist_moved\frame_05_04_0066.png,Fist
D:\Downloadf\gestures_resized\gestures\08_palm_moved\frame_01_08_0155.png,Palm
D:\Downloadf\gestures_resized\gestures\01_palm\frame_05_01_0011.png,Palm
D:\Downloadf\gestures_resized\gestures\03_fist\frame_08_03_0193.png,Fist
D:\Downloadf\gestures_resized\gestures\04_fist_moved\frame_01_04_0105.png,Fist
D:\Downloadf\gestures_resized\gestures\03_fist\WIN_20260217_22_11_06_Pro (2).jpg,Fist
D:\Downloadf\gestures_resized\gestures\10_down\frame_09_10_0116.png,Palm
D:\Downloadf\gestures_resized\gestures\10_down\WIN_20260217_18_19_42_Pro.jpg,Palm
D:\Downloadf\gestures_resized\gestures\04_fist_moved\WIN_20260217_20_42_48_Pro.jpg,Fist
D:\Downloadf\gestures_resized\gestures\04_fist_moved\frame_02_04_0179.png,Fist
D:\Downloadf\gestures_resized\gestures\08_palm_moved\WIN_20260217_18_33_27_Pro.jpg,Palm
D:\Downloadf\gestures_resized\gestures\08_palm_moved\WIN_20260217_22_19_44_Pro.jpg,Palm
D:\Downloadf\gestures_resized\gestures\08_palm_moved\frame_04_08_0167.png,Palm
D:\Downloadf\gestures_resized\gestures\10_down\WIN_20260217_20_29_36_Pro.jpg,Palm
D:\Downloadf\gestures_resized\gestures\03_fist\frame_04_03_0036.png,Fist
D:\Downloadf\gestures_resized\gestures\08_palm_moved\frame_00_08_0142.png,Palm
D:\Downloadf\gestures_resized\gestures\03_fist\frame_05_03_0184.png,Fist
D:\Downloadf\gestures_resized\gestures\03_fist\Right\frame_09_03_0110.png,Fist
D:\Downloadf\gestures_resized\gestures\10_down\frame_06_10_0183.png,Palm
D:\Downloadf\gestures_resized\gestures\01_palm\frame_06_01_0171.png,Palm
D:\Downloadf\gestures_resized\gestures\10_down\WIN_20260217_18_18_10_Pro (3).jpg,Palm
D:\Downloadf\gestures_resized\gestures\01_palm\WIN_20260217_17_15_50_Pro.jpg,Palm
D:\Downloadf\gestures_resized\gestures\01_palm\WIN_20260217_17_25_00_Pro.jpg,Palm
D:\Downloadf\gestures_resized\gestures\04_fist_moved\frame_07_04_0041.png,Fist
D:\Downloadf\gestures_resized\gestures\03_fist\WIN_20260220_00_09_56_Pro.jpg,Fist
D:\Downloadf\gestures_resized\gestures\10_down\frame_03_10_0121.png,Palm
D:\Downloadf\gestures_resized\gestures\10_down\frame_00_10_0171.png,Palm
D:\Downloadf\gestures_resized\gestures\03_fist\frame_00_03_0047.png,Fist
D:\Downloadf\gestures_resized\gestures\03_fist\frame_04_03_0172.png,Fist
D:\Downloadf\gestures_resized\gestures\03_fist\Right\frame_09_03_0120.png,Fist
D:\Downloadf\gestures_resized\gestures\04_fist_moved\frame_07_04_0171.png,Fist
D:\Downloadf\gestures_resized\gestures\03_fist\WIN_20260220_00_09_23_Pro (2).jpg,Fist
D:\Downloadf\gestures_resized\gestures\01_palm\frame_06_01_0019.png,Palm
D:\Downloadf\gestures_resized\gestures\02_closeup_fist\WIN_20260220_19_14_58_Pro.jpg,Fist
D:\Downloadf\gestures_resized\gestures\04_fist_moved\WIN_20260217_22_21_34_Pro (3).jpg,Fist
D:\Downloadf\gestures_resized\gestures\10_down\frame_04_10_0054.png,Palm
D:\Downloadf\gestures_resized\gestures\04_fist_moved\frame_05_04_0186.png,Fist
D:\Downloadf\gestures_resized\gestures\03_fist\frame_09_03_0166.png,Fist
D:\Downloadf\gestures_resized\gestures\08_palm_moved\frame_04_08_0182.png,Palm
D:\Downloadf\gestures_resized\gestures\03_fist\frame_03_03_0155.png,Fist
D:\Downloadf\gestures_resized\gestures\03_fist\frame_04_03_0029.png,Fist
D:\Downloadf\gestures_resized\gestures\03_fist\WIN_20260220_00_07_11_Pro (2).jpg,Fist
D:\Downloadf\gestures_resized\gestures\01_palm\frame_00_01_0153.png,Palm
D:\Downloadf\gestures_resized\gestures\01_palm\frame_03_01_0059.png,Palm
D:\Downloadf\gestures_resized\gestures\08_palm_moved\WIN_20260217_22_14_26_Pro (3).jpg,Palm
D:\Downloadf\gestures_resized\gestures\01_palm\WIN_20260217_21_52_03_Pro (4).jpg,Palm
D:\Downloadf\gestures_resized\gestures\08_palm_moved\frame_00_08_0150.png,Palm
D:\Downloadf\gestures_resized\gestures\04_fist_moved\WIN_20260217_18_23_53_Pro (3).jpg,Fist
D:\Downloadf\gestures_resized\gestures\03_fist\Right\frame_09_03_0189.png,Fist
D:\Downloadf\gestures_resized\gestures\10_down\frame_00_10_0027.png,Palm
D:\Downloadf\gestures_resized\gestures\03_fist\Right\frame_09_03_0130.png,Fist
D:\Downloadf\gestures_resized\gestures\10_down\frame_01_10_0047.png,Palm
D:\Downloadf\gestures_resized\gestures\10_down\frame_05_10_0135.png,Palm
D:\Downloadf\gestures_resized\gestures\02_closeup_fist\WIN_20260220_19_14_47_Pro.jpg,Fist
D:\Downloadf\gestures_resized\gestures\10_down\frame_06_10_0003.png,Palm
D:\Downloadf\gestures_resized\gestures\08_palm_moved\frame_00_08_0158.png,Palm
D:\Downloadf\gestures_resized\gestures\08_palm_moved\frame_04_08_0030.png,Palm
D:\Downloadf\gestures_resized\gestures\08_palm_moved\WIN_20260217_20_20_33_Pro.jpg,Palm
D:\Downloadf\gestures_resized\gestures\10_down\WIN_20260217_18_18_06_Pro (2).jpg,Palm
D:\Downloadf\gestures_resized\gestures\01_palm\WIN_20260217_17_29_54_Pro.jpg,Palm
D:\Downloadf\gestures_resized\gestures\03_fist\WIN_20260217_22_11_04_Pro.jpg,Fist
D:\Downloadf\gestures_resized\gestures\03_fist\WIN_20260217_22_04_33_Pro.jpg,Fist
D:\Downloadf\gestures_resized\gestures\10_down\frame_02_10_0092.png,Palm
D:\Downloadf\gestures_resized\gestures\03_fist\frame_08_03_0023.png,Fist
D:\Downloadf\gestures_resized\gestures\01_palm\frame_08_01_0058.png,Palm
D:\Downloadf\gestures_resized\gestures\02_closeup_fist\WIN_20260220_19_15_07_Pro.jpg,Fist
D:\Downloadf\gestures_resized\gestures\10_down\frame_03_10_0159.png,Palm
D:\Downloadf\gestures_resized\gestures\04_fist_moved\frame_02_04_0101.png,Fist
D:\Downloadf\gestures_resized\gestures\03_fist\WIN_20260217_22_04_47_Pro (2).jpg,Fist
D:\Downloadf\gestures_resized\gestures\03_fist\frame_00_03_0069.png,Fist
D:\Downloadf\gestures_resized\gestures\03_fist\WIN_20260217_19_12_16_Pro (2).jpg,Fist
D:\Downloadf\gestures_resized\gestures\08_palm_moved\WIN_20260217_18_33_24_Pro.jpg,Palm
D:\Downloadf\gestures_resized\gestures\03_fist\WIN_20260217_22_11_04_Pro (2).jpg,Fist
D:\Downloadf\gestures_resized\gestures\04_fist_moved\frame_00_04_0134.png,Fist
D:\Downloadf\gestures_resized\gestures\10_down\WIN_20260217_18_18_12_Pro.jpg,Palm
D:\Downloadf\gestures_resized\gestures\10_down\frame_05_10_0148.png,Palm
D:\Downloadf\gestures_resized\gestures\03_fist\frame_03_03_0150.png,Fist
D:\Downloadf\gestures_resized\gestures\03_fist\frame_08_03_0054.png,Fist
D:\Downloadf\gestures_resized\gestures\03_fist\frame_04_03_0194.png,Fist
D:\Downloadf\gestures_resized\gestures\08_palm_moved\frame_00_08_0200.png,Palm
D:\Downloadf\gestures_resized\gestures\01_palm\WIN_20260217_21_52_07_Pro (3).jpg,Palm
D:\Downloadf\gestures_resized\gestures\04_fist_moved\frame_07_04_0027.png,Fist
D:\Downloadf\gestures_resized\gestures\03_fist\frame_08_03_0072.png,Fist
D:\Downloadf\gestures_resized\gestures\03_fist\frame_02_03_0038.png,Fist
D:\Downloadf\gestures_resized\gestures\10_down\frame_01_10_0010.png,Palm
D:\Downloadf\gestures_resized\gestures\03_fist\frame_00_03_0058.png,Fist
D:\Downloadf\gestures_resized\gestures\08_palm_moved\frame_09_08_0031.png,Palm
D:\Downloadf\gestures_resized\gestures\08_palm_moved\frame_00_08_0043.png,Palm
D:\Downloadf\gestures_resized\gestures\02_closeup_fist\WIN_20260220_19_19_21_Pro.jpg,Fist
D:\Downloadf\gestures_resized\gestures\04_fist_moved\WIN_20260217_22_21_58_Pro (3).jpg,Fist
D:\Downloadf\gestures_resized\gestures\01_palm\WIN_20260217_17_25_20_Pro.jpg,Palm
D:\Downloadf\gestures_resized\gestures\01_palm\frame_08_01_0038.png,Palm
D:\Downloadf\gestures_resized\gestures\03_fist\frame_03_03_0074.png,Fist
D:\Downloadf\gestures_resized\gestures\10_down\frame_07_10_0011.png,Palm
D:\Downloadf\gestures_resized\gestures\08_palm_moved\frame_08_08_0057.png,Palm
D:\Downloadf\gestures_resized\gestures\01_palm\WIN_20260217_21_27_26_Pro (4).jpg,Palm
D:\Downloadf\gestures_resized\gestures\03_fist\frame_06_03_0013.png,Fist
D:\Downloadf\gestures_resized\gestures\03_fist\frame_04_03_0005.png,Fist
D:\Downloadf\gestures_resized\gestures\01_palm\frame_05_01_0068.png,Palm
D:\Downloadf\gestures_resized\gestures\01_palm\frame_00_01_0191.png,Palm
D:\Downloadf\gestures_resized\gestures\08_palm_moved\frame_07_08_0039.png,Palm
D:\Downloadf\gestures_resized\gestures\08_palm_moved\WIN_20260217_18_33_21_Pro (2).jpg,Palm
D:\Downloadf\gestures_resized\gestures\01_palm\frame_08_01_0049.png,Palm
D:\Downloadf\gestures_resized\gestures\08_palm_moved\frame_08_08_0017.png,Palm
D:\Downloadf\gestures_resized\gestures\01_palm\frame_02_01_0159.png,Palm
D:\Downloadf\gestures_resized\gestures\08_palm_moved\frame_09_08_0089.png,Palm
D:\Downloadf\gestures_resized\gestures\04_fist_moved\frame_04_04_0060.png,Fist
D:\Downloadf\gestures_resized\gestures\04_fist_moved\WIN_20260217_18_23_46_Pro (2).jpg,Fist
D:\Downloadf\gestures_resized\gestures\04_fist_moved\frame_06_04_0163.png,Fist
D:\Downloadf\gestures_resized\gestures\10_down\frame_06_10_0020.png,Palm
D:\Downloadf\gestures_resized\gestures\03_fist\WIN_20260217_22_10_51_Pro.jpg,Fist
D:\Downloadf\gestures_resized\gestures\10_down\frame_07_10_0089.png,Palm
D:\Downloadf\gestures_resized\gestures\08_palm_moved\frame_07_08_0005.png,Palm
D:\Downloadf\gestures_resized\gestures\10_down\frame_05_10_0154.png,Palm
D:\Downloadf\gestures_resized\gestures\03_fist\frame_08_03_0151.png,Fist
D:\Downloadf\gestures_resized\gestures\10_down\frame_03_10_0194.png,Palm
D:\Downloadf\gestures_resized\gestures\03_fist\frame_07_03_0099.png,Fist
D:\Downloadf\gestures_resized\gestures\01_palm\frame_00_01_0030.png,Palm
D:\Downloadf\gestures_resized\gestures\03_fist\frame_09_03_0011.png,Fist
D:\Downloadf\gestures_resized\gestures\03_fist\WIN_20260217_22_04_54_Pro (4).jpg,Fist
D:\Downloadf\gestures_resized\gestures\03_fist\frame_08_03_0092.png,Fist
D:\Downloadf\gestures_resized\gestures\04_fist_moved\WIN_20260217_20_45_22_Pro.jpg,Fist
D:\Downloadf\gestures_resized\gestures\04_fist_moved\frame_08_04_0120.png,Fist
D:\Downloadf\gestures_resized\gestures\03_fist\Right\frame_09_03_0017.png,Fist
D:\Downloadf\gestures_resized\gestures\03_fist\frame_09_03_0017.png,Fist
D:\Downloadf\gestures_resized\gestures\03_fist\WIN_20260220_00_09_26_Pro.jpg,Fist
D:\Downloadf\gestures_resized\gestures\03_fist\frame_00_03_0097.png,Fist
D:\Downloadf\gestures_resized\gestures\03_fist\frame_03_03_0182.png,Fist
D:\Downloadf\gestures_resized\gestures\04_fist_moved\frame_06_04_0181.png,Fist
D:\Downloadf\gestures_resized\gestures\03_fist\Right\frame_09_03_0031.png,Fist
D:\Downloadf\gestures_resized\gestures\03_fist\WIN_20260217_20_37_33_Pro.jpg,Fist
D:\Downloadf\gestures_resized\gestures\03_fist\frame_09_03_0076.png,Fist
D:\Downloadf\gestures_resized\gestures\03_fist\frame_06_03_0162.png,Fist
D:\Downloadf\gestures_resized\gestures\04_fist_moved\frame_05_04_0197.png,Fist
D:\Downloadf\gestures_resized\gestures\10_down\frame_02_10_0005.png,Palm
D:\Downloadf\gestures_resized\gestures\01_palm\WIN_20260220_00_03_45_Pro (3).jpg,Palm
D:\Downloadf\gestures_resized\gestures\03_fist\frame_05_03_0052.png,Fist
D:\Downloadf\gestures_resized\gestures\08_palm_moved\frame_01_08_0035.png,Palm
D:\Downloadf\gestures_resized\gestures\04_fist_moved\WIN_20260217_22_23_34_Pro (4).jpg,Fist
D:\Downloadf\gestures_resized\gestures\01_palm\WIN_20260217_17_25_21_Pro.jpg,Palm
D:\Downloadf\gestures_resized\gestures\08_palm_moved\frame_04_08_0156.png,Palm
D:\Downloadf\gestures_resized\gestures\02_closeup_fist\WIN_20260220_19_16_21_Pro.jpg,Fist
D:\Downloadf\gestures_resized\gestures\04_fist_moved\frame_00_04_0179.png,Fist
D:\Downloadf\gestures_resized\gestures\01_palm\WIN_20260217_21_52_31_Pro (4).jpg,Palm
D:\Downloadf\gestures_resized\gestures\03_fist\frame_05_03_0039.png,Fist
D:\Downloadf\gestures_resized\gestures\04_fist_moved\frame_00_04_0127.png,Fist
D:\Downloadf\gestures_resized\gestures\10_down\frame_07_10_0177.png,Palm
D:\Downloadf\gestures_resized\gestures\03_fist\frame_08_03_0052.png,Fist
D:\Downloadf\gestures_resized\gestures\03_fist\WIN_20260217_19_12_16_Pro.jpg,Fist
D:\Downloadf\gestures_resized\gestures\08_palm_moved\WIN_20260217_18_33_22_Pro (2).jpg,Palm
D:\Downloadf\gestures_resized\gestures\10_down\frame_04_10_0167.png,Palm
D:\Downloadf\gestures_resized\gestures\04_fist_moved\frame_08_04_0042.png,Fist
D:\Downloadf\gestures_resized\gestures\01_palm\frame_02_01_0166.png,Palm
D:\Downloadf\gestures_resized\gestures\03_fist\WIN_20260217_22_04_25_Pro.jpg,Fist
D:\Downloadf\gestures_resized\gestures\03_fist\frame_09_03_0080.png,Fist
D:\Downloadf\gestures_resized\gestures\01_palm\frame_08_01_0003.png,Palm
D:\Downloadf\gestures_resized\gestures\03_fist\frame_07_03_0114.png,Fist
D:\Downloadf\gestures_resized\gestures\10_down\frame_00_10_0004.png,Palm
D:\Downloadf\gestures_resized\gestures\10_down\WIN_20260217_20_31_29_Pro.jpg,Palm
D:\Downloadf\gestures_resized\gestures\08_palm_moved\frame_04_08_0196.png,Palm
D:\Downloadf\gestures_resized\gestures\10_down\frame_03_10_0107.png,Palm
D:\Downloadf\gestures_resized\gestures\01_palm\frame_09_01_0185.png,Palm
D:\Downloadf\gestures_resized\gestures\03_fist\frame_09_03_0094.png,Fist
D:\Downloadf\gestures_resized\gestures\01_palm\frame_08_01_0016.png,Palm
D:\Downloadf\gestures_resized\gestures\03_fist\frame_05_03_0140.png,Fist
D:\Downloadf\gestures_resized\gestures\10_down\WIN_20260217_18_18_19_Pro (2).jpg,Palm
D:\Downloadf\gestures_resized\gestures\03_fist\WIN_20260217_22_04_53_Pro (2).jpg,Fist
D:\Downloadf\gestures_resized\gestures\01_palm\frame_01_01_0017.png,Palm
D:\Downloadf\gestures_resized\gestures\10_down\frame_03_10_0164.png,Palm
D:\Downloadf\gestures_resized\gestures\03_fist\frame_02_03_0045.png,Fist
D:\Downloadf\gestures_resized\gestures\04_fist_moved\frame_02_04_0086.png,Fist
D:\Downloadf\gestures_resized\gestures\08_palm_moved\frame_07_08_0018.png,Palm
D:\Downloadf\gestures_resized\gestures\08_palm_moved\frame_04_08_0195.png,Palm
D:\Downloadf\gestures_resized\gestures\03_fist\frame_04_03_0027.png,Fist
D:\Downloadf\gestures_resized\gestures\03_fist\frame_04_03_0145.png,Fist
D:\Downloadf\gestures_resized\gestures\03_fist\frame_06_03_0079.png,Fist
D:\Downloadf\gestures_resized\gestures\03_fist\frame_00_03_0088.png,Fist
D:\Downloadf\gestures_resized\gestures\01_palm\WIN_20260220_00_01_26_Pro (2).jpg,Palm
D:\Downloadf\gestures_resized\gestures\01_palm\WIN_20260220_00_02_00_Pro.jpg,Palm
D:\Downloadf\gestures_resized\gestures\01_palm\frame_00_01_0069.png,Palm
D:\Downloadf\gestures_resized\gestures\08_palm_moved\WIN_20260217_22_14_38_Pro (3).jpg,Palm
D:\Downloadf\gestures_resized\gestures\01_palm\WIN_20260217_21_52_04_Pro (2).jpg,Palm
D:\Downloadf\gestures_resized\gestures\03_fist\frame_04_03_0167.png,Fist
D:\Downloadf\gestures_resized\gestures\03_fist\frame_05_03_0193.png,Fist
D:\Downloadf\gestures_resized\gestures\10_down\frame_00_10_0074.png,Palm
D:\Downloadf\gestures_resized\gestures\10_down\frame_09_10_0200.png,Palm
D:\Downloadf\gestures_resized\gestures\01_palm\WIN_20260217_20_09_29_Pro.jpg,Palm
D:\Downloadf\gestures_resized\gestures\10_down\frame_00_10_0059.png,Palm
D:\Downloadf\gestures_resized\gestures\03_fist\WIN_20260217_19_13_42_Pro (2).jpg,Fist
D:\Downloadf\gestures_resized\gestures\03_fist\Right\frame_09_03_0158.png,Fist
D:\Downloadf\gestures_resized\gestures\04_fist_moved\frame_01_04_0164.png,Fist
D:\Downloadf\gestures_resized\gestures\10_down\frame_06_10_0139.png,Palm
D:\Downloadf\gestures_resized\gestures\04_fist_moved\frame_03_04_0073.png,Fist
D:\Downloadf\gestures_resized\gestures\10_down\frame_03_10_0130.png,Palm
D:\Downloadf\gestures_resized\gestures\01_palm\frame_03_01_0007.png,Palm
D:\Downloadf\gestures_resized\gestures\04_fist_moved\frame_05_04_0124.png,Fist
D:\Downloadf\gestures_resized\gestures\03_fist\frame_08_03_0180.png,Fist
D:\Downloadf\gestures_resized\gestures\08_palm_moved\WIN_20260217_22_14_31_Pro (3).jpg,Palm
D:\Downloadf\gestures_resized\gestures\03_fist\WIN_20260217_20_37_45_Pro (2).jpg,Fist
D:\Downloadf\gestures_resized\gestures\01_palm\WIN_20260217_21_52_00_Pro (3).jpg,Palm
D:\Downloadf\gestures_resized\gestures\03_fist\frame_08_03_0090.png,Fist
D:\Downloadf\gestures_resized\gestures\08_palm_moved\frame_09_08_0137.png,Palm
D:\Downloadf\gestures_resized\gestures\01_palm\WIN_20260220_00_01_59_Pro (2).jpg,Palm
D:\Downloadf\gestures_resized\gestures\10_down\WIN_20260217_20_30_33_Pro.jpg,Palm
D:\Downloadf\gestures_resized\gestures\08_palm_moved\frame_02_08_0171.png,Palm
D:\Downloadf\gestures_resized\gestures\10_down\frame_04_10_0187.png,Palm
D:\Downloadf\gestures_resized\gestures\01_palm\frame_00_01_0091.png,Palm
D:\Downloadf\gestures_resized\gestures\04_fist_moved\frame_02_04_0102.png,Fist
D:\Downloadf\gestures_resized\gestures\08_palm_moved\WIN_20260217_22_19_44_Pro (3).jpg,Palm
D:\Downloadf\gestures_resized\gestures\04_fist_moved\frame_09_04_0197.png,Fist
D:\Downloadf\gestures_resized\gestures\10_down\WIN_20260217_18_20_39_Pro (2).jpg,Palm
D:\Downloadf\gestures_resized\gestures\04_fist_moved\frame_00_04_0044.png,Fist
D:\Downloadf\gestures_resized\gestures\01_palm\frame_01_01_0041.png,Palm
D:\Downloadf\gestures_resized\gestures\03_fist\frame_06_03_0113.png,Fist
D:\Downloadf\gestures_resized\gestures\10_down\frame_05_10_0194.png,Palm
D:\Downloadf\gestures_resized\gestures\10_down\frame_07_10_0146.png,Palm
D:\Downloadf\gestures_resized\gestures\10_down\WIN_20260217_20_29_38_Pro.jpg,Palm
D:\Downloadf\gestures_resized\gestures\04_fist_moved\frame_01_04_0175.png,Fist
D:\Downloadf\gestures_resized\gestures\01_palm\frame_02_01_0076.png,Palm
D:\Downloadf\gestures_resized\gestures\03_fist\frame_06_03_0191.png,Fist
D:\Downloadf\gestures_resized\gestures\08_palm_moved\frame_09_08_0044.png,Palm
D:\Downloadf\gestures_resized\gestures\01_palm\WIN_20260220_00_02_08_Pro.jpg,Palm
D:\Downloadf\gestures_resized\gestures\04_fist_moved\frame_03_04_0153.png,Fist
D:\Downloadf\gestures_resized\gestures\03_fist\WIN_20260217_22_04_29_Pro (5).jpg,Fist
D:\Downloadf\gestures_resized\gestures\10_down\frame_02_10_0077.png,Palm
D:\Downloadf\gestures_resized\gestures\04_fist_moved\frame_09_04_0182.png,Fist
D:\Downloadf\gestures_resized\gestures\03_fist\frame_02_03_0176.png,Fist
D:\Downloadf\gestures_resized\gestures\01_palm\WIN_20260217_20_02_02_Pro.jpg,Palm
D:\Downloadf\gestures_resized\gestures\03_fist\frame_06_03_0060.png,Fist
D:\Downloadf\gestures_resized\gestures\10_down\frame_09_10_0036.png,Palm
D:\Downloadf\gestures_resized\gestures\01_palm\frame_08_01_0031.png,Palm
D:\Downloadf\gestures_resized\gestures\01_palm\frame_07_01_0164.png,Palm
D:\Downloadf\gestures_resized\gestures\03_fist\frame_00_03_0004.png,Fist
D:\Downloadf\gestures_resized\gestures\04_fist_moved\frame_09_04_0001.png,Fist
D:\Downloadf\gestures_resized\gestures\10_down\frame_00_10_0017.png,Palm
D:\Downloadf\gestures_resized\gestures\01_palm\frame_06_01_0184.png,Palm
D:\Downloadf\gestures_resized\gestures\04_fist_moved\frame_04_04_0012.png,Fist
D:\Downloadf\gestures_resized\gestures\03_fist\WIN_20260217_22_10_59_Pro (5).jpg,Fist
D:\Downloadf\gestures_resized\gestures\01_palm\frame_02_01_0177.png,Palm
D:\Downloadf\gestures_resized\gestures\08_palm_moved\frame_01_08_0074.png,Palm
D:\Downloadf\gestures_resized\gestures\01_palm\frame_00_01_0194.png,Palm
D:\Downloadf\gestures_resized\gestures\10_down\WIN_20260217_18_19_38_Pro.jpg,Palm
D:\Downloadf\gestures_resized\gestures\03_fist\WIN_20260217_18_02_00_Pro.jpg,Fist
D:\Downloadf\gestures_resized\gestures\10_down\WIN_20260217_18_18_29_Pro.jpg,Palm
D:\Downloadf\gestures_resized\gestures\03_fist\frame_09_03_0086.png,Fist
D:\Downloadf\gestures_resized\gestures\03_fist\frame_02_03_0006.png,Fist
D:\Downloadf\gestures_resized\gestures\03_fist\frame_04_03_0173.png,Fist
D:\Downloadf\gestures_resized\gestures\10_down\frame_05_10_0131.png,Palm
D:\Downloadf\gestures_resized\gestures\03_fist\frame_02_03_0059.png,Fist
D:\Downloadf\gestures_resized\gestures\04_fist_moved\WIN_20260217_20_44_02_Pro.jpg,Fist
D:\Downloadf\gestures_resized\gestures\08_palm_moved\WIN_20260217_20_18_30_Pro.jpg,Palm
D:\Downloadf\gestures_resized\gestures\03_fist\frame_08_03_0107.png,Fist
D:\Downloadf\gestures_resized\gestures\01_palm\frame_00_01_0096.png,Palm
D:\Downloadf\gestures_resized\gestures\03_fist\frame_09_03_0044.png,Fist
D:\Downloadf\gestures_resized\gestures\03_fist\WIN_20260217_19_13_45_Pro.jpg,Fist
D:\Downloadf\gestures_resized\gestures\03_fist\frame_04_03_0125.png,Fist
D:\Downloadf\gestures_resized\gestures\04_fist_moved\WIN_20260217_22_21_36_Pro.jpg,Fist
D:\Downloadf\gestures_resized\gestures\10_down\WIN_20260217_20_31_38_Pro.jpg,Palm
D:\Downloadf\gestures_resized\gestures\01_palm\frame_03_01_0198.png,Palm
D:\Downloadf\gestures_resized\gestures\01_palm\frame_00_01_0163.png,Palm
D:\Downloadf\gestures_resized\gestures\03_fist\frame_04_03_0132.png,Fist
D:\Downloadf\gestures_resized\gestures\01_palm\WIN_20260217_21_50_30_Pro.jpg,Palm
D:\Downloadf\gestures_resized\gestures\01_palm\frame_00_01_0114.png,Palm
D:\Downloadf\gestures_resized\gestures\03_fist\WIN_20260217_18_02_21_Pro.jpg,Fist
D:\Downloadf\gestures_resized\gestures\10_down\frame_06_10_0147.png,Palm
D:\Downloadf\gestures_resized\gestures\04_fist_moved\WIN_20260217_18_23_38_Pro.jpg,Fist
D:\Downloadf\gestures_resized\gestures\01_palm\frame_09_01_0172.png,Palm
D:\Downloadf\gestures_resized\gestures\10_down\frame_08_10_0184.png,Palm
D:\Downloadf\gestures_resized\gestures\08_palm_moved\frame_09_08_0113.png,Palm
D:\Downloadf\gestures_resized\gestures\08_palm_moved\frame_03_08_0152.png,Palm
D:\Downloadf\gestures_resized\gestures\03_fist\frame_08_03_0045.png,Fist
D:\Downloadf\gestures_resized\gestures\03_fist\frame_04_03_0199.png,Fist
D:\Downloadf\gestures_resized\gestures\01_palm\frame_08_01_0048.png,Palm
D:\Downloadf\gestures_resized\gestures\10_down\frame_05_10_0197.png,Palm
D:\Downloadf\gestures_resized\gestures\03_fist\frame_01_03_0033.png,Fist
D:\Downloadf\gestures_resized\gestures\01_palm\frame_04_01_0196.png,Palm
D:\Downloadf\gestures_resized\gestures\08_palm_moved\frame_08_08_0052.png,Palm
D:\Downloadf\gestures_resized\gestures\10_down\frame_09_10_0110.png,Palm
D:\Downloadf\gestures_resized\gestures\01_palm\frame_08_01_0166.png,Palm
D:\Downloadf\gestures_resized\gestures\04_fist_moved\frame_07_04_0004.png,Fist
D:\Downloadf\gestures_resized\gestures\08_palm_moved\frame_06_08_0086.png,Palm
D:\Downloadf\gestures_resized\gestures\01_palm\WIN_20260220_00_01_43_Pro (2).jpg,Palm
D:\Downloadf\gestures_resized\gestures\04_fist_moved\frame_07_04_0012.png,Fist
D:\Downloadf\gestures_resized\gestures\10_down\frame_01_10_0159.png,Palm
D:\Downloadf\gestures_resized\gestures\03_fist\frame_07_03_0016.png,Fist
D:\Downloadf\gestures_resized\gestures\01_palm\frame_03_01_0175.png,Palm
D:\Downloadf\gestures_resized\gestures\04_fist_moved\frame_00_04_0180.png,Fist
D:\Downloadf\gestures_resized\gestures\03_fist\Right\frame_09_03_0178.png,Fist
D:\Downloadf\gestures_resized\gestures\03_fist\frame_08_03_0041.png,Fist
D:\Downloadf\gestures_resized\gestures\03_fist\frame_06_03_0139.png,Fist
D:\Downloadf\gestures_resized\gestures\08_palm_moved\frame_03_08_0167.png,Palm
D:\Downloadf\gestures_resized\gestures\02_closeup_fist\WIN_20260220_19_16_21_Pro (2).jpg,Fist
D:\Downloadf\gestures_resized\gestures\03_fist\WIN_20260220_00_09_31_Pro.jpg,Fist
D:\Downloadf\gestures_resized\gestures\10_down\WIN_20260217_18_17_59_Pro (2).jpg,Palm
D:\Downloadf\gestures_resized\gestures\03_fist\frame_07_03_0029.png,Fist
D:\Downloadf\gestures_resized\gestures\10_down\frame_03_10_0001.png,Palm
D:\Downloadf\gestures_resized\gestures\08_palm_moved\frame_08_08_0045.png,Palm
D:\Downloadf\gestures_resized\gestures\01_palm\frame_06_01_0045.png,Palm
D:\Downloadf\gestures_resized\gestures\03_fist\WIN_20260217_19_12_11_Pro.jpg,Fist
D:\Downloadf\gestures_resized\gestures\08_palm_moved\frame_01_08_0159.png,Palm
D:\Downloadf\gestures_resized\gestures\08_palm_moved\frame_01_08_0176.png,Palm
D:\Downloadf\gestures_resized\gestures\03_fist\WIN_20260220_00_09_17_Pro.jpg,Fist
D:\Downloadf\gestures_resized\gestures\01_palm\frame_02_01_0194.png,Palm
D:\Downloadf\gestures_resized\gestures\08_palm_moved\frame_05_08_0131.png,Palm
D:\Downloadf\gestures_resized\gestures\04_fist_moved\frame_03_04_0037.png,Fist
D:\Downloadf\gestures_resized\gestures\10_down\frame_00_10_0010.png,Palm
D:\Downloadf\gestures_resized\gestures\01_palm\frame_01_01_0050.png,Palm
D:\Downloadf\gestures_resized\gestures\03_fist\frame_05_03_0081.png,Fist
D:\Downloadf\gestures_resized\gestures\01_palm\WIN_20260220_00_03_38_Pro (2).jpg,Palm
D:\Downloadf\gestures_resized\gestures\01_palm\frame_09_01_0028.png,Palm
D:\Downloadf\gestures_resized\gestures\10_down\frame_06_10_0066.png,Palm
D:\Downloadf\gestures_resized\gestures\04_fist_moved\frame_06_04_0054.png,Fist
D:\Downloadf\gestures_resized\gestures\03_fist\WIN_20260217_18_01_53_Pro.jpg,Fist
D:\Downloadf\gestures_resized\gestures\03_fist\frame_01_03_0064.png,Fist
D:\Downloadf\gestures_resized\gestures\08_palm_moved\frame_07_08_0042.png,Palm
D:\Downloadf\gestures_resized\gestures\03_fist\frame_07_03_0020.png,Fist
D:\Downloadf\gestures_resized\gestures\01_palm\WIN_20260217_21_50_28_Pro (4).jpg,Palm
D:\Downloadf\gestures_resized\gestures\01_palm\frame_00_01_0190.png,Palm
D:\Downloadf\gestures_resized\gestures\03_fist\frame_00_03_0032.png,Fist
D:\Downloadf\gestures_resized\gestures\08_palm_moved\frame_07_08_0183.png,Palm
D:\Downloadf\gestures_resized\gestures\04_fist_moved\frame_02_04_0091.png,Fist
D:\Downloadf\gestures_resized\gestures\01_palm\WIN_20260217_21_52_18_Pro.jpg,Palm
D:\Downloadf\gestures_resized\gestures\03_fist\frame_08_03_0175.png,Fist
D:\Downloadf\gestures_resized\gestures\08_palm_moved\frame_01_08_0153.png,Palm
D:\Downloadf\gestures_resized\gestures\01_palm\frame_00_01_0011.png,Palm
D:\Downloadf\gestures_resized\gestures\08_palm_moved\frame_04_08_0152.png,Palm
D:\Downloadf\gestures_resized\gestures\03_fist\frame_04_03_0091.png,Fist
D:\Downloadf\gestures_resized\gestures\10_down\frame_06_10_0002.png,Palm
D:\Downloadf\gestures_resized\gestures\08_palm_moved\frame_04_08_0020.png,Palm
D:\Downloadf\gestures_resized\gestures\04_fist_moved\WIN_20260217_20_44_32_Pro (2).jpg,Fist
D:\Downloadf\gestures_resized\gestures\04_fist_moved\WIN_20260217_20_44_37_Pro.jpg,Fist
D:\Downloadf\gestures_resized\gestures\03_fist\frame_05_03_0164.png,Fist
D:\Downloadf\gestures_resized\gestures\03_fist\WIN_20260217_19_12_18_Pro (2).jpg,Fist
D:\Downloadf\gestures_resized\gestures\03_fist\frame_02_03_0142.png,Fist
D:\Downloadf\gestures_resized\gestures\08_palm_moved\frame_05_08_0076.png,Palm
D:\Downloadf\gestures_resized\gestures\03_fist\frame_03_03_0081.png,Fist
D:\Downloadf\gestures_resized\gestures\10_down\frame_08_10_0032.png,Palm
D:\Downloadf\gestures_resized\gestures\08_palm_moved\frame_03_08_0158.png,Palm
D:\Downloadf\gestures_resized\gestures\01_palm\WIN_20260217_21_52_18_Pro (2).jpg,Palm
D:\Downloadf\gestures_resized\gestures\10_down\frame_02_10_0093.png,Palm
D:\Downloadf\gestures_resized\gestures\08_palm_moved\WIN_20260217_22_14_39_Pro (2).jpg,Palm
D:\Downloadf\gestures_resized\gestures\04_fist_moved\frame_02_04_0004.png,Fist
D:\Downloadf\gestures_resized\gestures\01_palm\frame_06_01_0157.png,Palm
D:\Downloadf\gestures_resized\gestures\03_fist\frame_06_03_0195.png,Fist
D:\Downloadf\gestures_resized\gestures\03_fist\frame_08_03_0181.png,Fist
D:\Downloadf\gestures_resized\gestures\03_fist\Right\frame_09_03_0116.png,Fist
D:\Downloadf\gestures_resized\gestures\03_fist\Right\frame_09_03_0196.png,Fist
D:\Downloadf\gestures_resized\gestures\10_down\frame_01_10_0189.png,Palm
D:\Downloadf\gestures_resized\gestures\03_fist\frame_02_03_0113.png,Fist
D:\Downloadf\gestures_resized\gestures\08_palm_moved\WIN_20260217_18_33_13_Pro.jpg,Palm
D:\Downloadf\gestures_resized\gestures\01_palm\frame_06_01_0012.png,Palm
D:\Downloadf\gestures_resized\gestures\03_fist\frame_01_03_0101.png,Fist
D:\Downloadf\gestures_resized\gestures\03_fist\frame_01_03_0121.png,Fist
D:\Downloadf\gestures_resized\gestures\03_fist\frame_04_03_0066.png,Fist
D:\Downloadf\gestures_resized\gestures\04_fist_moved\frame_03_04_0038.png,Fist
D:\Downloadf\gestures_resized\gestures\08_palm_moved\WIN_20260217_18_33_14_Pro.jpg,Palm
D:\Downloadf\gestures_resized\gestures\04_fist_moved\frame_01_04_0002.png,Fist
D:\Downloadf\gestures_resized\gestures\03_fist\frame_04_03_0144.png,Fist
D:\Downloadf\gestures_resized\gestures\01_palm\frame_08_01_0052.png,Palm
D:\Downloadf\gestures_resized\gestures\03_fist\frame_06_03_0176.png,Fist
D:\Downloadf\gestures_resized\gestures\02_closeup_fist\WIN_20260220_19_15_03_Pro.jpg,Fist
D:\Downloadf\gestures_resized\gestures\01_palm\WIN_20260220_00_03_47_Pro (3).jpg,Palm
D:\Downloadf\gestures_resized\gestures\01_palm\WIN_20260220_00_05_15_Pro (2).jpg,Palm
D:\Downloadf\gestures_resized\gestures\01_palm\frame_04_01_0036.png,Palm
D:\Downloadf\gestures_resized\gestures\03_fist\frame_07_03_0199.png,Fist
D:\Downloadf\gestures_resized\gestures\03_fist\WIN_20260220_00_09_07_Pro (2).jpg,Fist
D:\Downloadf\gestures_resized\gestures\01_palm\WIN_20260220_00_01_27_Pro.jpg,Palm
D:\Downloadf\gestures_resized\gestures\02_closeup_fist\WIN_20260220_19_17_03_Pro (2).jpg,Fist
D:\Downloadf\gestures_resized\gestures\08_palm_moved\frame_09_08_0091.png,Palm
D:\Downloadf\gestures_resized\gestures\03_fist\frame_02_03_0027.png,Fist
D:\Downloadf\gestures_resized\gestures\10_down\frame_03_10_0062.png,Palm
D:\Downloadf\gestures_resized\gestures\03_fist\frame_00_03_0056.png,Fist
D:\Downloadf\gestures_resized\gestures\10_down\frame_08_10_0180.png,Palm
D:\Downloadf\gestures_resized\gestures\04_fist_moved\WIN_20260217_22_21_47_Pro.jpg,Fist
D:\Downloadf\gestures_resized\gestures\04_fist_moved\frame_09_04_0177.png,Fist
D:\Downloadf\gestures_resized\gestures\01_palm\frame_05_01_0032.png,Palm
D:\Downloadf\gestures_resized\gestures\08_palm_moved\frame_01_08_0148.png,Palm
D:\Downloadf\gestures_resized\gestures\08_palm_moved\WIN_20260217_20_18_57_Pro.jpg,Palm
D:\Downloadf\gestures_resized\gestures\01_palm\frame_01_01_0025.png,Palm
D:\Downloadf\gestures_resized\gestures\03_fist\WIN_20260217_19_13_49_Pro (3).jpg,Fist
D:\Downloadf\gestures_resized\gestures\01_palm\frame_06_01_0191.png,Palm
D:\Downloadf\gestures_resized\gestures\10_down\frame_09_10_0014.png,Palm
D:\Downloadf\gestures_resized\gestures\01_palm\frame_00_01_0007.png,Palm
D:\Downloadf\gestures_resized\gestures\03_fist\frame_08_03_0154.png,Fist
D:\Downloadf\gestures_resized\gestures\08_palm_moved\frame_09_08_0105.png,Palm
D:\Downloadf\gestures_resized\gestures\03_fist\frame_04_03_0146.png,Fist
D:\Downloadf\gestures_resized\gestures\03_fist\frame_02_03_0013.png,Fist
D:\Downloadf\gestures_resized\gestures\04_fist_moved\WIN_20260217_18_23_17_Pro (2).jpg,Fist
D:\Downloadf\gestures_resized\gestures\01_palm\WIN_20260217_21_52_22_Pro (4).jpg,Palm
D:\Downloadf\gestures_resized\gestures\08_palm_moved\frame_00_08_0135.png,Palm
D:\Downloadf\gestures_resized\gestures\03_fist\frame_04_03_0187.png,Fist
D:\Downloadf\gestures_resized\gestures\10_down\frame_08_10_0176.png,Palm
D:\Downloadf\gestures_resized\gestures\08_palm_moved\frame_01_08_0166.png,Palm
D:\Downloadf\gestures_resized\gestures\10_down\WIN_20260217_20_30_14_Pro (2).jpg,Palm
D:\Downloadf\gestures_resized\gestures\03_fist\frame_06_03_0163.png,Fist
D:\Downloadf\gestures_resized\gestures\08_palm_moved\frame_05_08_0079.png,Palm
D:\Downloadf\gestures_resized\gestures\01_palm\frame_00_01_0039.png,Palm
D:\Downloadf\gestures_resized\gestures\04_fist_moved\WIN_20260217_22_21_53_Pro (4).jpg,Fist
D:\Downloadf\gestures_resized\gestures\04_fist_moved\WIN_20260217_22_22_00_Pro (2).jpg,Fist
D:\Downloadf\gestures_resized\gestures\04_fist_moved\frame_08_04_0194.png,Fist
D:\Downloadf\gestures_resized\gestures\10_down\frame_02_10_0088.png,Palm
D:\Downloadf\gestures_resized\gestures\10_down\frame_06_10_0004.png,Palm
D:\Downloadf\gestures_resized\gestures\08_palm_moved\WIN_20260217_20_20_32_Pro.jpg,Palm
D:\Downloadf\gestures_resized\gestures\08_palm_moved\frame_01_08_0050.png,Palm
D:\Downloadf\gestures_resized\gestures\04_fist_moved\frame_07_04_0031.png,Fist
D:\Downloadf\gestures_resized\gestures\03_fist\frame_09_03_0003.png,Fist
D:\Downloadf\gestures_resized\gestures\08_palm_moved\frame_09_08_0040.png,Palm
D:\Downloadf\gestures_resized\gestures\08_palm_moved\WIN_20260217_18_33_10_Pro.jpg,Palm
D:\Downloadf\gestures_resized\gestures\03_fist\frame_09_03_0124.png,Fist
D:\Downloadf\gestures_resized\gestures\03_fist\frame_01_03_0022.png,Fist
D:\Downloadf\gestures_resized\gestures\03_fist\frame_01_03_0024.png,Fist
D:\Downloadf\gestures_resized\gestures\08_palm_moved\frame_07_08_0008.png,Palm
D:\Downloadf\gestures_resized\gestures\03_fist\frame_01_03_0066.png,Fist
D:\Downloadf\gestures_resized\gestures\08_palm_moved\frame_06_08_0019.png,Palm
D:\Downloadf\gestures_resized\gestures\04_fist_moved\frame_07_04_0002.png,Fist
D:\Downloadf\gestures_resized\gestures\03_fist\WIN_20260217_19_13_40_Pro (2).jpg,Fist
D:\Downloadf\gestures_resized\gestures\08_palm_moved\WIN_20260217_22_14_26_Pro.jpg,Palm
D:\Downloadf\gestures_resized\gestures\08_palm_moved\WIN_20260217_22_19_38_Pro (4).jpg,Palm
D:\Downloadf\gestures_resized\gestures\04_fist_moved\WIN_20260217_22_21_40_Pro (3).jpg,Fist
D:\Downloadf\gestures_resized\gestures\01_palm\WIN_20260217_21_52_28_Pro.jpg,Palm
D:\Downloadf\gestures_resized\gestures\01_palm\frame_05_01_0196.png,Palm
D:\Downloadf\gestures_resized\gestures\03_fist\WIN_20260220_00_09_07_Pro.jpg,Fist
D:\Downloadf\gestures_resized\gestures\01_palm\WIN_20260217_20_10_45_Pro.jpg,Palm
D:\Downloadf\gestures_resized\gestures\03_fist\frame_02_03_0186.png,Fist
D:\Downloadf\gestures_resized\gestures\01_palm\frame_07_01_0178.png,Palm
D:\Downloadf\gestures_resized\gestures\01_palm\frame_00_01_0070.png,Palm
D:\Downloadf\gestures_resized\gestures\08_palm_moved\frame_02_08_0178.png,Palm
D:\Downloadf\gestures_resized\gestures\04_fist_moved\WIN_20260217_22_23_40_Pro.jpg,Fist
D:\Downloadf\gestures_resized\gestures\10_down\frame_03_10_0133.png,Palm
D:\Downloadf\gestures_resized\gestures\04_fist_moved\frame_00_04_0041.png,Fist
D:\Downloadf\gestures_resized\gestures\01_palm\frame_09_01_0024.png,Palm
D:\Downloadf\gestures_resized\gestures\03_fist\WIN_20260217_18_15_45_Pro.jpg,Fist
D:\Downloadf\gestures_resized\gestures\10_down\frame_02_10_0164.png,Palm
D:\Downloadf\gestures_resized\gestures\01_palm\frame_06_01_0004.png,Palm
D:\Downloadf\gestures_resized\gestures\02_closeup_fist\WIN_20260220_19_14_48_Pro.jpg,Fist
D:\Downloadf\gestures_resized\gestures\01_palm\WIN_20260217_17_32_25_Pro.jpg,Palm
D:\Downloadf\gestures_resized\gestures\04_fist_moved\frame_08_04_0117.png,Fist
D:\Downloadf\gestures_resized\gestures\03_fist\frame_00_03_0165.png,Fist
D:\Downloadf\gestures_resized\gestures\03_fist\frame_02_03_0097.png,Fist
D:\Downloadf\gestures_resized\gestures\04_fist_moved\frame_03_04_0070.png,Fist
D:\Downloadf\gestures_resized\gestures\04_fist_moved\WIN_20260217_18_23_12_Pro (3).jpg,Fist
D:\Downloadf\gestures_resized\gestures\01_palm\frame_07_01_0036.png,Palm
D:\Downloadf\gestures_resized\gestures\04_fist_moved\WIN_20260217_18_23_32_Pro (3).jpg,Fist
D:\Downloadf\gestures_resized\gestures\03_fist\frame_06_03_0055.png,Fist
D:\Downloadf\gestures_resized\gestures\08_palm_moved\frame_01_08_0047.png,Palm
D:\Downloadf\gestures_resized\gestures\03_fist\frame_08_03_0159.png,Fist
D:\Downloadf\gestures_resized\gestures\03_fist\Right\frame_09_03_0164.png,Fist
D:\Downloadf\gestures_resized\gestures\03_fist\Right\frame_09_03_0014.png,Fist
D:\Downloadf\gestures_resized\gestures\08_palm_moved\WIN_20260217_18_33_05_Pro.jpg,Palm
D:\Downloadf\gestures_resized\gestures\01_palm\frame_03_01_0001.png,Palm
D:\Downloadf\gestures_resized\gestures\04_fist_moved\frame_09_04_0016.png,Fist
D:\Downloadf\gestures_resized\gestures\01_palm\WIN_20260220_00_05_06_Pro.jpg,Palm
D:\Downloadf\gestures_resized\gestures\08_palm_moved\WIN_20260217_22_18_16_Pro (3).jpg,Palm
D:\Downloadf\gestures_resized\gestures\01_palm\frame_04_01_0145.png,Palm
D:\Downloadf\gestures_resized\gestures\10_down\WIN_20260217_18_19_59_Pro (2).jpg,Palm
D:\Downloadf\gestures_resized\gestures\03_fist\WIN_20260217_20_38_03_Pro.jpg,Fist
D:\Downloadf\gestures_resized\gestures\10_down\frame_00_10_0057.png,Palm
D:\Downloadf\gestures_resized\gestures\01_palm\frame_09_01_0025.png,Palm
D:\Downloadf\gestures_resized\gestures\10_down\WIN_20260217_20_32_01_Pro.jpg,Palm
D:\Downloadf\gestures_resized\gestures\10_down\frame_09_10_0127.png,Palm
D:\Downloadf\gestures_resized\gestures\01_palm\WIN_20260216_23_49_17_Pro.jpg,Palm
D:\Downloadf\gestures_resized\gestures\01_palm\frame_00_01_0087.png,Palm
D:\Downloadf\gestures_resized\gestures\08_palm_moved\frame_03_08_0128.png,Palm
D:\Downloadf\gestures_resized\gestures\03_fist\frame_02_03_0126.png,Fist
D:\Downloadf\gestures_resized\gestures\08_palm_moved\WIN_20260217_20_20_27_Pro.jpg,Palm
D:\Downloadf\gestures_resized\gestures\04_fist_moved\frame_09_04_0010.png,Fist
D:\Downloadf\gestures_resized\gestures\03_fist\WIN_20260217_22_05_06_Pro (3).jpg,Fist
D:\Downloadf\gestures_resized\gestures\08_palm_moved\WIN_20260217_20_20_39_Pro.jpg,Palm
D:\Downloadf\gestures_resized\gestures\03_fist\frame_01_03_0058.png,Fist
D:\Downloadf\gestures_resized\gestures\08_palm_moved\frame_02_08_0192.png,Palm
D:\Downloadf\gestures_resized\gestures\03_fist\frame_05_03_0079.png,Fist
D:\Downloadf\gestures_resized\gestures\10_down\frame_06_10_0079.png,Palm
D:\Downloadf\gestures_resized\gestures\04_fist_moved\frame_00_04_0133.png,Fist
D:\Downloadf\gestures_resized\gestures\03_fist\WIN_20260217_19_13_54_Pro.jpg,Fist
D:\Downloadf\gestures_resized\gestures\03_fist\WIN_20260217_18_01_48_Pro (2).jpg,Fist
D:\Downloadf\gestures_resized\gestures\03_fist\WIN_20260217_20_37_05_Pro.jpg,Fist
D:\Downloadf\gestures_resized\gestures\03_fist\frame_04_03_0058.png,Fist
D:\Downloadf\gestures_resized\gestures\01_palm\frame_02_01_0077.png,Palm
D:\Downloadf\gestures_resized\gestures\03_fist\WIN_20260217_18_15_38_Pro.jpg,Fist
D:\Downloadf\gestures_resized\gestures\04_fist_moved\WIN_20260217_20_42_34_Pro.jpg,Fist
D:\Downloadf\gestures_resized\gestures\01_palm\frame_03_01_0181.png,Palm
D:\Downloadf\gestures_resized\gestures\04_fist_moved\frame_09_04_0006.png,Fist
D:\Downloadf\gestures_resized\gestures\03_fist\frame_09_03_0009.png,Fist
D:\Downloadf\gestures_resized\gestures\01_palm\WIN_20260217_21_50_44_Pro (2).jpg,Palm
D:\Downloadf\gestures_resized\gestures\08_palm_moved\frame_08_08_0196.png,Palm
D:\Downloadf\gestures_resized\gestures\08_palm_moved\frame_03_08_0015.png,Palm
D:\Downloadf\gestures_resized\gestures\08_palm_moved\WIN_20260217_22_18_16_Pro (2).jpg,Palm
D:\Downloadf\gestures_resized\gestures\08_palm_moved\frame_09_08_0019.png,Palm
D:\Downloadf\gestures_resized\gestures\03_fist\frame_03_03_0059.png,Fist
D:\Downloadf\gestures_resized\gestures\03_fist\frame_05_03_0196.png,Fist
D:\Downloadf\gestures_resized\gestures\08_palm_moved\frame_04_08_0146.png,Palm
D:\Downloadf\gestures_resized\gestures\03_fist\Right\frame_09_03_0062.png,Fist
D:\Downloadf\gestures_resized\gestures\08_palm_moved\frame_00_08_0197.png,Palm
D:\Downloadf\gestures_resized\gestures\10_down\frame_06_10_0138.png,Palm
D:\Downloadf\gestures_resized\gestures\04_fist_moved\frame_05_04_0125.png,Fist
D:\Downloadf\gestures_resized\gestures\04_fist_moved\frame_03_04_0060.png,Fist
D:\Downloadf\gestures_resized\gestures\04_fist_moved\frame_02_04_0029.png,Fist
D:\Downloadf\gestures_resized\gestures\04_fist_moved\frame_02_04_0185.png,Fist
D:\Downloadf\gestures_resized\gestures\08_palm_moved\frame_03_08_0040.png,Palm
D:\Downloadf\gestures_resized\gestures\03_fist\WIN_20260217_20_37_12_Pro.jpg,Fist
D:\Downloadf\gestures_resized\gestures\01_palm\frame_03_01_0196.png,Palm
D:\Downloadf\gestures_resized\gestures\04_fist_moved\frame_03_04_0154.png,Fist
D:\Downloadf\gestures_resized\gestures\03_fist\WIN_20260220_00_10_04_Pro.jpg,Fist
D:\Downloadf\gestures_resized\gestures\01_palm\frame_06_01_0043.png,Palm
D:\Downloadf\gestures_resized\gestures\01_palm\WIN_20260220_00_02_30_Pro (2).jpg,Palm
D:\Downloadf\gestures_resized\gestures\01_palm\WIN_20260217_17_19_35_Pro.jpg,Palm
D:\Downloadf\gestures_resized\gestures\10_down\frame_03_10_0191.png,Palm
D:\Downloadf\gestures_resized\gestures\10_down\frame_09_10_0199.png,Palm
D:\Downloadf\gestures_resized\gestures\01_palm\frame_04_01_0123.png,Palm
D:\Downloadf\gestures_resized\gestures\03_fist\frame_09_03_0128.png,Fist
D:\Downloadf\gestures_resized\gestures\01_palm\WIN_20260217_17_18_30_Pro.jpg,Palm
D:\Downloadf\gestures_resized\gestures\08_palm_moved\frame_06_08_0193.png,Palm
D:\Downloadf\gestures_resized\gestures\10_down\frame_08_10_0046.png,Palm
D:\Downloadf\gestures_resized\gestures\03_fist\frame_00_03_0092.png,Fist
D:\Downloadf\gestures_resized\gestures\08_palm_moved\frame_09_08_0112.png,Palm
D:\Downloadf\gestures_resized\gestures\04_fist_moved\frame_05_04_0001.png,Fist
D:\Downloadf\gestures_resized\gestures\03_fist\frame_06_03_0046.png,Fist
D:\Downloadf\gestures_resized\gestures\03_fist\WIN_20260217_22_04_27_Pro (2).jpg,Fist
D:\Downloadf\gestures_resized\gestures\04_fist_moved\frame_06_04_0056.png,Fist
D:\Downloadf\gestures_resized\gestures\08_palm_moved\frame_06_08_0003.png,Palm
D:\Downloadf\gestures_resized\gestures\03_fist\frame_00_03_0157.png,Fist
D:\Downloadf\gestures_resized\gestures\10_down\frame_00_10_0019.png,Palm
D:\Downloadf\gestures_resized\gestures\04_fist_moved\WIN_20260217_20_44_48_Pro.jpg,Fist
D:\Downloadf\gestures_resized\gestures\10_down\frame_00_10_0054.png,Palm
D:\Downloadf\gestures_resized\gestures\01_palm\frame_09_01_0190.png,Palm
D:\Downloadf\gestures_resized\gestures\01_palm\WIN_20260217_20_11_24_Pro.jpg,Palm
D:\Downloadf\gestures_resized\gestures\03_fist\frame_02_03_0177.png,Fist
D:\Downloadf\gestures_resized\gestures\03_fist\frame_05_03_0187.png,Fist
D:\Downloadf\gestures_resized\gestures\01_palm\frame_00_01_0009.png,Palm
D:\Downloadf\gestures_resized\gestures\04_fist_moved\WIN_20260217_22_21_35_Pro.jpg,Fist
D:\Downloadf\gestures_resized\gestures\03_fist\frame_00_03_0009.png,Fist
D:\Downloadf\gestures_resized\gestures\10_down\frame_06_10_0091.png,Palm
D:\Downloadf\gestures_resized\gestures\08_palm_moved\WIN_20260217_20_20_15_Pro.jpg,Palm
D:\Downloadf\gestures_resized\gestures\04_fist_moved\WIN_20260217_20_46_28_Pro.jpg,Fist
D:\Downloadf\gestures_resized\gestures\04_fist_moved\frame_06_04_0013.png,Fist
D:\Downloadf\gestures_resized\gestures\10_down\frame_07_10_0042.png,Palm
D:\Downloadf\gestures_resized\gestures\04_fist_moved\frame_08_04_0121.png,Fist
D:\Downloadf\gestures_resized\gestures\08_palm_moved\frame_06_08_0160.png,Palm
D:\Downloadf\gestures_resized\gestures\08_palm_moved\frame_09_08_0035.png,Palm
D:\Downloadf\gestures_resized\gestures\03_fist\WIN_20260217_19_12_18_Pro.jpg,Fist
D:\Downloadf\gestures_resized\gestures\10_down\WIN_20260217_18_18_04_Pro.jpg,Palm
D:\Downloadf\gestures_resized\gestures\01_palm\frame_04_01_0148.png,Palm
D:\Downloadf\gestures_resized\gestures\03_fist\frame_03_03_0116.png,Fist
D:\Downloadf\gestures_resized\gestures\10_down\frame_03_10_0134.png,Palm
D:\Downloadf\gestures_resized\gestures\04_fist_moved\frame_03_04_0190.png,Fist
D:\Downloadf\gestures_resized\gestures\03_fist\WIN_20260217_18_01_12_Pro.jpg,Fist
D:\Downloadf\gestures_resized\gestures\03_fist\frame_08_03_0043.png,Fist
D:\Downloadf\gestures_resized\gestures\02_closeup_fist\WIN_20260220_19_15_32_Pro.jpg,Fist
D:\Downloadf\gestures_resized\gestures\08_palm_moved\frame_06_08_0072.png,Palm
D:\Downloadf\gestures_resized\gestures\01_palm\WIN_20260217_21_50_35_Pro (2).jpg,Palm
D:\Downloadf\gestures_resized\gestures\01_palm\WIN_20260217_21_52_12_Pro (3).jpg,Palm
D:\Downloadf\gestures_resized\gestures\03_fist\frame_03_03_0008.png,Fist
D:\Downloadf\gestures_resized\gestures\08_palm_moved\WIN_20260217_20_20_13_Pro.jpg,Palm
D:\Downloadf\gestures_resized\gestures\10_down\frame_09_10_0188.png,Palm
D:\Downloadf\gestures_resized\gestures\04_fist_moved\frame_07_04_0148.png,Fist
D:\Downloadf\gestures_resized\gestures\08_palm_moved\WIN_20260217_22_19_45_Pro.jpg,Palm
D:\Downloadf\gestures_resized\gestures\03_fist\frame_04_03_0154.png,Fist
D:\Downloadf\gestures_resized\gestures\04_fist_moved\frame_07_04_0179.png,Fist
D:\Downloadf\gestures_resized\gestures\04_fist_moved\WIN_20260217_18_23_26_Pro.jpg,Fist
D:\Downloadf\gestures_resized\gestures\04_fist_moved\frame_07_04_0172.png,Fist
D:\Downloadf\gestures_resized\gestures\03_fist\Right\frame_09_03_0080.png,Fist
D:\Downloadf\gestures_resized\gestures\03_fist\frame_06_03_0129.png,Fist
D:\Downloadf\gestures_resized\gestures\03_fist\frame_00_03_0065.png,Fist
D:\Downloadf\gestures_resized\gestures\03_fist\frame_02_03_0125.png,Fist
D:\Downloadf\gestures_resized\gestures\04_fist_moved\WIN_20260217_22_21_41_Pro.jpg,Fist
D:\Downloadf\gestures_resized\gestures\10_down\frame_08_10_0162.png,Palm
D:\Downloadf\gestures_resized\gestures\03_fist\frame_03_03_0173.png,Fist
D:\Downloadf\gestures_resized\gestures\03_fist\frame_06_03_0047.png,Fist
D:\Downloadf\gestures_resized\gestures\04_fist_moved\frame_01_04_0102.png,Fist
D:\Downloadf\gestures_resized\gestures\03_fist\frame_08_03_0057.png,Fist
D:\Downloadf\gestures_resized\gestures\10_down\WIN_20260217_18_19_52_Pro.jpg,Palm
D:\Downloadf\gestures_resized\gestures\01_palm\WIN_20260217_21_52_13_Pro.jpg,Palm
D:\Downloadf\gestures_resized\gestures\04_fist_moved\frame_05_04_0070.png,Fist
D:\Downloadf\gestures_resized\gestures\03_fist\WIN_20260217_22_10_52_Pro (2).jpg,Fist
D:\Downloadf\gestures_resized\gestures\03_fist\frame_04_03_0034.png,Fist
D:\Downloadf\gestures_resized\gestures\01_palm\frame_07_01_0149.png,Palm
D:\Downloadf\gestures_resized\gestures\03_fist\frame_02_03_0193.png,Fist
D:\Downloadf\gestures_resized\gestures\08_palm_moved\frame_04_08_0006.png,Palm
D:\Downloadf\gestures_resized\gestures\10_down\frame_03_10_0140.png,Palm
D:\Downloadf\gestures_resized\gestures\10_down\frame_05_10_0006.png,Palm
D:\Downloadf\gestures_resized\gestures\03_fist\WIN_20260217_18_02_07_Pro.jpg,Fist
D:\Downloadf\gestures_resized\gestures\04_fist_moved\WIN_20260217_18_23_41_Pro.jpg,Fist
D:\Downloadf\gestures_resized\gestures\03_fist\frame_06_03_0039.png,Fist
D:\Downloadf\gestures_resized\gestures\04_fist_moved\frame_07_04_0016.png,Fist
D:\Downloadf\gestures_resized\gestures\03_fist\frame_06_03_0142.png,Fist
D:\Downloadf\gestures_resized\gestures\10_down\WIN_20260217_18_17_57_Pro.jpg,Palm
D:\Downloadf\gestures_resized\gestures\04_fist_moved\frame_07_04_0085.png,Fist
D:\Downloadf\gestures_resized\gestures\03_fist\frame_02_03_0088.png,Fist
D:\Downloadf\gestures_resized\gestures\08_palm_moved\frame_07_08_0013.png,Palm
D:\Downloadf\gestures_resized\gestures\10_down\frame_08_10_0014.png,Palm
D:\Downloadf\gestures_resized\gestures\03_fist\frame_01_03_0154.png,Fist
D:\Downloadf\gestures_resized\gestures\04_fist_moved\WIN_20260217_22_21_45_Pro (2).jpg,Fist
D:\Downloadf\gestures_resized\gestures\04_fist_moved\frame_08_04_0004.png,Fist
D:\Downloadf\gestures_resized\gestures\03_fist\frame_02_03_0175.png,Fist
D:\Downloadf\gestures_resized\gestures\03_fist\frame_00_03_0013.png,Fist
D:\Downloadf\gestures_resized\gestures\08_palm_moved\frame_05_08_0172.png,Palm
D:\Downloadf\gestures_resized\gestures\04_fist_moved\WIN_20260217_22_21_34_Pro (2).jpg,Fist
D:\Downloadf\gestures_resized\gestures\04_fist_moved\WIN_20260217_18_23_41_Pro (3).jpg,Fist
D:\Downloadf\gestures_resized\gestures\01_palm\WIN_20260217_17_24_53_Pro.jpg,Palm
D:\Downloadf\gestures_resized\gestures\10_down\frame_02_10_0196.png,Palm
D:\Downloadf\gestures_resized\gestures\10_down\frame_00_10_0192.png,Palm
D:\Downloadf\gestures_resized\gestures\03_fist\WIN_20260217_22_04_41_Pro.jpg,Fist
D:\Downloadf\gestures_resized\gestures\10_down\frame_05_10_0012.png,Palm
D:\Downloadf\gestures_resized\gestures\01_palm\frame_05_01_0008.png,Palm
D:\Downloadf\gestures_resized\gestures\04_fist_moved\WIN_20260217_20_43_49_Pro.jpg,Fist
D:\Downloadf\gestures_resized\gestures\04_fist_moved\frame_01_04_0087.png,Fist
D:\Downloadf\gestures_resized\gestures\03_fist\frame_01_03_0158.png,Fist
D:\Downloadf\gestures_resized\gestures\01_palm\WIN_20260220_00_03_54_Pro (3).jpg,Palm
D:\Downloadf\gestures_resized\gestures\10_down\WIN_20260217_20_30_48_Pro.jpg,Palm
D:\Downloadf\gestures_resized\gestures\08_palm_moved\WIN_20260217_20_18_13_Pro.jpg,Palm
D:\Downloadf\gestures_resized\gestures\01_palm\frame_08_01_0012.png,Palm
D:\Downloadf\gestures_resized\gestures\01_palm\frame_08_01_0030.png,Palm
D:\Downloadf\gestures_resized\gestures\03_fist\frame_07_03_0200.png,Fist
D:\Downloadf\gestures_resized\gestures\03_fist\WIN_20260217_20_38_02_Pro (2).jpg,Fist
D:\Downloadf\gestures_resized\gestures\03_fist\frame_07_03_0160.png,Fist
D:\Downloadf\gestures_resized\gestures\08_palm_moved\frame_00_08_0002.png,Palm
D:\Downloadf\gestures_resized\gestures\08_palm_moved\frame_02_08_0117.png,Palm
D:\Downloadf\gestures_resized\gestures\01_palm\frame_02_01_0009.png,Palm
D:\Downloadf\gestures_resized\gestures\03_fist\frame_06_03_0032.png,Fist
D:\Downloadf\gestures_resized\gestures\08_palm_moved\WIN_20260217_18_35_14_Pro (2).jpg,Palm
D:\Downloadf\gestures_resized\gestures\08_palm_moved\frame_07_08_0043.png,Palm
D:\Downloadf\gestures_resized\gestures\03_fist\frame_06_03_0125.png,Fist
D:\Downloadf\gestures_resized\gestures\03_fist\WIN_20260217_22_10_47_Pro (3).jpg,Fist
D:\Downloadf\gestures_resized\gestures\08_palm_moved\frame_02_08_0119.png,Palm
D:\Downloadf\gestures_resized\gestures\03_fist\frame_00_03_0031.png,Fist
D:\Downloadf\gestures_resized\gestures\08_palm_moved\frame_08_08_0014.png,Palm
D:\Downloadf\gestures_resized\gestures\04_fist_moved\frame_04_04_0068.png,Fist
D:\Downloadf\gestures_resized\gestures\10_down\frame_08_10_0040.png,Palm
D:\Downloadf\gestures_resized\gestures\01_palm\frame_01_01_0024.png,Palm
D:\Downloadf\gestures_resized\gestures\03_fist\WIN_20260217_22_04_39_Pro (2).jpg,Fist
D:\Downloadf\gestures_resized\gestures\01_palm\WIN_20260217_21_50_39_Pro.jpg,Palm
D:\Downloadf\gestures_resized\gestures\03_fist\WIN_20260220_00_06_45_Pro.jpg,Fist
D:\Downloadf\gestures_resized\gestures\01_palm\WIN_20260217_17_15_27_Pro.jpg,Palm
D:\Downloadf\gestures_resized\gestures\08_palm_moved\WIN_20260217_22_14_30_Pro (3).jpg,Palm
D:\Downloadf\gestures_resized\gestures\01_palm\frame_00_01_0155.png,Palm
D:\Downloadf\gestures_resized\gestures\08_palm_moved\WIN_20260217_20_20_16_Pro.jpg,Palm
D:\Downloadf\gestures_resized\gestures\10_down\frame_09_10_0191.png,Palm
D:\Downloadf\gestures_resized\gestures\04_fist_moved\WIN_20260217_22_21_56_Pro (4).jpg,Fist
D:\Downloadf\gestures_resized\gestures\04_fist_moved\frame_02_04_0178.png,Fist
D:\Downloadf\gestures_resized\gestures\01_palm\frame_07_01_0051.png,Palm
D:\Downloadf\gestures_resized\gestures\03_fist\frame_07_03_0106.png,Fist
D:\Downloadf\gestures_resized\gestures\04_fist_moved\WIN_20260217_20_42_30_Pro.jpg,Fist
D:\Downloadf\gestures_resized\gestures\01_palm\frame_00_01_0170.png,Palm
D:\Downloadf\gestures_resized\gestures\08_palm_moved\frame_02_08_0002.png,Palm
D:\Downloadf\gestures_resized\gestures\03_fist\frame_07_03_0131.png,Fist
D:\Downloadf\gestures_resized\gestures\10_down\WIN_20260217_20_31_11_Pro.jpg,Palm
D:\Downloadf\gestures_resized\gestures\08_palm_moved\frame_08_08_0198.png,Palm
D:\Downloadf\gestures_resized\gestures\10_down\frame_04_10_0030.png,Palm
D:\Downloadf\gestures_resized\gestures\03_fist\WIN_20260217_18_15_20_Pro (2).jpg,Fist
D:\Downloadf\gestures_resized\gestures\10_down\frame_00_10_0013.png,Palm
D:\Downloadf\gestures_resized\gestures\01_palm\WIN_20260217_20_08_34_Pro.jpg,Palm
D:\Downloadf\gestures_resized\gestures\01_palm\frame_00_01_0024.png,Palm
D:\Downloadf\gestures_resized\gestures\01_palm\frame_02_01_0008.png,Palm
D:\Downloadf\gestures_resized\gestures\03_fist\WIN_20260217_18_15_29_Pro (2).jpg,Fist
D:\Downloadf\gestures_resized\gestures\04_fist_moved\frame_09_04_0164.png,Fist
D:\Downloadf\gestures_resized\gestures\03_fist\frame_08_03_0056.png,Fist
D:\Downloadf\gestures_resized\gestures\10_down\WIN_20260217_20_32_04_Pro.jpg,Palm
D:\Downloadf\gestures_resized\gestures\03_fist\frame_01_03_0109.png,Fist
D:\Downloadf\gestures_resized\gestures\01_palm\frame_06_01_0117.png,Palm
D:\Downloadf\gestures_resized\gestures\03_fist\frame_04_03_0159.png,Fist
D:\Downloadf\gestures_resized\gestures\01_palm\frame_00_01_0159.png,Palm
D:\Downloadf\gestures_resized\gestures\10_down\frame_03_10_0016.png,Palm
D:\Downloadf\gestures_resized\gestures\08_palm_moved\frame_04_08_0036.png,Palm
D:\Downloadf\gestures_resized\gestures\10_down\frame_07_10_0179.png,Palm
D:\Downloadf\gestures_resized\gestures\01_palm\WIN_20260220_00_04_59_Pro.jpg,Palm
D:\Downloadf\gestures_resized\gestures\10_down\frame_05_10_0145.png,Palm
D:\Downloadf\gestures_resized\gestures\04_fist_moved\WIN_20260217_18_23_32_Pro.jpg,Fist
D:\Downloadf\gestures_resized\gestures\10_down\frame_09_10_0006.png,Palm
D:\Downloadf\gestures_resized\gestures\08_palm_moved\WIN_20260217_20_20_14_Pro (2).jpg,Palm
D:\Downloadf\gestures_resized\gestures\08_palm_moved\WIN_20260217_22_14_38_Pro (4).jpg,Palm
D:\Downloadf\gestures_resized\gestures\01_palm\frame_09_01_0183.png,Palm
D:\Downloadf\gestures_resized\gestures\08_palm_moved\frame_06_08_0071.png,Palm
D:\Downloadf\gestures_resized\gestures\10_down\WIN_20260217_20_31_42_Pro.jpg,Palm
D:\Downloadf\gestures_resized\gestures\03_fist\frame_09_03_0183.png,Fist
D:\Downloadf\gestures_resized\gestures\08_palm_moved\WIN_20260217_18_33_09_Pro.jpg,Palm
D:\Downloadf\gestures_resized\gestures\04_fist_moved\frame_03_04_0039.png,Fist
D:\Downloadf\gestures_resized\gestures\03_fist\WIN_20260217_19_13_41_Pro (3).jpg,Fist
D:\Downloadf\gestures_resized\gestures\01_palm\WIN_20260220_00_04_23_Pro.jpg,Palm
D:\Downloadf\gestures_resized\gestures\04_fist_moved\frame_00_04_0188.png,Fist
D:\Downloadf\gestures_resized\gestures\08_palm_moved\frame_04_08_0049.png,Palm
D:\Downloadf\gestures_resized\gestures\10_down\frame_07_10_0150.png,Palm
D:\Downloadf\gestures_resized\gestures\03_fist\frame_08_03_0033.png,Fist
D:\Downloadf\gestures_resized\gestures\04_fist_moved\frame_09_04_0167.png,Fist
D:\Downloadf\gestures_resized\gestures\01_palm\frame_06_01_0041.png,Palm
D:\Downloadf\gestures_resized\gestures\03_fist\frame_03_03_0033.png,Fist
D:\Downloadf\gestures_resized\gestures\04_fist_moved\WIN_20260217_18_25_15_Pro.jpg,Fist
D:\Downloadf\gestures_resized\gestures\01_palm\WIN_20260217_20_07_07_Pro.jpg,Palm
D:\Downloadf\gestures_resized\gestures\03_fist\frame_04_03_0094.png,Fist
D:\Downloadf\gestures_resized\gestures\10_down\WIN_20260217_18_19_52_Pro (2).jpg,Palm
D:\Downloadf\gestures_resized\gestures\03_fist\frame_06_03_0059.png,Fist
D:\Downloadf\gestures_resized\gestures\03_fist\WIN_20260217_18_15_17_Pro (2).jpg,Fist
D:\Downloadf\gestures_resized\gestures\03_fist\frame_01_03_0093.png,Fist
D:\Downloadf\gestures_resized\gestures\08_palm_moved\frame_09_08_0127.png,Palm
D:\Downloadf\gestures_resized\gestures\01_palm\WIN_20260217_17_30_43_Pro.jpg,Palm
D:\Downloadf\gestures_resized\gestures\01_palm\frame_04_01_0109.png,Palm
D:\Downloadf\gestures_resized\gestures\01_palm\WIN_20260217_20_01_57_Pro.jpg,Palm
D:\Downloadf\gestures_resized\gestures\03_fist\frame_03_03_0011.png,Fist
D:\Downloadf\gestures_resized\gestures\04_fist_moved\WIN_20260217_20_44_02_Pro (2).jpg,Fist
D:\Downloadf\gestures_resized\gestures\10_down\frame_06_10_0078.png,Palm
D:\Downloadf\gestures_resized\gestures\01_palm\frame_03_01_0173.png,Palm
D:\Downloadf\gestures_resized\gestures\03_fist\frame_01_03_0110.png,Fist
D:\Downloadf\gestures_resized\gestures\03_fist\WIN_20260217_22_04_55_Pro (3).jpg,Fist
D:\Downloadf\gestures_resized\gestures\08_palm_moved\frame_02_08_0185.png,Palm
D:\Downloadf\gestures_resized\gestures\03_fist\WIN_20260217_20_37_41_Pro (2).jpg,Fist
D:\Downloadf\gestures_resized\gestures\04_fist_moved\frame_08_04_0119.png,Fist
D:\Downloadf\gestures_resized\gestures\01_palm\frame_02_01_0005.png,Palm
D:\Downloadf\gestures_resized\gestures\01_palm\WIN_20260217_17_25_19_Pro.jpg,Palm
D:\Downloadf\gestures_resized\gestures\10_down\frame_02_10_0008.png,Palm
D:\Downloadf\gestures_resized\gestures\10_down\frame_01_10_0185.png,Palm
D:\Downloadf\gestures_resized\gestures\01_palm\WIN_20260217_21_50_35_Pro (4).jpg,Palm
D:\Downloadf\gestures_resized\gestures\01_palm\WIN_20260217_21_52_26_Pro.jpg,Palm
D:\Downloadf\gestures_resized\gestures\08_palm_moved\WIN_20260217_20_19_23_Pro.jpg,Palm
D:\Downloadf\gestures_resized\gestures\01_palm\frame_04_01_0039.png,Palm
D:\Downloadf\gestures_resized\gestures\08_palm_moved\frame_08_08_0006.png,Palm
D:\Downloadf\gestures_resized\gestures\08_palm_moved\frame_04_08_0169.png,Palm
D:\Downloadf\gestures_resized\gestures\03_fist\frame_07_03_0194.png,Fist
D:\Downloadf\gestures_resized\gestures\03_fist\frame_03_03_0078.png,Fist
D:\Downloadf\gestures_resized\gestures\10_down\frame_01_10_0032.png,Palm
D:\Downloadf\gestures_resized\gestures\08_palm_moved\frame_00_08_0189.png,Palm
D:\Downloadf\gestures_resized\gestures\01_palm\WIN_20260220_00_02_44_Pro (3).jpg,Palm
D:\Downloadf\gestures_resized\gestures\10_down\frame_00_10_0199.png,Palm
D:\Downloadf\gestures_resized\gestures\03_fist\frame_00_03_0034.png,Fist
D:\Downloadf\gestures_resized\gestures\08_palm_moved\WIN_20260217_18_35_47_Pro.jpg,Palm
D:\Downloadf\gestures_resized\gestures\01_palm\WIN_20260217_20_07_13_Pro.jpg,Palm
D:\Downloadf\gestures_resized\gestures\01_palm\frame_07_01_0157.png,Palm
D:\Downloadf\gestures_resized\gestures\08_palm_moved\frame_01_08_0044.png,Palm
D:\Downloadf\gestures_resized\gestures\08_palm_moved\WIN_20260217_18_33_02_Pro.jpg,Palm
D:\Downloadf\gestures_resized\gestures\01_palm\WIN_20260220_00_01_34_Pro.jpg,Palm
D:\Downloadf\gestures_resized\gestures\04_fist_moved\WIN_20260217_20_46_32_Pro.jpg,Fist
D:\Downloadf\gestures_resized\gestures\10_down\frame_06_10_0154.png,Palm
D:\Downloadf\gestures_resized\gestures\01_palm\WIN_20260217_17_33_50_Pro (2).jpg,Palm
D:\Downloadf\gestures_resized\gestures\01_palm\frame_08_01_0006.png,Palm
D:\Downloadf\gestures_resized\gestures\03_fist\frame_00_03_0090.png,Fist
D:\Downloadf\gestures_resized\gestures\04_fist_moved\frame_06_04_0182.png,Fist
D:\Downloadf\gestures_resized\gestures\10_down\frame_09_10_0117.png,Palm
D:\Downloadf\gestures_resized\gestures\03_fist\WIN_20260217_22_10_55_Pro.jpg,Fist
D:\Downloadf\gestures_resized\gestures\03_fist\Right\frame_09_03_0192.png,Fist
D:\Downloadf\gestures_resized\gestures\01_palm\WIN_20260217_20_12_52_Pro.jpg,Palm
D:\Downloadf\gestures_resized\gestures\10_down\frame_00_10_0114.png,Palm
D:\Downloadf\gestures_resized\gestures\10_down\frame_09_10_0135.png,Palm
D:\Downloadf\gestures_resized\gestures\01_palm\WIN_20260217_20_06_46_Pro.jpg,Palm
D:\Downloadf\gestures_resized\gestures\04_fist_moved\frame_07_04_0005.png,Fist
D:\Downloadf\gestures_resized\gestures\03_fist\frame_08_03_0061.png,Fist
D:\Downloadf\gestures_resized\gestures\04_fist_moved\frame_05_04_0018.png,Fist
D:\Downloadf\gestures_resized\gestures\04_fist_moved\WIN_20260217_22_23_39_Pro (4).jpg,Fist
D:\Downloadf\gestures_resized\gestures\08_palm_moved\frame_01_08_0163.png,Palm
D:\Downloadf\gestures_resized\gestures\02_closeup_fist\WIN_20260220_19_15_29_Pro.jpg,Fist
D:\Downloadf\gestures_resized\gestures\01_palm\frame_07_01_0037.png,Palm
D:\Downloadf\gestures_resized\gestures\08_palm_moved\frame_02_08_0027.png,Palm
D:\Downloadf\gestures_resized\gestures\04_fist_moved\WIN_20260217_22_21_58_Pro.jpg,Fist
D:\Downloadf\gestures_resized\gestures\10_down\WIN_20260217_20_30_12_Pro.jpg,Palm
D:\Downloadf\gestures_resized\gestures\02_closeup_fist\WIN_20260220_19_15_30_Pro.jpg,Fist
D:\Downloadf\gestures_resized\gestures\08_palm_moved\frame_03_08_0125.png,Palm
D:\Downloadf\gestures_resized\gestures\03_fist\WIN_20260217_22_10_41_Pro (3).jpg,Fist
D:\Downloadf\gestures_resized\gestures\01_palm\frame_00_01_0028.png,Palm
D:\Downloadf\gestures_resized\gestures\04_fist_moved\frame_08_04_0175.png,Fist
D:\Downloadf\gestures_resized\gestures\03_fist\frame_07_03_0046.png,Fist
D:\Downloadf\gestures_resized\gestures\03_fist\frame_02_03_0139.png,Fist
D:\Downloadf\gestures_resized\gestures\03_fist\WIN_20260217_19_13_41_Pro.jpg,Fist
D:\Downloadf\gestures_resized\gestures\08_palm_moved\frame_00_08_0134.png,Palm
D:\Downloadf\gestures_resized\gestures\10_down\frame_07_10_0022.png,Palm
D:\Downloadf\gestures_resized\gestures\04_fist_moved\frame_01_04_0177.png,Fist
D:\Downloadf\gestures_resized\gestures\03_fist\WIN_20260220_00_07_12_Pro (3).jpg,Fist
D:\Downloadf\gestures_resized\gestures\01_palm\WIN_20260217_21_39_10_Pro.jpg,Palm
D:\Downloadf\gestures_resized\gestures\03_fist\frame_00_03_0166.png,Fist
D:\Downloadf\gestures_resized\gestures\01_palm\frame_00_01_0189.png,Palm
D:\Downloadf\gestures_resized\gestures\03_fist\WIN_20260220_00_09_44_Pro.jpg,Fist
D:\Downloadf\gestures_resized\gestures\04_fist_moved\frame_04_04_0179.png,Fist
D:\Downloadf\gestures_resized\gestures\03_fist\frame_06_03_0172.png,Fist
D:\Downloadf\gestures_resized\gestures\04_fist_moved\frame_09_04_0194.png,Fist
D:\Downloadf\gestures_resized\gestures\01_palm\frame_03_01_0185.png,Palm
D:\Downloadf\gestures_resized\gestures\03_fist\frame_07_03_0044.png,Fist
D:\Downloadf\gestures_resized\gestures\01_palm\WIN_20260220_00_03_50_Pro (2).jpg,Palm
D:\Downloadf\gestures_resized\gestures\08_palm_moved\WIN_20260217_20_20_07_Pro.jpg,Palm
D:\Downloadf\gestures_resized\gestures\01_palm\frame_06_01_0198.png,Palm
D:\Downloadf\gestures_resized\gestures\10_down\frame_02_10_0101.png,Palm
D:\Downloadf\gestures_resized\gestures\03_fist\frame_04_03_0131.png,Fist
D:\Downloadf\gestures_resized\gestures\03_fist\frame_09_03_0034.png,Fist
D:\Downloadf\gestures_resized\gestures\03_fist\frame_06_03_0089.png,Fist
D:\Downloadf\gestures_resized\gestures\04_fist_moved\frame_09_04_0097.png,Fist
D:\Downloadf\gestures_resized\gestures\08_palm_moved\frame_02_08_0109.png,Palm
D:\Downloadf\gestures_resized\gestures\08_palm_moved\WIN_20260217_22_18_19_Pro.jpg,Palm
D:\Downloadf\gestures_resized\gestures\03_fist\frame_08_03_0004.png,Fist
D:\Downloadf\gestures_resized\gestures\04_fist_moved\frame_09_04_0004.png,Fist
D:\Downloadf\gestures_resized\gestures\08_palm_moved\frame_09_08_0013.png,Palm
D:\Downloadf\gestures_resized\gestures\01_palm\frame_06_01_0001.png,Palm
D:\Downloadf\gestures_resized\gestures\01_palm\WIN_20260217_21_52_23_Pro (3).jpg,Palm
D:\Downloadf\gestures_resized\gestures\01_palm\frame_04_01_0019.png,Palm
D:\Downloadf\gestures_resized\gestures\08_palm_moved\frame_07_08_0004.png,Palm
D:\Downloadf\gestures_resized\gestures\03_fist\Right\frame_09_03_0045.png,Fist
D:\Downloadf\gestures_resized\gestures\03_fist\WIN_20260217_20_35_13_Pro.jpg,Fist
D:\Downloadf\gestures_resized\gestures\08_palm_moved\frame_04_08_0166.png,Palm
D:\Downloadf\gestures_resized\gestures\10_down\frame_08_10_0003.png,Palm
D:\Downloadf\gestures_resized\gestures\03_fist\frame_07_03_0101.png,Fist
D:\Downloadf\gestures_resized\gestures\08_palm_moved\frame_01_08_0175.png,Palm
D:\Downloadf\gestures_resized\gestures\10_down\frame_01_10_0044.png,Palm
D:\Downloadf\gestures_resized\gestures\03_fist\Right\frame_09_03_0056.png,Fist
D:\Downloadf\gestures_resized\gestures\03_fist\WIN_20260217_22_10_58_Pro (4).jpg,Fist
D:\Downloadf\gestures_resized\gestures\01_palm\WIN_20260220_00_03_51_Pro (3).jpg,Palm
D:\Downloadf\gestures_resized\gestures\08_palm_moved\WIN_20260217_22_18_17_Pro (2).jpg,Palm
D:\Downloadf\gestures_resized\gestures\03_fist\Right\frame_09_03_0145.png,Fist
D:\Downloadf\gestures_resized\gestures\03_fist\frame_09_03_0090.png,Fist
D:\Downloadf\gestures_resized\gestures\03_fist\frame_04_03_0118.png,Fist
D:\Downloadf\gestures_resized\gestures\03_fist\frame_05_03_0089.png,Fist
D:\Downloadf\gestures_resized\gestures\03_fist\frame_08_03_0009.png,Fist
D:\Downloadf\gestures_resized\gestures\01_palm\frame_05_01_0170.png,Palm
D:\Downloadf\gestures_resized\gestures\03_fist\frame_03_03_0186.png,Fist
D:\Downloadf\gestures_resized\gestures\03_fist\frame_02_03_0061.png,Fist
D:\Downloadf\gestures_resized\gestures\03_fist\WIN_20260217_19_13_53_Pro.jpg,Fist
D:\Downloadf\gestures_resized\gestures\10_down\frame_05_10_0183.png,Palm
D:\Downloadf\gestures_resized\gestures\03_fist\frame_09_03_0100.png,Fist
D:\Downloadf\gestures_resized\gestures\03_fist\frame_04_03_0061.png,Fist
D:\Downloadf\gestures_resized\gestures\03_fist\WIN_20260217_19_12_25_Pro.jpg,Fist
D:\Downloadf\gestures_resized\gestures\08_palm_moved\frame_05_08_0128.png,Palm
D:\Downloadf\gestures_resized\gestures\03_fist\WIN_20260217_19_14_49_Pro.jpg,Fist
D:\Downloadf\gestures_resized\gestures\10_down\WIN_20260217_20_31_27_Pro.jpg,Palm
D:\Downloadf\gestures_resized\gestures\03_fist\frame_05_03_0101.png,Fist
D:\Downloadf\gestures_resized\gestures\01_palm\WIN_20260220_00_02_02_Pro (2).jpg,Palm
D:\Downloadf\gestures_resized\gestures\10_down\frame_01_10_0194.png,Palm
D:\Downloadf\gestures_resized\gestures\04_fist_moved\WIN_20260217_20_43_55_Pro.jpg,Fist
D:\Downloadf\gestures_resized\gestures\03_fist\WIN_20260217_22_10_50_Pro (2).jpg,Fist
D:\Downloadf\gestures_resized\gestures\08_palm_moved\WIN_20260217_22_19_40_Pro (3).jpg,Palm
D:\Downloadf\gestures_resized\gestures\01_palm\WIN_20260220_00_03_54_Pro.jpg,Palm
D:\Downloadf\gestures_resized\gestures\10_down\frame_06_10_0006.png,Palm
D:\Downloadf\gestures_resized\gestures\03_fist\Right\frame_09_03_0013.png,Fist
D:\Downloadf\gestures_resized\gestures\01_palm\WIN_20260217_21_27_33_Pro.jpg,Palm
D:\Downloadf\gestures_resized\gestures\03_fist\WIN_20260217_22_04_32_Pro.jpg,Fist
D:\Downloadf\gestures_resized\gestures\03_fist\frame_00_03_0073.png,Fist
D:\Downloadf\gestures_resized\gestures\03_fist\WIN_20260220_00_09_31_Pro (3).jpg,Fist
D:\Downloadf\gestures_resized\gestures\01_palm\WIN_20260220_00_01_23_Pro (2).jpg,Palm
D:\Downloadf\gestures_resized\gestures\03_fist\frame_04_03_0100.png,Fist
D:\Downloadf\gestures_resized\gestures\03_fist\WIN_20260217_22_10_46_Pro.jpg,Fist
D:\Downloadf\gestures_resized\gestures\01_palm\frame_06_01_0016.png,Palm
D:\Downloadf\gestures_resized\gestures\04_fist_moved\frame_07_04_0155.png,Fist
D:\Downloadf\gestures_resized\gestures\04_fist_moved\frame_08_04_0191.png,Fist
D:\Downloadf\gestures_resized\gestures\01_palm\frame_00_01_0001.png,Palm
D:\Downloadf\gestures_resized\gestures\03_fist\frame_07_03_0003.png,Fist
D:\Downloadf\gestures_resized\gestures\03_fist\WIN_20260217_18_15_46_Pro (2).jpg,Fist
D:\Downloadf\gestures_resized\gestures\08_palm_moved\frame_05_08_0188.png,Palm
D:\Downloadf\gestures_resized\gestures\04_fist_moved\frame_01_04_0097.png,Fist
D:\Downloadf\gestures_resized\gestures\10_down\WIN_20260217_20_30_22_Pro.jpg,Palm
D:\Downloadf\gestures_resized\gestures\04_fist_moved\WIN_20260217_22_22_04_Pro.jpg,Fist
D:\Downloadf\gestures_resized\gestures\01_palm\frame_05_01_0185.png,Palm
D:\Downloadf\gestures_resized\gestures\10_down\frame_07_10_0034.png,Palm
D:\Downloadf\gestures_resized\gestures\01_palm\WIN_20260220_00_02_09_Pro.jpg,Palm
D:\Downloadf\gestures_resized\gestures\10_down\frame_05_10_0141.png,Palm
D:\Downloadf\gestures_resized\gestures\03_fist\frame_04_03_0191.png,Fist
D:\Downloadf\gestures_resized\gestures\03_fist\frame_00_03_0074.png,Fist
D:\Downloadf\gestures_resized\gestures\10_down\WIN_20260217_20_30_26_Pro.jpg,Palm
D:\Downloadf\gestures_resized\gestures\01_palm\frame_03_01_0165.png,Palm
D:\Downloadf\gestures_resized\gestures\10_down\frame_07_10_0044.png,Palm
D:\Downloadf\gestures_resized\gestures\01_palm\frame_04_01_0119.png,Palm
D:\Downloadf\gestures_resized\gestures\01_palm\WIN_20260217_20_11_20_Pro.jpg,Palm
D:\Downloadf\gestures_resized\gestures\01_palm\WIN_20260220_00_02_20_Pro (3).jpg,Palm
D:\Downloadf\gestures_resized\gestures\03_fist\WIN_20260220_00_10_02_Pro.jpg,Fist
D:\Downloadf\gestures_resized\gestures\08_palm_moved\WIN_20260217_18_35_18_Pro.jpg,Palm
D:\Downloadf\gestures_resized\gestures\10_down\frame_07_10_0145.png,Palm
D:\Downloadf\gestures_resized\gestures\02_closeup_fist\WIN_20260220_19_15_47_Pro.jpg,Fist
D:\Downloadf\gestures_resized\gestures\08_palm_moved\WIN_20260217_22_18_12_Pro.jpg,Palm
D:\Downloadf\gestures_resized\gestures\03_fist\frame_02_03_0043.png,Fist
D:\Downloadf\gestures_resized\gestures\03_fist\WIN_20260217_19_13_43_Pro.jpg,Fist
D:\Downloadf\gestures_resized\gestures\04_fist_moved\frame_06_04_0198.png,Fist
D:\Downloadf\gestures_resized\gestures\08_palm_moved\frame_09_08_0045.png,Palm
D:\Downloadf\gestures_resized\gestures\08_palm_moved\frame_04_08_0042.png,Palm
D:\Downloadf\gestures_resized\gestures\01_palm\WIN_20260217_20_01_49_Pro.jpg,Palm
D:\Downloadf\gestures_resized\gestures\03_fist\frame_01_03_0176.png,Fist
D:\Downloadf\gestures_resized\gestures\04_fist_moved\WIN_20260217_18_25_00_Pro.jpg,Fist
D:\Downloadf\gestures_resized\gestures\04_fist_moved\frame_05_04_0009.png,Fist
D:\Downloadf\gestures_resized\gestures\10_down\WIN_20260217_20_32_20_Pro.jpg,Palm
D:\Downloadf\gestures_resized\gestures\04_fist_moved\frame_02_04_0176.png,Fist
D:\Downloadf\gestures_resized\gestures\01_palm\frame_03_01_0004.png,Palm
D:\Downloadf\gestures_resized\gestures\03_fist\frame_01_03_0168.png,Fist
D:\Downloadf\gestures_resized\gestures\04_fist_moved\frame_06_04_0048.png,Fist
D:\Downloadf\gestures_resized\gestures\01_palm\WIN_20260217_20_06_53_Pro.jpg,Palm
D:\Downloadf\gestures_resized\gestures\02_closeup_fist\WIN_20260220_19_19_24_Pro.jpg,Fist
D:\Downloadf\gestures_resized\gestures\03_fist\WIN_20260217_22_04_47_Pro.jpg,Fist
D:\Downloadf\gestures_resized\gestures\10_down\frame_07_10_0031.png,Palm
D:\Downloadf\gestures_resized\gestures\04_fist_moved\frame_06_04_0193.png,Fist
D:\Downloadf\gestures_resized\gestures\03_fist\frame_01_03_0136.png,Fist
D:\Downloadf\gestures_resized\gestures\01_palm\WIN_20260217_21_52_01_Pro.jpg,Palm
D:\Downloadf\gestures_resized\gestures\04_fist_moved\frame_09_04_0094.png,Fist
D:\Downloadf\gestures_resized\gestures\04_fist_moved\WIN_20260217_20_43_57_Pro (2).jpg,Fist
D:\Downloadf\gestures_resized\gestures\03_fist\frame_06_03_0112.png,Fist
D:\Downloadf\gestures_resized\gestures\03_fist\frame_07_03_0151.png,Fist
D:\Downloadf\gestures_resized\gestures\04_fist_moved\WIN_20260217_18_23_39_Pro.jpg,Fist
D:\Downloadf\gestures_resized\gestures\03_fist\frame_02_03_0083.png,Fist
D:\Downloadf\gestures_resized\gestures\08_palm_moved\WIN_20260217_22_18_26_Pro (3).jpg,Palm
D:\Downloadf\gestures_resized\gestures\04_fist_moved\frame_01_04_0169.png,Fist
D:\Downloadf\gestures_resized\gestures\03_fist\frame_07_03_0089.png,Fist
D:\Downloadf\gestures_resized\gestures\02_closeup_fist\WIN_20260220_19_19_23_Pro.jpg,Fist
D:\Downloadf\gestures_resized\gestures\01_palm\WIN_20260217_17_19_42_Pro.jpg,Palm
D:\Downloadf\gestures_resized\gestures\08_palm_moved\frame_01_08_0072.png,Palm
D:\Downloadf\gestures_resized\gestures\03_fist\WIN_20260217_22_04_26_Pro (2).jpg,Fist
D:\Downloadf\gestures_resized\gestures\10_down\WIN_20260217_18_18_22_Pro (2).jpg,Palm
D:\Downloadf\gestures_resized\gestures\03_fist\frame_06_03_0017.png,Fist
D:\Downloadf\gestures_resized\gestures\08_palm_moved\frame_05_08_0001.png,Palm
D:\Downloadf\gestures_resized\gestures\01_palm\frame_08_01_0009.png,Palm
D:\Downloadf\gestures_resized\gestures\08_palm_moved\WIN_20260217_22_18_18_Pro.jpg,Palm
D:\Downloadf\gestures_resized\gestures\08_palm_moved\frame_01_08_0004.png,Palm
D:\Downloadf\gestures_resized\gestures\03_fist\WIN_20260217_19_14_50_Pro.jpg,Fist
D:\Downloadf\gestures_resized\gestures\03_fist\frame_04_03_0019.png,Fist
D:\Downloadf\gestures_resized\gestures\03_fist\frame_02_03_0007.png,Fist
D:\Downloadf\gestures_resized\gestures\01_palm\WIN_20260220_00_04_54_Pro.jpg,Palm
D:\Downloadf\gestures_resized\gestures\10_down\frame_02_10_0073.png,Palm
D:\Downloadf\gestures_resized\gestures\04_fist_moved\WIN_20260217_18_24_56_Pro.jpg,Fist
D:\Downloadf\gestures_resized\gestures\10_down\frame_02_10_0001.png,Palm
D:\Downloadf\gestures_resized\gestures\01_palm\WIN_20260217_21_52_10_Pro.jpg,Palm
D:\Downloadf\gestures_resized\gestures\04_fist_moved\frame_08_04_0170.png,Fist
D:\Downloadf\gestures_resized\gestures\01_palm\WIN_20260217_17_15_34_Pro.jpg,Palm
D:\Downloadf\gestures_resized\gestures\04_fist_moved\frame_06_04_0001.png,Fist
D:\Downloadf\gestures_resized\gestures\03_fist\frame_05_03_0108.png,Fist
D:\Downloadf\gestures_resized\gestures\03_fist\WIN_20260217_22_04_31_Pro (3).jpg,Fist
D:\Downloadf\gestures_resized\gestures\03_fist\frame_05_03_0028.png,Fist
D:\Downloadf\gestures_resized\gestures\04_fist_moved\frame_08_04_0173.png,Fist
D:\Downloadf\gestures_resized\gestures\04_fist_moved\WIN_20260217_18_23_13_Pro (2).jpg,Fist
D:\Downloadf\gestures_resized\gestures\03_fist\frame_09_03_0050.png,Fist
D:\Downloadf\gestures_resized\gestures\04_fist_moved\frame_08_04_0171.png,Fist
D:\Downloadf\gestures_resized\gestures\01_palm\WIN_20260217_17_23_15_Pro.jpg,Palm
D:\Downloadf\gestures_resized\gestures\03_fist\WIN_20260217_22_10_54_Pro (4).jpg,Fist
D:\Downloadf\gestures_resized\gestures\10_down\WIN_20260217_18_18_05_Pro.jpg,Palm
D:\Downloadf\gestures_resized\gestures\08_palm_moved\frame_08_08_0002.png,Palm
D:\Downloadf\gestures_resized\gestures\10_down\frame_03_10_0149.png,Palm
D:\Downloadf\gestures_resized\gestures\03_fist\frame_09_03_0140.png,Fist
D:\Downloadf\gestures_resized\gestures\01_palm\frame_00_01_0183.png,Palm
D:\Downloadf\gestures_resized\gestures\04_fist_moved\frame_02_04_0085.png,Fist
D:\Downloadf\gestures_resized\gestures\04_fist_moved\frame_03_04_0067.png,Fist
D:\Downloadf\gestures_resized\gestures\01_palm\WIN_20260217_20_12_48_Pro.jpg,Palm
D:\Downloadf\gestures_resized\gestures\03_fist\frame_03_03_0143.png,Fist
D:\Downloadf\gestures_resized\gestures\04_fist_moved\frame_09_04_0189.png,Fist
D:\Downloadf\gestures_resized\gestures\03_fist\WIN_20260220_00_09_21_Pro.jpg,Fist
D:\Downloadf\gestures_resized\gestures\01_palm\WIN_20260217_21_52_05_Pro (4).jpg,Palm
D:\Downloadf\gestures_resized\gestures\03_fist\WIN_20260217_22_10_42_Pro.jpg,Fist
D:\Downloadf\gestures_resized\gestures\01_palm\frame_05_01_0033.png,Palm
D:\Downloadf\gestures_resized\gestures\10_down\frame_06_10_0092.png,Palm
D:\Downloadf\gestures_resized\gestures\08_palm_moved\frame_03_08_0014.png,Palm
D:\Downloadf\gestures_resized\gestures\04_fist_moved\frame_07_04_0043.png,Fist
D:\Downloadf\gestures_resized\gestures\03_fist\WIN_20260217_20_36_52_Pro.jpg,Fist
D:\Downloadf\gestures_resized\gestures\01_palm\frame_08_01_0010.png,Palm
D:\Downloadf\gestures_resized\gestures\10_down\frame_09_10_0134.png,Palm
D:\Downloadf\gestures_resized\gestures\01_palm\WIN_20260220_00_04_54_Pro (2).jpg,Palm
D:\Downloadf\gestures_resized\gestures\03_fist\frame_08_03_0015.png,Fist
D:\Downloadf\gestures_resized\gestures\03_fist\frame_08_03_0089.png,Fist
D:\Downloadf\gestures_resized\gestures\04_fist_moved\frame_09_04_0029.png,Fist
D:\Downloadf\gestures_resized\gestures\10_down\frame_09_10_0139.png,Palm
D:\Downloadf\gestures_resized\gestures\03_fist\frame_05_03_0091.png,Fist
D:\Downloadf\gestures_resized\gestures\10_down\frame_02_10_0009.png,Palm
D:\Downloadf\gestures_resized\gestures\10_down\WIN_20260217_20_30_21_Pro.jpg,Palm
D:\Downloadf\gestures_resized\gestures\01_palm\WIN_20260217_21_52_12_Pro.jpg,Palm
D:\Downloadf\gestures_resized\gestures\04_fist_moved\frame_05_04_0068.png,Fist
D:\Downloadf\gestures_resized\gestures\08_palm_moved\frame_05_08_0196.png,Palm
D:\Downloadf\gestures_resized\gestures\02_closeup_fist\WIN_20260220_19_15_42_Pro.jpg,Fist
D:\Downloadf\gestures_resized\gestures\03_fist\WIN_20260217_19_15_00_Pro (2).jpg,Fist
D:\Downloadf\gestures_resized\gestures\04_fist_moved\frame_09_04_0034.png,Fist
D:\Downloadf\gestures_resized\gestures\03_fist\frame_01_03_0009.png,Fist
D:\Downloadf\gestures_resized\gestures\03_fist\frame_03_03_0024.png,Fist
D:\Downloadf\gestures_resized\gestures\10_down\frame_02_10_0079.png,Palm
D:\Downloadf\gestures_resized\gestures\01_palm\WIN_20260220_00_05_21_Pro (3).jpg,Palm
D:\Downloadf\gestures_resized\gestures\10_down\frame_04_10_0171.png,Palm
D:\Downloadf\gestures_resized\gestures\01_palm\frame_04_01_0017.png,Palm
D:\Downloadf\gestures_resized\gestures\10_down\frame_07_10_0195.png,Palm
D:\Downloadf\gestures_resized\gestures\10_down\frame_02_10_0021.png,Palm
D:\Downloadf\gestures_resized\gestures\04_fist_moved\frame_03_04_0182.png,Fist
D:\Downloadf\gestures_resized\gestures\03_fist\WIN_20260217_20_35_48_Pro (2).jpg,Fist
D:\Downloadf\gestures_resized\gestures\08_palm_moved\WIN_20260217_20_20_25_Pro.jpg,Palm
D:\Downloadf\gestures_resized\gestures\04_fist_moved\frame_02_04_0014.png,Fist
D:\Downloadf\gestures_resized\gestures\08_palm_moved\frame_06_08_0200.png,Palm
D:\Downloadf\gestures_resized\gestures\01_palm\frame_05_01_0137.png,Palm
D:\Downloadf\gestures_resized\gestures\01_palm\WIN_20260220_00_02_10_Pro (2).jpg,Palm
D:\Downloadf\gestures_resized\gestures\03_fist\WIN_20260217_18_15_21_Pro (2).jpg,Fist
D:\Downloadf\gestures_resized\gestures\01_palm\frame_00_01_0175.png,Palm
D:\Downloadf\gestures_resized\gestures\04_fist_moved\WIN_20260217_18_23_31_Pro.jpg,Fist
D:\Downloadf\gestures_resized\gestures\03_fist\frame_00_03_0105.png,Fist
D:\Downloadf\gestures_resized\gestures\10_down\frame_06_10_0195.png,Palm
D:\Downloadf\gestures_resized\gestures\08_palm_moved\frame_09_08_0028.png,Palm
D:\Downloadf\gestures_resized\gestures\10_down\frame_02_10_0024.png,Palm
D:\Downloadf\gestures_resized\gestures\01_palm\WIN_20260220_00_03_05_Pro.jpg,Palm
D:\Downloadf\gestures_resized\gestures\01_palm\WIN_20260220_00_05_13_Pro.jpg,Palm
D:\Downloadf\gestures_resized\gestures\01_palm\frame_01_01_0009.png,Palm
D:\Downloadf\gestures_resized\gestures\10_down\frame_00_10_0009.png,Palm
D:\Downloadf\gestures_resized\gestures\04_fist_moved\frame_01_04_0017.png,Fist
D:\Downloadf\gestures_resized\gestures\03_fist\frame_07_03_0011.png,Fist
D:\Downloadf\gestures_resized\gestures\03_fist\WIN_20260217_19_12_31_Pro.jpg,Fist
D:\Downloadf\gestures_resized\gestures\04_fist_moved\frame_02_04_0031.png,Fist
D:\Downloadf\gestures_resized\gestures\03_fist\frame_07_03_0167.png,Fist
D:\Downloadf\gestures_resized\gestures\08_palm_moved\WIN_20260217_18_35_05_Pro (2).jpg,Palm
D:\Downloadf\gestures_resized\gestures\03_fist\frame_03_03_0018.png,Fist
D:\Downloadf\gestures_resized\gestures\08_palm_moved\frame_07_08_0056.png,Palm
D:\Downloadf\gestures_resized\gestures\04_fist_moved\frame_05_04_0168.png,Fist
D:\Downloadf\gestures_resized\gestures\08_palm_moved\frame_08_08_0040.png,Palm
D:\Downloadf\gestures_resized\gestures\01_palm\frame_00_01_0094.png,Palm
D:\Downloadf\gestures_resized\gestures\10_down\frame_00_10_0052.png,Palm
D:\Downloadf\gestures_resized\gestures\04_fist_moved\frame_04_04_0076.png,Fist
D:\Downloadf\gestures_resized\gestures\03_fist\frame_08_03_0131.png,Fist
D:\Downloadf\gestures_resized\gestures\10_down\WIN_20260217_18_18_24_Pro (2).jpg,Palm
D:\Downloadf\gestures_resized\gestures\10_down\frame_02_10_0003.png,Palm
D:\Downloadf\gestures_resized\gestures\03_fist\frame_00_03_0099.png,Fist
D:\Downloadf\gestures_resized\gestures\03_fist\frame_09_03_0065.png,Fist
D:\Downloadf\gestures_resized\gestures\10_down\frame_03_10_0141.png,Palm
D:\Downloadf\gestures_resized\gestures\08_palm_moved\frame_07_08_0196.png,Palm
D:\Downloadf\gestures_resized\gestures\01_palm\WIN_20260220_00_02_40_Pro (2).jpg,Palm
D:\Downloadf\gestures_resized\gestures\03_fist\frame_04_03_0188.png,Fist
D:\Downloadf\gestures_resized\gestures\03_fist\frame_00_03_0199.png,Fist
D:\Downloadf\gestures_resized\gestures\10_down\frame_05_10_0002.png,Palm
D:\Downloadf\gestures_resized\gestures\04_fist_moved\frame_09_04_0021.png,Fist
D:\Downloadf\gestures_resized\gestures\01_palm\WIN_20260220_00_04_03_Pro.jpg,Palm
D:\Downloadf\gestures_resized\gestures\03_fist\frame_09_03_0161.png,Fist
D:\Downloadf\gestures_resized\gestures\08_palm_moved\frame_09_08_0102.png,Palm
D:\Downloadf\gestures_resized\gestures\08_palm_moved\frame_07_08_0200.png,Palm
D:\Downloadf\gestures_resized\gestures\03_fist\frame_05_03_0090.png,Fist
D:\Downloadf\gestures_resized\gestures\01_palm\frame_07_01_0038.png,Palm
D:\Downloadf\gestures_resized\gestures\03_fist\WIN_20260217_19_14_46_Pro (2).jpg,Fist
D:\Downloadf\gestures_resized\gestures\10_down\frame_02_10_0184.png,Palm
D:\Downloadf\gestures_resized\gestures\03_fist\frame_06_03_0003.png,Fist
D:\Downloadf\gestures_resized\gestures\04_fist_moved\frame_09_04_0002.png,Fist
D:\Downloadf\gestures_resized\gestures\03_fist\frame_07_03_0014.png,Fist
D:\Downloadf\gestures_resized\gestures\03_fist\frame_01_03_0020.png,Fist
D:\Downloadf\gestures_resized\gestures\03_fist\WIN_20260217_22_10_43_Pro.jpg,Fist
D:\Downloadf\gestures_resized\gestures\01_palm\frame_02_01_0187.png,Palm
D:\Downloadf\gestures_resized\gestures\01_palm\WIN_20260220_00_03_53_Pro (2).jpg,Palm
D:\Downloadf\gestures_resized\gestures\03_fist\frame_00_03_0076.png,Fist
D:\Downloadf\gestures_resized\gestures\10_down\frame_05_10_0193.png,Palm
D:\Downloadf\gestures_resized\gestures\03_fist\frame_06_03_0056.png,Fist
D:\Downloadf\gestures_resized\gestures\10_down\WIN_20260217_20_32_16_Pro.jpg,Palm
D:\Downloadf\gestures_resized\gestures\01_palm\frame_00_01_0086.png,Palm
D:\Downloadf\gestures_resized\gestures\04_fist_moved\frame_00_04_0189.png,Fist
D:\Downloadf\gestures_resized\gestures\01_palm\WIN_20260217_17_30_56_Pro.jpg,Palm
D:\Downloadf\gestures_resized\gestures\01_palm\WIN_20260220_00_03_27_Pro.jpg,Palm
D:\Downloadf\gestures_resized\gestures\03_fist\WIN_20260217_22_10_52_Pro.jpg,Fist
D:\Downloadf\gestures_resized\gestures\01_palm\WIN_20260217_17_29_53_Pro.jpg,Palm
D:\Downloadf\gestures_resized\gestures\03_fist\WIN_20260217_19_12_18_Pro (3).jpg,Fist
D:\Downloadf\gestures_resized\gestures\04_fist_moved\WIN_20260217_22_21_41_Pro (2).jpg,Fist
D:\Downloadf\gestures_resized\gestures\04_fist_moved\frame_06_04_0173.png,Fist
D:\Downloadf\gestures_resized\gestures\01_palm\WIN_20260217_21_52_21_Pro (2).jpg,Palm
D:\Downloadf\gestures_resized\gestures\03_fist\WIN_20260217_22_10_51_Pro (3).jpg,Fist
D:\Downloadf\gestures_resized\gestures\03_fist\WIN_20260220_00_09_19_Pro (2).jpg,Fist
D:\Downloadf\gestures_resized\gestures\08_palm_moved\frame_04_08_0175.png,Palm
D:\Downloadf\gestures_resized\gestures\01_palm\frame_02_01_0002.png,Palm
D:\Downloadf\gestures_resized\gestures\10_down\frame_04_10_0053.png,Palm
D:\Downloadf\gestures_resized\gestures\08_palm_moved\WIN_20260217_18_33_03_Pro (3).jpg,Palm
D:\Downloadf\gestures_resized\gestures\08_palm_moved\WIN_20260217_20_20_00_Pro (2).jpg,Palm
D:\Downloadf\gestures_resized\gestures\03_fist\WIN_20260217_19_12_35_Pro (3).jpg,Fist
D:\Downloadf\gestures_resized\gestures\08_palm_moved\frame_05_08_0136.png,Palm
D:\Downloadf\gestures_resized\gestures\01_palm\frame_00_01_0108.png,Palm
D:\Downloadf\gestures_resized\gestures\01_palm\WIN_20260220_00_04_16_Pro.jpg,Palm
D:\Downloadf\gestures_resized\gestures\04_fist_moved\frame_00_04_0191.png,Fist
D:\Downloadf\gestures_resized\gestures\08_palm_moved\frame_08_08_0010.png,Palm
D:\Downloadf\gestures_resized\gestures\08_palm_moved\frame_07_08_0041.png,Palm
D:\Downloadf\gestures_resized\gestures\08_palm_moved\frame_03_08_0155.png,Palm
D:\Downloadf\gestures_resized\gestures\04_fist_moved\WIN_20260217_20_45_05_Pro.jpg,Fist
D:\Downloadf\gestures_resized\gestures\08_palm_moved\WIN_20260217_20_20_56_Pro.jpg,Palm
D:\Downloadf\gestures_resized\gestures\04_fist_moved\frame_04_04_0014.png,Fist
D:\Downloadf\gestures_resized\gestures\04_fist_moved\frame_06_04_0156.png,Fist
D:\Downloadf\gestures_resized\gestures\04_fist_moved\WIN_20260217_18_23_22_Pro.jpg,Fist
D:\Downloadf\gestures_resized\gestures\10_down\frame_05_10_0185.png,Palm
D:\Downloadf\gestures_resized\gestures\04_fist_moved\frame_04_04_0077.png,Fist
D:\Downloadf\gestures_resized\gestures\08_palm_moved\frame_03_08_0060.png,Palm
D:\Downloadf\gestures_resized\gestures\03_fist\frame_03_03_0162.png,Fist
D:\Downloadf\gestures_resized\gestures\03_fist\frame_09_03_0049.png,Fist
D:\Downloadf\gestures_resized\gestures\02_closeup_fist\WIN_20260220_19_16_49_Pro.jpg,Fist
D:\Downloadf\gestures_resized\gestures\01_palm\WIN_20260220_00_03_36_Pro.jpg,Palm
D:\Downloadf\gestures_resized\gestures\03_fist\frame_09_03_0028.png,Fist
D:\Downloadf\gestures_resized\gestures\08_palm_moved\WIN_20260217_22_14_30_Pro (2).jpg,Palm
D:\Downloadf\gestures_resized\gestures\03_fist\frame_01_03_0115.png,Fist
D:\Downloadf\gestures_resized\gestures\03_fist\WIN_20260217_22_10_49_Pro (4).jpg,Fist
D:\Downloadf\gestures_resized\gestures\01_palm\WIN_20260217_17_25_06_Pro.jpg,Palm
D:\Downloadf\gestures_resized\gestures\04_fist_moved\WIN_20260217_22_23_33_Pro (3).jpg,Fist
D:\Downloadf\gestures_resized\gestures\10_down\frame_08_10_0195.png,Palm
D:\Downloadf\gestures_resized\gestures\08_palm_moved\frame_08_08_0193.png,Palm
D:\Downloadf\gestures_resized\gestures\04_fist_moved\WIN_20260217_20_44_46_Pro.jpg,Fist
D:\Downloadf\gestures_resized\gestures\03_fist\frame_05_03_0086.png,Fist
D:\Downloadf\gestures_resized\gestures\03_fist\frame_00_03_0011.png,Fist
D:\Downloadf\gestures_resized\gestures\03_fist\WIN_20260217_22_10_53_Pro (4).jpg,Fist
D:\Downloadf\gestures_resized\gestures\03_fist\frame_05_03_0142.png,Fist
D:\Downloadf\gestures_resized\gestures\04_fist_moved\WIN_20260217_18_23_30_Pro.jpg,Fist
D:\Downloadf\gestures_resized\gestures\01_palm\frame_05_01_0183.png,Palm
D:\Downloadf\gestures_resized\gestures\08_palm_moved\WIN_20260217_20_20_17_Pro.jpg,Palm
D:\Downloadf\gestures_resized\gestures\03_fist\frame_02_03_0147.png,Fist
D:\Downloadf\gestures_resized\gestures\03_fist\WIN_20260217_22_05_01_Pro (3).jpg,Fist
D:\Downloadf\gestures_resized\gestures\08_palm_moved\frame_06_08_0018.png,Palm
D:\Downloadf\gestures_resized\gestures\01_palm\frame_02_01_0072.png,Palm
D:\Downloadf\gestures_resized\gestures\10_down\frame_02_10_0178.png,Palm
D:\Downloadf\gestures_resized\gestures\10_down\WIN_20260217_18_17_49_Pro.jpg,Palm
D:\Downloadf\gestures_resized\gestures\10_down\frame_08_10_0157.png,Palm
D:\Downloadf\gestures_resized\gestures\10_down\frame_03_10_0199.png,Palm
D:\Downloadf\gestures_resized\gestures\02_closeup_fist\WIN_20260220_19_19_08_Pro.jpg,Fist
D:\Downloadf\gestures_resized\gestures\03_fist\frame_03_03_0123.png,Fist
D:\Downloadf\gestures_resized\gestures\08_palm_moved\frame_03_08_0164.png,Palm
D:\Downloadf\gestures_resized\gestures\10_down\frame_09_10_0129.png,Palm
D:\Downloadf\gestures_resized\gestures\04_fist_moved\frame_04_04_0172.png,Fist
D:\Downloadf\gestures_resized\gestures\08_palm_moved\frame_03_08_0022.png,Palm
D:\Downloadf\gestures_resized\gestures\01_palm\WIN_20260217_17_31_04_Pro.jpg,Palm
D:\Downloadf\gestures_resized\gestures\04_fist_moved\WIN_20260217_18_24_44_Pro.jpg,Fist
D:\Downloadf\gestures_resized\gestures\10_down\frame_06_10_0200.png,Palm
D:\Downloadf\gestures_resized\gestures\03_fist\Right\frame_09_03_0114.png,Fist
D:\Downloadf\gestures_resized\gestures\03_fist\WIN_20260217_22_04_35_Pro (5).jpg,Fist
D:\Downloadf\gestures_resized\gestures\10_down\WIN_20260217_18_19_36_Pro.jpg,Palm
D:\Downloadf\gestures_resized\gestures\03_fist\frame_01_03_0037.png,Fist
D:\Downloadf\gestures_resized\gestures\02_closeup_fist\WIN_20260220_19_16_33_Pro.jpg,Fist
D:\Downloadf\gestures_resized\gestures\01_palm\frame_00_01_0195.png,Palm
D:\Downloadf\gestures_resized\gestures\10_down\frame_08_10_0178.png,Palm
D:\Downloadf\gestures_resized\gestures\03_fist\Right\frame_09_03_0165.png,Fist
D:\Downloadf\gestures_resized\gestures\01_palm\frame_06_01_0177.png,Palm
D:\Downloadf\gestures_resized\gestures\03_fist\frame_08_03_0170.png,Fist
D:\Downloadf\gestures_resized\gestures\03_fist\Right\frame_09_03_0101.png,Fist
D:\Downloadf\gestures_resized\gestures\01_palm\WIN_20260217_17_19_37_Pro.jpg,Palm
D:\Downloadf\gestures_resized\gestures\04_fist_moved\frame_06_04_0052.png,Fist
D:\Downloadf\gestures_resized\gestures\03_fist\Right\frame_09_03_0070.png,Fist
D:\Downloadf\gestures_resized\gestures\01_palm\WIN_20260217_20_12_53_Pro.jpg,Palm
D:\Downloadf\gestures_resized\gestures\04_fist_moved\frame_05_04_0188.png,Fist
D:\Downloadf\gestures_resized\gestures\10_down\frame_03_10_0122.png,Palm
D:\Downloadf\gestures_resized\gestures\04_fist_moved\frame_05_04_0200.png,Fist
D:\Downloadf\gestures_resized\gestures\03_fist\frame_06_03_0018.png,Fist
D:\Downloadf\gestures_resized\gestures\01_palm\WIN_20260217_20_12_47_Pro.jpg,Palm
D:\Downloadf\gestures_resized\gestures\04_fist_moved\frame_03_04_0171.png,Fist
D:\Downloadf\gestures_resized\gestures\08_palm_moved\frame_04_08_0170.png,Palm
D:\Downloadf\gestures_resized\gestures\03_fist\frame_05_03_0022.png,Fist
D:\Downloadf\gestures_resized\gestures\04_fist_moved\frame_02_04_0092.png,Fist
D:\Downloadf\gestures_resized\gestures\10_down\frame_00_10_0039.png,Palm
D:\Downloadf\gestures_resized\gestures\08_palm_moved\frame_03_08_0048.png,Palm
D:\Downloadf\gestures_resized\gestures\01_palm\WIN_20260217_17_16_23_Pro.jpg,Palm
D:\Downloadf\gestures_resized\gestures\01_palm\WIN_20260217_20_11_32_Pro.jpg,Palm
D:\Downloadf\gestures_resized\gestures\10_down\WIN_20260217_20_32_17_Pro.jpg,Palm
D:\Downloadf\gestures_resized\gestures\03_fist\WIN_20260217_18_15_25_Pro (2).jpg,Fist
D:\Downloadf\gestures_resized\gestures\08_palm_moved\WIN_20260217_20_18_47_Pro.jpg,Palm
D:\Downloadf\gestures_resized\gestures\04_fist_moved\frame_00_04_0144.png,Fist
D:\Downloadf\gestures_resized\gestures\03_fist\WIN_20260217_22_04_57_Pro (2).jpg,Fist
D:\Downloadf\gestures_resized\gestures\03_fist\WIN_20260217_19_14_59_Pro (2).jpg,Fist
D:\Downloadf\gestures_resized\gestures\01_palm\WIN_20260217_17_23_21_Pro.jpg,Palm
D:\Downloadf\gestures_resized\gestures\08_palm_moved\WIN_20260217_18_33_29_Pro.jpg,Palm
D:\Downloadf\gestures_resized\gestures\10_down\frame_09_10_0009.png,Palm
D:\Downloadf\gestures_resized\gestures\10_down\frame_03_10_0032.png,Palm
D:\Downloadf\gestures_resized\gestures\04_fist_moved\WIN_20260217_20_42_43_Pro (2).jpg,Fist
D:\Downloadf\gestures_resized\gestures\03_fist\Right\frame_09_03_0148.png,Fist
D:\Downloadf\gestures_resized\gestures\03_fist\WIN_20260217_18_15_39_Pro (2).jpg,Fist
D:\Downloadf\gestures_resized\gestures\01_palm\WIN_20260220_00_02_21_Pro (3).jpg,Palm
D:\Downloadf\gestures_resized\gestures\01_palm\WIN_20260217_17_23_26_Pro.jpg,Palm
D:\Downloadf\gestures_resized\gestures\10_down\frame_09_10_0185.png,Palm
D:\Downloadf\gestures_resized\gestures\03_fist\frame_09_03_0022.png,Fist
D:\Downloadf\gestures_resized\gestures\10_down\frame_08_10_0192.png,Palm
D:\Downloadf\gestures_resized\gestures\04_fist_moved\frame_09_04_0075.png,Fist
D:\Downloadf\gestures_resized\gestures\04_fist_moved\frame_09_04_0086.png,Fist
D:\Downloadf\gestures_resized\gestures\08_palm_moved\frame_05_08_0022.png,Palm
D:\Downloadf\gestures_resized\gestures\04_fist_moved\frame_06_04_0189.png,Fist
D:\Downloadf\gestures_resized\gestures\04_fist_moved\WIN_20260217_18_23_25_Pro (2).jpg,Fist
D:\Downloadf\gestures_resized\gestures\01_palm\frame_00_01_0042.png,Palm
D:\Downloadf\gestures_resized\gestures\01_palm\frame_06_01_0060.png,Palm
D:\Downloadf\gestures_resized\gestures\03_fist\frame_06_03_0033.png,Fist
D:\Downloadf\gestures_resized\gestures\03_fist\WIN_20260220_00_09_11_Pro.jpg,Fist
D:\Downloadf\gestures_resized\gestures\04_fist_moved\frame_08_04_0179.png,Fist
D:\Downloadf\gestures_resized\gestures\01_palm\frame_00_01_0038.png,Palm
D:\Downloadf\gestures_resized\gestures\03_fist\WIN_20260220_00_09_48_Pro.jpg,Fist
D:\Downloadf\gestures_resized\gestures\02_closeup_fist\WIN_20260220_19_16_09_Pro.jpg,Fist
D:\Downloadf\gestures_resized\gestures\03_fist\WIN_20260217_18_01_45_Pro (2).jpg,Fist
D:\Downloadf\gestures_resized\gestures\04_fist_moved\WIN_20260217_20_42_50_Pro.jpg,Fist
D:\Downloadf\gestures_resized\gestures\08_palm_moved\frame_02_08_0200.png,Palm
D:\Downloadf\gestures_resized\gestures\04_fist_moved\WIN_20260217_18_25_12_Pro (2).jpg,Fist
D:\Downloadf\gestures_resized\gestures\04_fist_moved\WIN_20260217_22_23_38_Pro.jpg,Fist
D:\Downloadf\gestures_resized\gestures\03_fist\frame_09_03_0130.png,Fist
D:\Downloadf\gestures_resized\gestures\03_fist\WIN_20260216_23_46_41_Pro.jpg,Fist
D:\Downloadf\gestures_resized\gestures\03_fist\frame_02_03_0178.png,Fist
D:\Downloadf\gestures_resized\gestures\10_down\frame_03_10_0018.png,Palm
D:\Downloadf\gestures_resized\gestures\03_fist\frame_00_03_0016.png,Fist
D:\Downloadf\gestures_resized\gestures\08_palm_moved\frame_05_08_0141.png,Palm
D:\Downloadf\gestures_resized\gestures\03_fist\frame_01_03_0068.png,Fist
D:\Downloadf\gestures_resized\gestures\03_fist\WIN_20260217_20_37_32_Pro.jpg,Fist
D:\Downloadf\gestures_resized\gestures\04_fist_moved\WIN_20260217_22_23_41_Pro (2).jpg,Fist
D:\Downloadf\gestures_resized\gestures\10_down\WIN_20260217_20_31_17_Pro.jpg,Palm
D:\Downloadf\gestures_resized\gestures\01_palm\WIN_20260220_00_04_54_Pro (3).jpg,Palm
D:\Downloadf\gestures_resized\gestures\04_fist_moved\frame_01_04_0166.png,Fist
D:\Downloadf\gestures_resized\gestures\04_fist_moved\frame_04_04_0186.png,Fist
D:\Downloadf\gestures_resized\gestures\01_palm\frame_03_01_0189.png,Palm
D:\Downloadf\gestures_resized\gestures\10_down\frame_08_10_0153.png,Palm
D:\Downloadf\gestures_resized\gestures\03_fist\WIN_20260217_22_04_49_Pro (5).jpg,Fist
D:\Downloadf\gestures_resized\gestures\03_fist\frame_00_03_0049.png,Fist
D:\Downloadf\gestures_resized\gestures\10_down\frame_05_10_0011.png,Palm
D:\Downloadf\gestures_resized\gestures\01_palm\WIN_20260217_21_27_32_Pro.jpg,Palm
D:\Downloadf\gestures_resized\gestures\03_fist\frame_03_03_0138.png,Fist
D:\Downloadf\gestures_resized\gestures\03_fist\frame_01_03_0140.png,Fist
D:\Downloadf\gestures_resized\gestures\03_fist\frame_03_03_0112.png,Fist
D:\Downloadf\gestures_resized\gestures\10_down\WIN_20260217_20_30_25_Pro.jpg,Palm
D:\Downloadf\gestures_resized\gestures\03_fist\frame_01_03_0083.png,Fist
D:\Downloadf\gestures_resized\gestures\01_palm\WIN_20260220_00_03_16_Pro (2).jpg,Palm
D:\Downloadf\gestures_resized\gestures\08_palm_moved\frame_07_08_0019.png,Palm
D:\Downloadf\gestures_resized\gestures\04_fist_moved\WIN_20260217_20_43_48_Pro (2).jpg,Fist
D:\Downloadf\gestures_resized\gestures\01_palm\WIN_20260217_21_39_11_Pro (4).jpg,Palm
D:\Downloadf\gestures_resized\gestures\10_down\frame_09_10_0122.png,Palm
D:\Downloadf\gestures_resized\gestures\01_palm\frame_04_01_0131.png,Palm
D:\Downloadf\gestures_resized\gestures\01_palm\frame_06_01_0114.png,Palm
D:\Downloadf\gestures_resized\gestures\03_fist\frame_01_03_0050.png,Fist
D:\Downloadf\gestures_resized\gestures\03_fist\WIN_20260217_19_13_46_Pro (2).jpg,Fist
D:\Downloadf\gestures_resized\gestures\08_palm_moved\frame_05_08_0070.png,Palm
D:\Downloadf\gestures_resized\gestures\04_fist_moved\WIN_20260217_20_46_20_Pro.jpg,Fist
D:\Downloadf\gestures_resized\gestures\03_fist\frame_01_03_0195.png,Fist
D:\Downloadf\gestures_resized\gestures\10_down\frame_02_10_0177.png,Palm
D:\Downloadf\gestures_resized\gestures\10_down\WIN_20260217_20_30_55_Pro.jpg,Palm
D:\Downloadf\gestures_resized\gestures\03_fist\frame_02_03_0056.png,Fist
D:\Downloadf\gestures_resized\gestures\04_fist_moved\WIN_20260217_18_23_21_Pro (2).jpg,Fist
D:\Downloadf\gestures_resized\gestures\08_palm_moved\frame_00_08_0073.png,Palm
D:\Downloadf\gestures_resized\gestures\03_fist\frame_08_03_0176.png,Fist
D:\Downloadf\gestures_resized\gestures\03_fist\WIN_20260220_00_09_21_Pro (2).jpg,Fist
D:\Downloadf\gestures_resized\gestures\10_down\frame_06_10_0067.png,Palm
D:\Downloadf\gestures_resized\gestures\01_palm\WIN_20260217_17_25_09_Pro.jpg,Palm
D:\Downloadf\gestures_resized\gestures\10_down\frame_02_10_0010.png,Palm
D:\Downloadf\gestures_resized\gestures\03_fist\frame_09_03_0014.png,Fist
D:\Downloadf\gestures_resized\gestures\04_fist_moved\frame_01_04_0085.png,Fist
D:\Downloadf\gestures_resized\gestures\01_palm\frame_07_01_0154.png,Palm
D:\Downloadf\gestures_resized\gestures\03_fist\WIN_20260217_22_10_48_Pro (4).jpg,Fist
D:\Downloadf\gestures_resized\gestures\03_fist\WIN_20260217_22_10_46_Pro (3).jpg,Fist
D:\Downloadf\gestures_resized\gestures\03_fist\frame_00_03_0057.png,Fist
D:\Downloadf\gestures_resized\gestures\01_palm\frame_09_01_0050.png,Palm
D:\Downloadf\gestures_resized\gestures\10_down\frame_04_10_0015.png,Palm
D:\Downloadf\gestures_resized\gestures\10_down\frame_00_10_0175.png,Palm
D:\Downloadf\gestures_resized\gestures\10_down\frame_07_10_0046.png,Palm
D:\Downloadf\gestures_resized\gestures\10_down\frame_04_10_0031.png,Palm
D:\Downloadf\gestures_resized\gestures\03_fist\frame_02_03_0144.png,Fist
D:\Downloadf\gestures_resized\gestures\08_palm_moved\frame_05_08_0027.png,Palm
D:\Downloadf\gestures_resized\gestures\10_down\WIN_20260217_18_20_34_Pro (2).jpg,Palm
D:\Downloadf\gestures_resized\gestures\03_fist\frame_01_03_0160.png,Fist
D:\Downloadf\gestures_resized\gestures\10_down\frame_04_10_0154.png,Palm
D:\Downloadf\gestures_resized\gestures\08_palm_moved\frame_05_08_0190.png,Palm
D:\Downloadf\gestures_resized\gestures\10_down\frame_01_10_0192.png,Palm
D:\Downloadf\gestures_resized\gestures\04_fist_moved\frame_06_04_0158.png,Fist
D:\Downloadf\gestures_resized\gestures\10_down\frame_07_10_0018.png,Palm
D:\Downloadf\gestures_resized\gestures\01_palm\frame_08_01_0167.png,Palm
D:\Downloadf\gestures_resized\gestures\08_palm_moved\frame_04_08_0194.png,Palm
D:\Downloadf\gestures_resized\gestures\03_fist\WIN_20260217_22_04_46_Pro (4).jpg,Fist
D:\Downloadf\gestures_resized\gestures\03_fist\frame_08_03_0048.png,Fist
D:\Downloadf\gestures_resized\gestures\10_down\frame_09_10_0012.png,Palm
D:\Downloadf\gestures_resized\gestures\01_palm\WIN_20260217_20_09_57_Pro.jpg,Palm
D:\Downloadf\gestures_resized\gestures\03_fist\frame_06_03_0193.png,Fist
D:\Downloadf\gestures_resized\gestures\01_palm\WIN_20260217_21_52_29_Pro.jpg,Palm
D:\Downloadf\gestures_resized\gestures\10_down\WIN_20260217_20_31_43_Pro.jpg,Palm
D:\Downloadf\gestures_resized\gestures\04_fist_moved\frame_03_04_0187.png,Fist
D:\Downloadf\gestures_resized\gestures\03_fist\WIN_20260217_20_35_24_Pro.jpg,Fist
D:\Downloadf\gestures_resized\gestures\03_fist\WIN_20260217_20_38_28_Pro.jpg,Fist
D:\Downloadf\gestures_resized\gestures\08_palm_moved\frame_08_08_0048.png,Palm
D:\Downloadf\gestures_resized\gestures\10_down\frame_05_10_0013.png,Palm
D:\Downloadf\gestures_resized\gestures\10_down\WIN_20260217_18_18_02_Pro.jpg,Palm
D:\Downloadf\gestures_resized\gestures\02_closeup_fist\WIN_20260220_19_15_36_Pro.jpg,Fist
D:\Downloadf\gestures_resized\gestures\10_down\WIN_20260217_20_29_54_Pro.jpg,Palm
D:\Downloadf\gestures_resized\gestures\10_down\frame_09_10_0018.png,Palm
D:\Downloadf\gestures_resized\gestures\08_palm_moved\frame_03_08_0016.png,Palm
D:\Downloadf\gestures_resized\gestures\08_palm_moved\frame_08_08_0047.png,Palm
D:\Downloadf\gestures_resized\gestures\01_palm\WIN_20260217_20_10_38_Pro.jpg,Palm
D:\Downloadf\gestures_resized\gestures\04_fist_moved\frame_01_04_0100.png,Fist
D:\Downloadf\gestures_resized\gestures\01_palm\WIN_20260217_20_01_24_Pro.jpg,Palm
D:\Downloadf\gestures_resized\gestures\03_fist\frame_02_03_0131.png,Fist
D:\Downloadf\gestures_resized\gestures\10_down\frame_03_10_0154.png,Palm
D:\Downloadf\gestures_resized\gestures\04_fist_moved\frame_06_04_0028.png,Fist
D:\Downloadf\gestures_resized\gestures\03_fist\frame_06_03_0027.png,Fist
D:\Downloadf\gestures_resized\gestures\10_down\frame_08_10_0050.png,Palm
D:\Downloadf\gestures_resized\gestures\03_fist\WIN_20260217_22_04_30_Pro (5).jpg,Fist
D:\Downloadf\gestures_resized\gestures\01_palm\WIN_20260217_17_24_50_Pro.jpg,Palm
D:\Downloadf\gestures_resized\gestures\10_down\frame_04_10_0016.png,Palm
D:\Downloadf\gestures_resized\gestures\01_palm\WIN_20260217_17_29_56_Pro (2).jpg,Palm
D:\Downloadf\gestures_resized\gestures\10_down\frame_09_10_0020.png,Palm
D:\Downloadf\gestures_resized\gestures\03_fist\frame_07_03_0010.png,Fist
D:\Downloadf\gestures_resized\gestures\03_fist\WIN_20260217_22_04_57_Pro (3).jpg,Fist
D:\Downloadf\gestures_resized\gestures\01_palm\frame_05_01_0182.png,Palm
D:\Downloadf\gestures_resized\gestures\08_palm_moved\frame_05_08_0170.png,Palm
D:\Downloadf\gestures_resized\gestures\04_fist_moved\WIN_20260217_22_23_37_Pro (3).jpg,Fist
D:\Downloadf\gestures_resized\gestures\02_closeup_fist\WIN_20260220_19_17_10_Pro.jpg,Fist
D:\Downloadf\gestures_resized\gestures\01_palm\frame_01_01_0056.png,Palm
D:\Downloadf\gestures_resized\gestures\01_palm\frame_02_01_0067.png,Palm
D:\Downloadf\gestures_resized\gestures\01_palm\frame_00_01_0031.png,Palm
D:\Downloadf\gestures_resized\gestures\03_fist\WIN_20260217_22_10_45_Pro (3).jpg,Fist
D:\Downloadf\gestures_resized\gestures\03_fist\frame_03_03_0048.png,Fist
D:\Downloadf\gestures_resized\gestures\08_palm_moved\WIN_20260217_22_14_38_Pro (2).jpg,Palm
D:\Downloadf\gestures_resized\gestures\10_down\frame_02_10_0028.png,Palm
D:\Downloadf\gestures_resized\gestures\03_fist\frame_08_03_0066.png,Fist
D:\Downloadf\gestures_resized\gestures\10_down\WIN_20260217_20_30_29_Pro (2).jpg,Palm
D:\Downloadf\gestures_resized\gestures\01_palm\frame_03_01_0071.png,Palm
D:\Downloadf\gestures_resized\gestures\01_palm\WIN_20260220_00_03_20_Pro (4).jpg,Palm
D:\Downloadf\gestures_resized\gestures\10_down\frame_04_10_0001.png,Palm
D:\Downloadf\gestures_resized\gestures\03_fist\frame_04_03_0075.png,Fist
D:\Downloadf\gestures_resized\gestures\10_down\frame_05_10_0152.png,Palm
D:\Downloadf\gestures_resized\gestures\01_palm\WIN_20260220_00_02_18_Pro (2).jpg,Palm
D:\Downloadf\gestures_resized\gestures\03_fist\frame_08_03_0028.png,Fist
D:\Downloadf\gestures_resized\gestures\04_fist_moved\frame_04_04_0017.png,Fist
D:\Downloadf\gestures_resized\gestures\04_fist_moved\WIN_20260217_22_22_03_Pro.jpg,Fist
D:\Downloadf\gestures_resized\gestures\10_down\frame_08_10_0194.png,Palm
D:\Downloadf\gestures_resized\gestures\03_fist\WIN_20260217_20_35_22_Pro.jpg,Fist
D:\Downloadf\gestures_resized\gestures\03_fist\WIN_20260217_22_04_33_Pro (5).jpg,Fist
D:\Downloadf\gestures_resized\gestures\08_palm_moved\WIN_20260217_22_18_16_Pro.jpg,Palm
D:\Downloadf\gestures_resized\gestures\03_fist\WIN_20260217_22_10_59_Pro (2).jpg,Fist
D:\Downloadf\gestures_resized\gestures\01_palm\frame_00_01_0104.png,Palm
D:\Downloadf\gestures_resized\gestures\08_palm_moved\frame_07_08_0058.png,Palm
D:\Downloadf\gestures_resized\gestures\03_fist\Right\frame_09_03_0132.png,Fist
D:\Downloadf\gestures_resized\gestures\08_palm_moved\frame_07_08_0036.png,Palm
D:\Downloadf\gestures_resized\gestures\01_palm\frame_08_01_0033.png,Palm
D:\Downloadf\gestures_resized\gestures\04_fist_moved\frame_01_04_0030.png,Fist
D:\Downloadf\gestures_resized\gestures\03_fist\frame_06_03_0110.png,Fist
D:\Downloadf\gestures_resized\gestures\04_fist_moved\WIN_20260217_18_25_11_Pro.jpg,Fist
D:\Downloadf\gestures_resized\gestures\10_down\frame_04_10_0155.png,Palm
D:\Downloadf\gestures_resized\gestures\08_palm_moved\WIN_20260217_22_14_31_Pro (2).jpg,Palm
D:\Downloadf\gestures_resized\gestures\10_down\frame_05_10_0195.png,Palm
D:\Downloadf\gestures_resized\gestures\03_fist\frame_04_03_0110.png,Fist
D:\Downloadf\gestures_resized\gestures\03_fist\frame_00_03_0046.png,Fist
D:\Downloadf\gestures_resized\gestures\01_palm\WIN_20260217_20_11_35_Pro.jpg,Palm
D:\Downloadf\gestures_resized\gestures\03_fist\frame_02_03_0119.png,Fist
D:\Downloadf\gestures_resized\gestures\04_fist_moved\frame_06_04_0045.png,Fist
D:\Downloadf\gestures_resized\gestures\08_palm_moved\frame_08_08_0192.png,Palm
D:\Downloadf\gestures_resized\gestures\10_down\frame_02_10_0015.png,Palm
D:\Downloadf\gestures_resized\gestures\03_fist\frame_01_03_0097.png,Fist
D:\Downloadf\gestures_resized\gestures\03_fist\frame_09_03_0195.png,Fist
D:\Downloadf\gestures_resized\gestures\01_palm\frame_06_01_0065.png,Palm
D:\Downloadf\gestures_resized\gestures\08_palm_moved\frame_02_08_0025.png,Palm
D:\Downloadf\gestures_resized\gestures\03_fist\frame_07_03_0015.png,Fist
D:\Downloadf\gestures_resized\gestures\01_palm\WIN_20260217_20_07_19_Pro.jpg,Palm
D:\Downloadf\gestures_resized\gestures\04_fist_moved\frame_03_04_0053.png,Fist
D:\Downloadf\gestures_resized\gestures\01_palm\WIN_20260217_21_52_30_Pro (5).jpg,Palm
D:\Downloadf\gestures_resized\gestures\04_fist_moved\frame_01_04_0107.png,Fist
D:\Downloadf\gestures_resized\gestures\03_fist\WIN_20260217_18_15_19_Pro.jpg,Fist
D:\Downloadf\gestures_resized\gestures\08_palm_moved\frame_02_08_0034.png,Palm
D:\Downloadf\gestures_resized\gestures\01_palm\frame_03_01_0180.png,Palm
D:\Downloadf\gestures_resized\gestures\10_down\frame_02_10_0076.png,Palm
D:\Downloadf\gestures_resized\gestures\01_palm\WIN_20260220_00_03_44_Pro (3).jpg,Palm
D:\Downloadf\gestures_resized\gestures\03_fist\frame_01_03_0092.png,Fist
D:\Downloadf\gestures_resized\gestures\03_fist\frame_00_03_0110.png,Fist
D:\Downloadf\gestures_resized\gestures\10_down\WIN_20260217_20_31_18_Pro.jpg,Palm
D:\Downloadf\gestures_resized\gestures\01_palm\frame_03_01_0186.png,Palm
D:\Downloadf\gestures_resized\gestures\03_fist\frame_09_03_0004.png,Fist
D:\Downloadf\gestures_resized\gestures\01_palm\WIN_20260217_17_23_10_Pro.jpg,Palm
D:\Downloadf\gestures_resized\gestures\01_palm\frame_07_01_0168.png,Palm
D:\Downloadf\gestures_resized\gestures\04_fist_moved\frame_03_04_0026.png,Fist
D:\Downloadf\gestures_resized\gestures\03_fist\frame_09_03_0148.png,Fist
D:\Downloadf\gestures_resized\gestures\03_fist\frame_08_03_0036.png,Fist
D:\Downloadf\gestures_resized\gestures\01_palm\WIN_20260217_17_30_50_Pro.jpg,Palm
D:\Downloadf\gestures_resized\gestures\04_fist_moved\WIN_20260217_22_22_02_Pro (4).jpg,Fist
D:\Downloadf\gestures_resized\gestures\04_fist_moved\frame_03_04_0045.png,Fist
D:\Downloadf\gestures_resized\gestures\10_down\WIN_20260217_18_20_43_Pro.jpg,Palm
D:\Downloadf\gestures_resized\gestures\01_palm\WIN_20260217_17_31_21_Pro.jpg,Palm
D:\Downloadf\gestures_resized\gestures\01_palm\WIN_20260217_20_09_22_Pro (2).jpg,Palm
D:\Downloadf\gestures_resized\gestures\10_down\WIN_20260217_20_29_40_Pro.jpg,Palm
D:\Downloadf\gestures_resized\gestures\02_closeup_fist\WIN_20260220_19_17_18_Pro (2).jpg,Fist
D:\Downloadf\gestures_resized\gestures\03_fist\WIN_20260217_22_10_56_Pro (4).jpg,Fist
D:\Downloadf\gestures_resized\gestures\08_palm_moved\frame_02_08_0043.png,Palm
D:\Downloadf\gestures_resized\gestures\03_fist\frame_09_03_0189.png,Fist
D:\Downloadf\gestures_resized\gestures\03_fist\WIN_20260217_20_38_24_Pro.jpg,Fist
D:\Downloadf\gestures_resized\gestures\03_fist\frame_03_03_0004.png,Fist
D:\Downloadf\gestures_resized\gestures\03_fist\WIN_20260217_22_10_42_Pro (3).jpg,Fist
D:\Downloadf\gestures_resized\gestures\01_palm\frame_03_01_0154.png,Palm
D:\Downloadf\gestures_resized\gestures\10_down\WIN_20260217_20_31_44_Pro (2).jpg,Palm
D:\Downloadf\gestures_resized\gestures\04_fist_moved\WIN_20260217_18_23_42_Pro (3).jpg,Fist
D:\Downloadf\gestures_resized\gestures\08_palm_moved\WIN_20260217_22_14_27_Pro.jpg,Palm
D:\Downloadf\gestures_resized\gestures\03_fist\Right\frame_09_03_0139.png,Fist
D:\Downloadf\gestures_resized\gestures\03_fist\WIN_20260217_20_35_53_Pro.jpg,Fist
D:\Downloadf\gestures_resized\gestures\10_down\frame_05_10_0188.png,Palm
D:\Downloadf\gestures_resized\gestures\08_palm_moved\frame_03_08_0147.png,Palm
D:\Downloadf\gestures_resized\gestures\01_palm\frame_03_01_0153.png,Palm
D:\Downloadf\gestures_resized\gestures\03_fist\frame_07_03_0043.png,Fist
D:\Downloadf\gestures_resized\gestures\03_fist\frame_09_03_0079.png,Fist
D:\Downloadf\gestures_resized\gestures\08_palm_moved\WIN_20260217_18_32_57_Pro.jpg,Palm
D:\Downloadf\gestures_resized\gestures\08_palm_moved\frame_08_08_0127.png,Palm
D:\Downloadf\gestures_resized\gestures\04_fist_moved\frame_00_04_0177.png,Fist
D:\Downloadf\gestures_resized\gestures\08_palm_moved\frame_00_08_0009.png,Palm
D:\Downloadf\gestures_resized\gestures\04_fist_moved\frame_05_04_0167.png,Fist
D:\Downloadf\gestures_resized\gestures\04_fist_moved\frame_06_04_0051.png,Fist
D:\Downloadf\gestures_resized\gestures\04_fist_moved\frame_02_04_0094.png,Fist
D:\Downloadf\gestures_resized\gestures\01_palm\frame_08_01_0051.png,Palm
D:\Downloadf\gestures_resized\gestures\08_palm_moved\frame_03_08_0133.png,Palm
D:\Downloadf\gestures_resized\gestures\08_palm_moved\WIN_20260217_20_18_32_Pro.jpg,Palm
D:\Downloadf\gestures_resized\gestures\03_fist\WIN_20260217_22_10_38_Pro (2).jpg,Fist
D:\Downloadf\gestures_resized\gestures\03_fist\frame_00_03_0041.png,Fist
D:\Downloadf\gestures_resized\gestures\08_palm_moved\frame_00_08_0140.png,Palm
D:\Downloadf\gestures_resized\gestures\08_palm_moved\frame_02_08_0193.png,Palm
D:\Downloadf\gestures_resized\gestures\03_fist\WIN_20260217_22_11_02_Pro.jpg,Fist
D:\Downloadf\gestures_resized\gestures\01_palm\WIN_20260217_20_12_50_Pro.jpg,Palm
D:\Downloadf\gestures_resized\gestures\03_fist\frame_00_03_0153.png,Fist
D:\Downloadf\gestures_resized\gestures\01_palm\WIN_20260220_00_03_57_Pro (2).jpg,Palm
D:\Downloadf\gestures_resized\gestures\08_palm_moved\frame_01_08_0137.png,Palm
D:\Downloadf\gestures_resized\gestures\03_fist\frame_04_03_0128.png,Fist
D:\Downloadf\gestures_resized\gestures\03_fist\Right\frame_09_03_0149.png,Fist
D:\Downloadf\gestures_resized\gestures\01_palm\WIN_20260220_00_03_48_Pro (2).jpg,Palm
D:\Downloadf\gestures_resized\gestures\03_fist\frame_06_03_0061.png,Fist
D:\Downloadf\gestures_resized\gestures\08_palm_moved\WIN_20260217_20_18_22_Pro.jpg,Palm
D:\Downloadf\gestures_resized\gestures\08_palm_moved\WIN_20260217_18_32_57_Pro (2).jpg,Palm
D:\Downloadf\gestures_resized\gestures\03_fist\Right\frame_09_03_0125.png,Fist
D:\Downloadf\gestures_resized\gestures\01_palm\WIN_20260217_21_50_30_Pro (4).jpg,Palm
D:\Downloadf\gestures_resized\gestures\01_palm\frame_02_01_0196.png,Palm
D:\Downloadf\gestures_resized\gestures\03_fist\frame_08_03_0040.png,Fist
D:\Downloadf\gestures_resized\gestures\10_down\frame_07_10_0141.png,Palm
D:\Downloadf\gestures_resized\gestures\04_fist_moved\WIN_20260217_22_21_37_Pro.jpg,Fist
D:\Downloadf\gestures_resized\gestures\01_palm\WIN_20260220_00_03_49_Pro (2).jpg,Palm
D:\Downloadf\gestures_resized\gestures\01_palm\WIN_20260217_21_52_15_Pro.jpg,Palm
D:\Downloadf\gestures_resized\gestures\03_fist\frame_04_03_0185.png,Fist
D:\Downloadf\gestures_resized\gestures\03_fist\frame_00_03_0012.png,Fist
D:\Downloadf\gestures_resized\gestures\08_palm_moved\WIN_20260217_20_19_06_Pro.jpg,Palm
D:\Downloadf\gestures_resized\gestures\01_palm\WIN_20260220_00_04_06_Pro (2).jpg,Palm
D:\Downloadf\gestures_resized\gestures\08_palm_moved\frame_09_08_0128.png,Palm
D:\Downloadf\gestures_resized\gestures\03_fist\WIN_20260217_22_04_42_Pro (5).jpg,Fist
D:\Downloadf\gestures_resized\gestures\01_palm\WIN_20260217_21_52_24_Pro (3).jpg,Palm
D:\Downloadf\gestures_resized\gestures\08_palm_moved\frame_03_08_0011.png,Palm
D:\Downloadf\gestures_resized\gestures\01_palm\frame_01_01_0046.png,Palm
D:\Downloadf\gestures_resized\gestures\04_fist_moved\frame_05_04_0126.png,Fist
D:\Downloadf\gestures_resized\gestures\10_down\frame_06_10_0011.png,Palm
D:\Downloadf\gestures_resized\gestures\03_fist\frame_02_03_0051.png,Fist
D:\Downloadf\gestures_resized\gestures\10_down\frame_08_10_0164.png,Palm
D:\Downloadf\gestures_resized\gestures\08_palm_moved\WIN_20260217_20_18_14_Pro.jpg,Palm
D:\Downloadf\gestures_resized\gestures\10_down\frame_00_10_0005.png,Palm
D:\Downloadf\gestures_resized\gestures\04_fist_moved\frame_08_04_0118.png,Fist
D:\Downloadf\gestures_resized\gestures\04_fist_moved\frame_00_04_0195.png,Fist
D:\Downloadf\gestures_resized\gestures\10_down\frame_00_10_0167.png,Palm
D:\Downloadf\gestures_resized\gestures\03_fist\WIN_20260217_19_13_39_Pro.jpg,Fist
D:\Downloadf\gestures_resized\gestures\02_closeup_fist\WIN_20260220_19_17_05_Pro (2).jpg,Fist
D:\Downloadf\gestures_resized\gestures\08_palm_moved\WIN_20260217_22_19_36_Pro (3).jpg,Palm
D:\Downloadf\gestures_resized\gestures\10_down\WIN_20260217_18_18_03_Pro (2).jpg,Palm
D:\Downloadf\gestures_resized\gestures\04_fist_moved\frame_04_04_0003.png,Fist
D:\Downloadf\gestures_resized\gestures\04_fist_moved\frame_00_04_0138.png,Fist
D:\Downloadf\gestures_resized\gestures\08_palm_moved\frame_05_08_0173.png,Palm
D:\Downloadf\gestures_resized\gestures\08_palm_moved\frame_09_08_0009.png,Palm
D:\Downloadf\gestures_resized\gestures\03_fist\frame_05_03_0088.png,Fist
D:\Downloadf\gestures_resized\gestures\08_palm_moved\frame_06_08_0161.png,Palm
D:\Downloadf\gestures_resized\gestures\08_palm_moved\frame_00_08_0053.png,Palm
D:\Downloadf\gestures_resized\gestures\10_down\frame_09_10_0001.png,Palm
D:\Downloadf\gestures_resized\gestures\01_palm\WIN_20260217_21_52_04_Pro (3).jpg,Palm
D:\Downloadf\gestures_resized\gestures\03_fist\frame_00_03_0021.png,Fist
D:\Downloadf\gestures_resized\gestures\04_fist_moved\frame_07_04_0150.png,Fist
D:\Downloadf\gestures_resized\gestures\04_fist_moved\frame_01_04_0089.png,Fist
D:\Downloadf\gestures_resized\gestures\01_palm\frame_00_01_0062.png,Palm
D:\Downloadf\gestures_resized\gestures\08_palm_moved\WIN_20260217_20_20_06_Pro.jpg,Palm
D:\Downloadf\gestures_resized\gestures\03_fist\frame_00_03_0172.png,Fist
D:\Downloadf\gestures_resized\gestures\10_down\frame_00_10_0018.png,Palm
D:\Downloadf\gestures_resized\gestures\03_fist\WIN_20260217_18_01_56_Pro.jpg,Fist
D:\Downloadf\gestures_resized\gestures\03_fist\frame_02_03_0184.png,Fist
D:\Downloadf\gestures_resized\gestures\04_fist_moved\frame_04_04_0148.png,Fist
D:\Downloadf\gestures_resized\gestures\01_palm\frame_08_01_0173.png,Palm
D:\Downloadf\gestures_resized\gestures\03_fist\WIN_20260217_22_05_08_Pro (2).jpg,Fist
D:\Downloadf\gestures_resized\gestures\01_palm\WIN_20260217_17_18_35_Pro.jpg,Palm
D:\Downloadf\gestures_resized\gestures\01_palm\WIN_20260217_17_15_16_Pro.jpg,Palm
D:\Downloadf\gestures_resized\gestures\10_down\frame_08_10_0033.png,Palm
D:\Downloadf\gestures_resized\gestures\04_fist_moved\frame_01_04_0011.png,Fist
D:\Downloadf\gestures_resized\gestures\01_palm\WIN_20260217_17_15_46_Pro.jpg,Palm
D:\Downloadf\gestures_resized\gestures\03_fist\frame_02_03_0058.png,Fist
D:\Downloadf\gestures_resized\gestures\08_palm_moved\WIN_20260217_20_18_53_Pro.jpg,Palm
D:\Downloadf\gestures_resized\gestures\01_palm\frame_06_01_0059.png,Palm
D:\Downloadf\gestures_resized\gestures\08_palm_moved\frame_05_08_0138.png,Palm
D:\Downloadf\gestures_resized\gestures\01_palm\frame_09_01_0170.png,Palm
D:\Downloadf\gestures_resized\gestures\03_fist\frame_03_03_0068.png,Fist
D:\Downloadf\gestures_resized\gestures\03_fist\frame_04_03_0150.png,Fist
D:\Downloadf\gestures_resized\gestures\08_palm_moved\frame_09_08_0039.png,Palm
D:\Downloadf\gestures_resized\gestures\01_palm\frame_05_01_0035.png,Palm
D:\Downloadf\gestures_resized\gestures\03_fist\frame_07_03_0109.png,Fist
D:\Downloadf\gestures_resized\gestures\03_fist\frame_07_03_0175.png,Fist
D:\Downloadf\gestures_resized\gestures\03_fist\frame_04_03_0101.png,Fist
D:\Downloadf\gestures_resized\gestures\01_palm\frame_08_01_0008.png,Palm
D:\Downloadf\gestures_resized\gestures\01_palm\frame_01_01_0004.png,Palm
D:\Downloadf\gestures_resized\gestures\03_fist\Right\frame_09_03_0154.png,Fist
D:\Downloadf\gestures_resized\gestures\04_fist_moved\frame_07_04_0161.png,Fist
D:\Downloadf\gestures_resized\gestures\03_fist\frame_02_03_0114.png,Fist
D:\Downloadf\gestures_resized\gestures\02_closeup_fist\WIN_20260220_19_16_47_Pro (2).jpg,Fist
D:\Downloadf\gestures_resized\gestures\04_fist_moved\WIN_20260217_20_44_41_Pro.jpg,Fist
D:\Downloadf\gestures_resized\gestures\03_fist\WIN_20260217_19_14_57_Pro (3).jpg,Fist
D:\Downloadf\gestures_resized\gestures\03_fist\frame_04_03_0181.png,Fist
D:\Downloadf\gestures_resized\gestures\01_palm\frame_05_01_0135.png,Palm
D:\Downloadf\gestures_resized\gestures\01_palm\WIN_20260217_20_10_22_Pro.jpg,Palm
D:\Downloadf\gestures_resized\gestures\03_fist\WIN_20260217_20_35_23_Pro.jpg,Fist
D:\Downloadf\gestures_resized\gestures\03_fist\frame_05_03_0129.png,Fist
D:\Downloadf\gestures_resized\gestures\10_down\frame_04_10_0027.png,Palm
D:\Downloadf\gestures_resized\gestures\10_down\WIN_20260217_18_18_06_Pro.jpg,Palm
D:\Downloadf\gestures_resized\gestures\04_fist_moved\WIN_20260217_22_23_39_Pro (2).jpg,Fist
D:\Downloadf\gestures_resized\gestures\01_palm\frame_05_01_0191.png,Palm
D:\Downloadf\gestures_resized\gestures\03_fist\frame_00_03_0155.png,Fist
D:\Downloadf\gestures_resized\gestures\08_palm_moved\WIN_20260217_22_14_41_Pro (3).jpg,Palm
D:\Downloadf\gestures_resized\gestures\03_fist\frame_05_03_0121.png,Fist
D:\Downloadf\gestures_resized\gestures\04_fist_moved\frame_08_04_0165.png,Fist
D:\Downloadf\gestures_resized\gestures\10_down\frame_01_10_0020.png,Palm
D:\Downloadf\gestures_resized\gestures\01_palm\WIN_20260220_00_03_51_Pro.jpg,Palm
D:\Downloadf\gestures_resized\gestures\08_palm_moved\WIN_20260217_18_35_48_Pro (2).jpg,Palm
D:\Downloadf\gestures_resized\gestures\10_down\WIN_20260217_20_30_59_Pro (2).jpg,Palm
D:\Downloadf\gestures_resized\gestures\10_down\frame_00_10_0065.png,Palm
D:\Downloadf\gestures_resized\gestures\03_fist\WIN_20260217_19_13_40_Pro.jpg,Fist
D:\Downloadf\gestures_resized\gestures\10_down\frame_05_10_0036.png,Palm
D:\Downloadf\gestures_resized\gestures\10_down\frame_05_10_0138.png,Palm
D:\Downloadf\gestures_resized\gestures\03_fist\frame_07_03_0108.png,Fist
D:\Downloadf\gestures_resized\gestures\03_fist\frame_03_03_0174.png,Fist
D:\Downloadf\gestures_resized\gestures\01_palm\WIN_20260220_00_03_55_Pro.jpg,Palm
D:\Downloadf\gestures_resized\gestures\03_fist\WIN_20260217_19_12_22_Pro (3).jpg,Fist
D:\Downloadf\gestures_resized\gestures\03_fist\frame_06_03_0093.png,Fist
D:\Downloadf\gestures_resized\gestures\03_fist\frame_04_03_0086.png,Fist
D:\Downloadf\gestures_resized\gestures\03_fist\frame_04_03_0152.png,Fist
D:\Downloadf\gestures_resized\gestures\04_fist_moved\frame_08_04_0196.png,Fist
D:\Downloadf\gestures_resized\gestures\01_palm\frame_06_01_0159.png,Palm
D:\Downloadf\gestures_resized\gestures\04_fist_moved\frame_00_04_0026.png,Fist
D:\Downloadf\gestures_resized\gestures\01_palm\frame_02_01_0084.png,Palm
D:\Downloadf\gestures_resized\gestures\03_fist\WIN_20260217_22_04_36_Pro (4).jpg,Fist
D:\Downloadf\gestures_resized\gestures\03_fist\WIN_20260217_22_04_54_Pro (5).jpg,Fist
D:\Downloadf\gestures_resized\gestures\08_palm_moved\frame_03_08_0013.png,Palm
D:\Downloadf\gestures_resized\gestures\04_fist_moved\frame_00_04_0012.png,Fist
D:\Downloadf\gestures_resized\gestures\03_fist\frame_06_03_0076.png,Fist
D:\Downloadf\gestures_resized\gestures\03_fist\frame_01_03_0001.png,Fist
D:\Downloadf\gestures_resized\gestures\03_fist\frame_07_03_0107.png,Fist
D:\Downloadf\gestures_resized\gestures\08_palm_moved\frame_05_08_0177.png,Palm
D:\Downloadf\gestures_resized\gestures\08_palm_moved\frame_09_08_0038.png,Palm
D:\Downloadf\gestures_resized\gestures\08_palm_moved\frame_00_08_0058.png,Palm
D:\Downloadf\gestures_resized\gestures\10_down\frame_03_10_0050.png,Palm
D:\Downloadf\gestures_resized\gestures\01_palm\WIN_20260220_00_02_30_Pro.jpg,Palm
D:\Downloadf\gestures_resized\gestures\03_fist\frame_02_03_0050.png,Fist
D:\Downloadf\gestures_resized\gestures\10_down\WIN_20260217_18_17_50_Pro (2).jpg,Palm
D:\Downloadf\gestures_resized\gestures\03_fist\frame_07_03_0113.png,Fist
D:\Downloadf\gestures_resized\gestures\03_fist\WIN_20260220_00_09_12_Pro.jpg,Fist
D:\Downloadf\gestures_resized\gestures\10_down\WIN_20260217_18_18_21_Pro (2).jpg,Palm
D:\Downloadf\gestures_resized\gestures\08_palm_moved\frame_06_08_0156.png,Palm
D:\Downloadf\gestures_resized\gestures\01_palm\frame_08_01_0101.png,Palm
D:\Downloadf\gestures_resized\gestures\08_palm_moved\frame_06_08_0059.png,Palm
D:\Downloadf\gestures_resized\gestures\04_fist_moved\frame_01_04_0108.png,Fist
D:\Downloadf\gestures_resized\gestures\03_fist\frame_01_03_0072.png,Fist
D:\Downloadf\gestures_resized\gestures\01_palm\WIN_20260220_00_04_49_Pro.jpg,Palm
D:\Downloadf\gestures_resized\gestures\08_palm_moved\frame_09_08_0122.png,Palm
D:\Downloadf\gestures_resized\gestures\08_palm_moved\frame_07_08_0020.png,Palm
D:\Downloadf\gestures_resized\gestures\03_fist\frame_08_03_0053.png,Fist
D:\Downloadf\gestures_resized\gestures\01_palm\frame_01_01_0034.png,Palm
D:\Downloadf\gestures_resized\gestures\04_fist_moved\WIN_20260217_22_23_34_Pro (3).jpg,Fist
D:\Downloadf\gestures_resized\gestures\03_fist\WIN_20260217_19_14_59_Pro.jpg,Fist
D:\Downloadf\gestures_resized\gestures\08_palm_moved\WIN_20260217_22_14_33_Pro (3).jpg,Palm
D:\Downloadf\gestures_resized\gestures\10_down\frame_00_10_0002.png,Palm
D:\Downloadf\gestures_resized\gestures\04_fist_moved\frame_06_04_0188.png,Fist
D:\Downloadf\gestures_resized\gestures\01_palm\frame_05_01_0180.png,Palm
D:\Downloadf\gestures_resized\gestures\10_down\frame_03_10_0034.png,Palm
D:\Downloadf\gestures_resized\gestures\04_fist_moved\WIN_20260217_20_44_31_Pro.jpg,Fist
D:\Downloadf\gestures_resized\gestures\04_fist_moved\frame_02_04_0189.png,Fist
D:\Downloadf\gestures_resized\gestures\08_palm_moved\frame_08_08_0188.png,Palm
D:\Downloadf\gestures_resized\gestures\01_palm\frame_05_01_0012.png,Palm
D:\Downloadf\gestures_resized\gestures\04_fist_moved\frame_02_04_0024.png,Fist
D:\Downloadf\gestures_resized\gestures\03_fist\frame_00_03_0015.png,Fist
D:\Downloadf\gestures_resized\gestures\01_palm\WIN_20260217_21_52_17_Pro (4).jpg,Palm
D:\Downloadf\gestures_resized\gestures\04_fist_moved\frame_02_04_0026.png,Fist
D:\Downloadf\gestures_resized\gestures\10_down\WIN_20260217_20_30_30_Pro.jpg,Palm
D:\Downloadf\gestures_resized\gestures\08_palm_moved\frame_08_08_0197.png,Palm
D:\Downloadf\gestures_resized\gestures\03_fist\frame_04_03_0093.png,Fist
D:\Downloadf\gestures_resized\gestures\01_palm\WIN_20260217_21_52_03_Pro (3).jpg,Palm
D:\Downloadf\gestures_resized\gestures\08_palm_moved\frame_02_08_0033.png,Palm
D:\Downloadf\gestures_resized\gestures\02_closeup_fist\WIN_20260220_19_16_53_Pro.jpg,Fist
D:\Downloadf\gestures_resized\gestures\01_palm\WIN_20260217_21_52_27_Pro (2).jpg,Palm
D:\Downloadf\gestures_resized\gestures\01_palm\frame_02_01_0197.png,Palm
D:\Downloadf\gestures_resized\gestures\03_fist\WIN_20260217_18_02_47_Pro.jpg,Fist
D:\Downloadf\gestures_resized\gestures\03_fist\frame_07_03_0004.png,Fist
D:\Downloadf\gestures_resized\gestures\03_fist\frame_05_03_0180.png,Fist
D:\Downloadf\gestures_resized\gestures\03_fist\WIN_20260217_22_10_46_Pro (4).jpg,Fist
D:\Downloadf\gestures_resized\gestures\03_fist\Right\frame_09_03_0049.png,Fist
D:\Downloadf\gestures_resized\gestures\03_fist\WIN_20260217_20_38_00_Pro.jpg,Fist
D:\Downloadf\gestures_resized\gestures\08_palm_moved\WIN_20260217_22_19_41_Pro (4).jpg,Palm
D:\Downloadf\gestures_resized\gestures\01_palm\frame_02_01_0086.png,Palm
D:\Downloadf\gestures_resized\gestures\01_palm\frame_04_01_0150.png,Palm
D:\Downloadf\gestures_resized\gestures\01_palm\frame_09_01_0063.png,Palm
D:\Downloadf\gestures_resized\gestures\08_palm_moved\WIN_20260217_18_33_27_Pro (2).jpg,Palm
D:\Downloadf\gestures_resized\gestures\01_palm\frame_09_01_0053.png,Palm
D:\Downloadf\gestures_resized\gestures\08_palm_moved\frame_03_08_0029.png,Palm
D:\Downloadf\gestures_resized\gestures\10_down\frame_00_10_0026.png,Palm
D:\Downloadf\gestures_resized\gestures\03_fist\WIN_20260217_22_05_05_Pro.jpg,Fist
D:\Downloadf\gestures_resized\gestures\08_palm_moved\frame_01_08_0171.png,Palm
D:\Downloadf\gestures_resized\gestures\03_fist\WIN_20260217_18_15_47_Pro (2).jpg,Fist
D:\Downloadf\gestures_resized\gestures\08_palm_moved\WIN_20260217_18_33_09_Pro (2).jpg,Palm
D:\Downloadf\gestures_resized\gestures\03_fist\frame_03_03_0184.png,Fist
D:\Downloadf\gestures_resized\gestures\08_palm_moved\frame_09_08_0114.png,Palm
D:\Downloadf\gestures_resized\gestures\04_fist_moved\frame_00_04_0018.png,Fist
D:\Downloadf\gestures_resized\gestures\04_fist_moved\frame_05_04_0012.png,Fist
D:\Downloadf\gestures_resized\gestures\04_fist_moved\frame_08_04_0002.png,Fist
D:\Downloadf\gestures_resized\gestures\03_fist\frame_05_03_0122.png,Fist
D:\Downloadf\gestures_resized\gestures\01_palm\frame_02_01_0093.png,Palm
D:\Downloadf\gestures_resized\gestures\02_closeup_fist\WIN_20260220_19_15_14_Pro (2).jpg,Fist
D:\Downloadf\gestures_resized\gestures\01_palm\WIN_20260217_21_52_31_Pro (3).jpg,Palm
D:\Downloadf\gestures_resized\gestures\03_fist\WIN_20260220_00_06_49_Pro.jpg,Fist
D:\Downloadf\gestures_resized\gestures\03_fist\WIN_20260217_22_04_40_Pro (3).jpg,Fist
D:\Downloadf\gestures_resized\gestures\04_fist_moved\frame_06_04_0010.png,Fist
D:\Downloadf\gestures_resized\gestures\03_fist\frame_05_03_0125.png,Fist
D:\Downloadf\gestures_resized\gestures\01_palm\WIN_20260220_00_04_19_Pro.jpg,Palm
D:\Downloadf\gestures_resized\gestures\03_fist\frame_02_03_0002.png,Fist
D:\Downloadf\gestures_resized\gestures\03_fist\WIN_20260217_22_04_28_Pro (4).jpg,Fist
D:\Downloadf\gestures_resized\gestures\01_palm\WIN_20260217_17_33_51_Pro.jpg,Palm
D:\Downloadf\gestures_resized\gestures\03_fist\frame_02_03_0106.png,Fist
D:\Downloadf\gestures_resized\gestures\10_down\frame_06_10_0088.png,Palm
D:\Downloadf\gestures_resized\gestures\03_fist\WIN_20260217_19_12_11_Pro (2).jpg,Fist
D:\Downloadf\gestures_resized\gestures\03_fist\frame_07_03_0196.png,Fist
D:\Downloadf\gestures_resized\gestures\03_fist\frame_07_03_0188.png,Fist
D:\Downloadf\gestures_resized\gestures\03_fist\Right\frame_09_03_0105.png,Fist
D:\Downloadf\gestures_resized\gestures\03_fist\frame_03_03_0153.png,Fist
D:\Downloadf\gestures_resized\gestures\10_down\frame_00_10_0106.png,Palm
D:\Downloadf\gestures_resized\gestures\08_palm_moved\frame_02_08_0196.png,Palm
D:\Downloadf\gestures_resized\gestures\04_fist_moved\frame_08_04_0032.png,Fist
D:\Downloadf\gestures_resized\gestures\04_fist_moved\WIN_20260217_22_21_40_Pro.jpg,Fist
D:\Downloadf\gestures_resized\gestures\04_fist_moved\WIN_20260217_18_23_20_Pro (2).jpg,Fist
D:\Downloadf\gestures_resized\gestures\04_fist_moved\frame_06_04_0012.png,Fist
D:\Downloadf\gestures_resized\gestures\04_fist_moved\frame_02_04_0199.png,Fist
D:\Downloadf\gestures_resized\gestures\03_fist\WIN_20260220_00_09_55_Pro.jpg,Fist
D:\Downloadf\gestures_resized\gestures\08_palm_moved\frame_06_08_0199.png,Palm
D:\Downloadf\gestures_resized\gestures\08_palm_moved\frame_08_08_0125.png,Palm
D:\Downloadf\gestures_resized\gestures\08_palm_moved\frame_01_08_0042.png,Palm
D:\Downloadf\gestures_resized\gestures\03_fist\WIN_20260217_18_02_46_Pro.jpg,Fist
D:\Downloadf\gestures_resized\gestures\04_fist_moved\frame_03_04_0152.png,Fist
D:\Downloadf\gestures_resized\gestures\03_fist\frame_00_03_0197.png,Fist
D:\Downloadf\gestures_resized\gestures\01_palm\frame_04_01_0043.png,Palm
D:\Downloadf\gestures_resized\gestures\10_down\frame_05_10_0156.png,Palm
D:\Downloadf\gestures_resized\gestures\02_closeup_fist\WIN_20260220_19_16_22_Pro (2).jpg,Fist
D:\Downloadf\gestures_resized\gestures\04_fist_moved\WIN_20260217_18_23_29_Pro (2).jpg,Fist
D:\Downloadf\gestures_resized\gestures\10_down\frame_07_10_0185.png,Palm
D:\Downloadf\gestures_resized\gestures\01_palm\frame_09_01_0056.png,Palm
D:\Downloadf\gestures_resized\gestures\10_down\WIN_20260217_18_19_43_Pro (2).jpg,Palm
D:\Downloadf\gestures_resized\gestures\08_palm_moved\frame_06_08_0174.png,Palm
D:\Downloadf\gestures_resized\gestures\01_palm\frame_02_01_0171.png,Palm
D:\Downloadf\gestures_resized\gestures\01_palm\WIN_20260217_17_15_40_Pro.jpg,Palm
D:\Downloadf\gestures_resized\gestures\04_fist_moved\WIN_20260217_20_42_38_Pro (2).jpg,Fist
D:\Downloadf\gestures_resized\gestures\10_down\frame_08_10_0172.png,Palm
D:\Downloadf\gestures_resized\gestures\03_fist\WIN_20260220_00_06_53_Pro.jpg,Fist
D:\Downloadf\gestures_resized\gestures\04_fist_moved\frame_06_04_0027.png,Fist
D:\Downloadf\gestures_resized\gestures\03_fist\frame_05_03_0027.png,Fist
D:\Downloadf\gestures_resized\gestures\08_palm_moved\frame_02_08_0044.png,Palm
D:\Downloadf\gestures_resized\gestures\04_fist_moved\frame_04_04_0166.png,Fist
D:\Downloadf\gestures_resized\gestures\04_fist_moved\frame_06_04_0047.png,Fist
D:\Downloadf\gestures_resized\gestures\03_fist\frame_07_03_0080.png,Fist
D:\Downloadf\gestures_resized\gestures\10_down\frame_00_10_0022.png,Palm
D:\Downloadf\gestures_resized\gestures\08_palm_moved\frame_05_08_0176.png,Palm
D:\Downloadf\gestures_resized\gestures\03_fist\frame_02_03_0017.png,Fist
D:\Downloadf\gestures_resized\gestures\10_down\WIN_20260217_18_18_26_Pro.jpg,Palm
D:\Downloadf\gestures_resized\gestures\03_fist\frame_06_03_0081.png,Fist
D:\Downloadf\gestures_resized\gestures\01_palm\frame_05_01_0065.png,Palm
D:\Downloadf\gestures_resized\gestures\10_down\frame_07_10_0021.png,Palm
D:\Downloadf\gestures_resized\gestures\04_fist_moved\frame_08_04_0026.png,Fist
D:\Downloadf\gestures_resized\gestures\04_fist_moved\WIN_20260217_22_21_48_Pro.jpg,Fist
D:\Downloadf\gestures_resized\gestures\08_palm_moved\frame_03_08_0023.png,Palm
D:\Downloadf\gestures_resized\gestures\03_fist\frame_01_03_0107.png,Fist
D:\Downloadf\gestures_resized\gestures\03_fist\frame_04_03_0043.png,Fist
D:\Downloadf\gestures_resized\gestures\03_fist\frame_03_03_0065.png,Fist
D:\Downloadf\gestures_resized\gestures\04_fist_moved\WIN_20260217_22_21_43_Pro (2).jpg,Fist
D:\Downloadf\gestures_resized\gestures\03_fist\frame_01_03_0146.png,Fist
D:\Downloadf\gestures_resized\gestures\01_palm\WIN_20260217_17_16_33_Pro.jpg,Palm
D:\Downloadf\gestures_resized\gestures\03_fist\WIN_20260220_00_09_11_Pro (3).jpg,Fist
D:\Downloadf\gestures_resized\gestures\03_fist\WIN_20260217_22_05_06_Pro (2).jpg,Fist
D:\Downloadf\gestures_resized\gestures\01_palm\WIN_20260217_17_33_54_Pro.jpg,Palm
D:\Downloadf\gestures_resized\gestures\10_down\frame_04_10_0008.png,Palm
D:\Downloadf\gestures_resized\gestures\10_down\frame_00_10_0001.png,Palm
D:\Downloadf\gestures_resized\gestures\01_palm\frame_05_01_0034.png,Palm
D:\Downloadf\gestures_resized\gestures\08_palm_moved\frame_08_08_0056.png,Palm
D:\Downloadf\gestures_resized\gestures\01_palm\WIN_20260217_20_07_02_Pro.jpg,Palm
D:\Downloadf\gestures_resized\gestures\08_palm_moved\frame_07_08_0185.png,Palm
D:\Downloadf\gestures_resized\gestures\04_fist_moved\WIN_20260217_18_23_28_Pro (2).jpg,Fist
D:\Downloadf\gestures_resized\gestures\04_fist_moved\WIN_20260217_18_25_00_Pro (2).jpg,Fist
D:\Downloadf\gestures_resized\gestures\03_fist\frame_03_03_0198.png,Fist
D:\Downloadf\gestures_resized\gestures\10_down\frame_04_10_0180.png,Palm
D:\Downloadf\gestures_resized\gestures\01_palm\frame_04_01_0035.png,Palm
D:\Downloadf\gestures_resized\gestures\08_palm_moved\frame_02_08_0111.png,Palm
D:\Downloadf\gestures_resized\gestures\01_palm\WIN_20260217_20_10_49_Pro.jpg,Palm
D:\Downloadf\gestures_resized\gestures\03_fist\frame_05_03_0043.png,Fist
D:\Downloadf\gestures_resized\gestures\01_palm\WIN_20260217_21_27_30_Pro.jpg,Palm
D:\Downloadf\gestures_resized\gestures\08_palm_moved\frame_07_08_0179.png,Palm
D:\Downloadf\gestures_resized\gestures\04_fist_moved\WIN_20260217_18_23_19_Pro (2).jpg,Fist
D:\Downloadf\gestures_resized\gestures\10_down\frame_08_10_0196.png,Palm
D:\Downloadf\gestures_resized\gestures\03_fist\Right\frame_09_03_0199.png,Fist
D:\Downloadf\gestures_resized\gestures\03_fist\WIN_20260217_22_11_05_Pro (2).jpg,Fist
D:\Downloadf\gestures_resized\gestures\04_fist_moved\frame_02_04_0081.png,Fist
D:\Downloadf\gestures_resized\gestures\03_fist\frame_06_03_0116.png,Fist
D:\Downloadf\gestures_resized\gestures\04_fist_moved\frame_05_04_0051.png,Fist
D:\Downloadf\gestures_resized\gestures\03_fist\frame_00_03_0149.png,Fist
D:\Downloadf\gestures_resized\gestures\08_palm_moved\frame_00_08_0167.png,Palm
D:\Downloadf\gestures_resized\gestures\08_palm_moved\WIN_20260217_18_33_05_Pro (2).jpg,Palm
D:\Downloadf\gestures_resized\gestures\08_palm_moved\frame_02_08_0112.png,Palm
D:\Downloadf\gestures_resized\gestures\03_fist\frame_06_03_0104.png,Fist
D:\Downloadf\gestures_resized\gestures\03_fist\frame_08_03_0039.png,Fist
D:\Downloadf\gestures_resized\gestures\03_fist\Right\frame_09_03_0140.png,Fist
D:\Downloadf\gestures_resized\gestures\08_palm_moved\WIN_20260217_22_14_28_Pro (3).jpg,Palm
D:\Downloadf\gestures_resized\gestures\03_fist\frame_01_03_0142.png,Fist
D:\Downloadf\gestures_resized\gestures\03_fist\frame_09_03_0141.png,Fist
D:\Downloadf\gestures_resized\gestures\10_down\frame_06_10_0193.png,Palm
D:\Downloadf\gestures_resized\gestures\10_down\frame_01_10_0163.png,Palm
D:\Downloadf\gestures_resized\gestures\10_down\frame_09_10_0196.png,Palm
D:\Downloadf\gestures_resized\gestures\03_fist\frame_05_03_0055.png,Fist
D:\Downloadf\gestures_resized\gestures\04_fist_moved\frame_02_04_0117.png,Fist
D:\Downloadf\gestures_resized\gestures\10_down\frame_04_10_0174.png,Palm
D:\Downloadf\gestures_resized\gestures\03_fist\frame_00_03_0173.png,Fist
D:\Downloadf\gestures_resized\gestures\03_fist\WIN_20260217_20_37_46_Pro.jpg,Fist
D:\Downloadf\gestures_resized\gestures\10_down\frame_06_10_0151.png,Palm
D:\Downloadf\gestures_resized\gestures\04_fist_moved\WIN_20260217_20_43_57_Pro.jpg,Fist
D:\Downloadf\gestures_resized\gestures\03_fist\frame_02_03_0199.png,Fist
D:\Downloadf\gestures_resized\gestures\04_fist_moved\WIN_20260217_20_45_20_Pro.jpg,Fist
D:\Downloadf\gestures_resized\gestures\01_palm\WIN_20260217_21_27_27_Pro (2).jpg,Palm
D:\Downloadf\gestures_resized\gestures\08_palm_moved\frame_08_08_0037.png,Palm
D:\Downloadf\gestures_resized\gestures\03_fist\WIN_20260217_19_13_45_Pro (2).jpg,Fist
D:\Downloadf\gestures_resized\gestures\01_palm\WIN_20260220_00_04_47_Pro (3).jpg,Palm
D:\Downloadf\gestures_resized\gestures\04_fist_moved\frame_08_04_0199.png,Fist
D:\Downloadf\gestures_resized\gestures\10_down\frame_06_10_0074.png,Palm
D:\Downloadf\gestures_resized\gestures\03_fist\WIN_20260217_20_36_50_Pro.jpg,Fist
D:\Downloadf\gestures_resized\gestures\10_down\WIN_20260217_20_32_10_Pro.jpg,Palm
D:\Downloadf\gestures_resized\gestures\01_palm\WIN_20260217_21_52_06_Pro (5).jpg,Palm
D:\Downloadf\gestures_resized\gestures\03_fist\WIN_20260217_20_36_06_Pro.jpg,Fist
D:\Downloadf\gestures_resized\gestures\04_fist_moved\frame_05_04_0199.png,Fist
D:\Downloadf\gestures_resized\gestures\03_fist\frame_04_03_0092.png,Fist
D:\Downloadf\gestures_resized\gestures\01_palm\frame_06_01_0183.png,Palm
D:\Downloadf\gestures_resized\gestures\01_palm\WIN_20260220_00_04_52_Pro (2).jpg,Palm
D:\Downloadf\gestures_resized\gestures\03_fist\frame_03_03_0063.png,Fist
D:\Downloadf\gestures_resized\gestures\10_down\frame_04_10_0050.png,Palm
D:\Downloadf\gestures_resized\gestures\03_fist\frame_07_03_0036.png,Fist
D:\Downloadf\gestures_resized\gestures\10_down\frame_04_10_0004.png,Palm
D:\Downloadf\gestures_resized\gestures\03_fist\WIN_20260217_20_36_44_Pro.jpg,Fist
D:\Downloadf\gestures_resized\gestures\10_down\WIN_20260217_20_30_54_Pro.jpg,Palm
D:\Downloadf\gestures_resized\gestures\04_fist_moved\frame_07_04_0156.png,Fist
D:\Downloadf\gestures_resized\gestures\10_down\frame_05_10_0199.png,Palm
D:\Downloadf\gestures_resized\gestures\10_down\frame_09_10_0145.png,Palm
D:\Downloadf\gestures_resized\gestures\08_palm_moved\WIN_20260217_20_20_03_Pro.jpg,Palm
D:\Downloadf\gestures_resized\gestures\10_down\frame_06_10_0148.png,Palm
D:\Downloadf\gestures_resized\gestures\03_fist\frame_00_03_0027.png,Fist
D:\Downloadf\gestures_resized\gestures\08_palm_moved\frame_08_08_0063.png,Palm
D:\Downloadf\gestures_resized\gestures\08_palm_moved\WIN_20260217_22_18_27_Pro (3).jpg,Palm
D:\Downloadf\gestures_resized\gestures\04_fist_moved\frame_04_04_0153.png,Fist
D:\Downloadf\gestures_resized\gestures\03_fist\frame_05_03_0046.png,Fist
D:\Downloadf\gestures_resized\gestures\03_fist\frame_03_03_0194.png,Fist
D:\Downloadf\gestures_resized\gestures\03_fist\frame_08_03_0071.png,Fist
D:\Downloadf\gestures_resized\gestures\08_palm_moved\frame_00_08_0168.png,Palm
D:\Downloadf\gestures_resized\gestures\04_fist_moved\frame_07_04_0026.png,Fist
D:\Downloadf\gestures_resized\gestures\08_palm_moved\WIN_20260217_20_19_22_Pro.jpg,Palm
D:\Downloadf\gestures_resized\gestures\10_down\frame_08_10_0177.png,Palm
D:\Downloadf\gestures_resized\gestures\04_fist_moved\frame_00_04_0036.png,Fist
D:\Downloadf\gestures_resized\gestures\10_down\frame_02_10_0174.png,Palm
D:\Downloadf\gestures_resized\gestures\03_fist\frame_06_03_0158.png,Fist
D:\Downloadf\gestures_resized\gestures\03_fist\Right\frame_09_03_0064.png,Fist
D:\Downloadf\gestures_resized\gestures\01_palm\frame_07_01_0174.png,Palm
D:\Downloadf\gestures_resized\gestures\03_fist\WIN_20260217_22_04_53_Pro (4).jpg,Fist
D:\Downloadf\gestures_resized\gestures\08_palm_moved\frame_01_08_0063.png,Palm
D:\Downloadf\gestures_resized\gestures\01_palm\frame_06_01_0020.png,Palm
D:\Downloadf\gestures_resized\gestures\10_down\frame_06_10_0077.png,Palm
D:\Downloadf\gestures_resized\gestures\04_fist_moved\frame_01_04_0184.png,Fist
D:\Downloadf\gestures_resized\gestures\08_palm_moved\frame_08_08_0061.png,Palm
D:\Downloadf\gestures_resized\gestures\08_palm_moved\frame_01_08_0172.png,Palm
D:\Downloadf\gestures_resized\gestures\03_fist\WIN_20260217_22_04_34_Pro (4).jpg,Fist
D:\Downloadf\gestures_resized\gestures\01_palm\frame_05_01_0066.png,Palm
D:\Downloadf\gestures_resized\gestures\03_fist\WIN_20260217_22_04_47_Pro (5).jpg,Fist
D:\Downloadf\gestures_resized\gestures\04_fist_moved\frame_00_04_0198.png,Fist
D:\Downloadf\gestures_resized\gestures\10_down\WIN_20260217_18_19_52_Pro (3).jpg,Palm
D:\Downloadf\gestures_resized\gestures\10_down\frame_09_10_0179.png,Palm
D:\Downloadf\gestures_resized\gestures\08_palm_moved\frame_09_08_0043.png,Palm
D:\Downloadf\gestures_resized\gestures\03_fist\frame_04_03_0161.png,Fist
D:\Downloadf\gestures_resized\gestures\04_fist_moved\WIN_20260217_18_23_48_Pro (2).jpg,Fist
D:\Downloadf\gestures_resized\gestures\03_fist\frame_05_03_0098.png,Fist
D:\Downloadf\gestures_resized\gestures\10_down\frame_02_10_0080.png,Palm
D:\Downloadf\gestures_resized\gestures\04_fist_moved\frame_02_04_0088.png,Fist
D:\Downloadf\gestures_resized\gestures\10_down\frame_03_10_0012.png,Palm
D:\Downloadf\gestures_resized\gestures\04_fist_moved\WIN_20260217_22_21_42_Pro (2).jpg,Fist
D:\Downloadf\gestures_resized\gestures\03_fist\frame_03_03_0167.png,Fist
D:\Downloadf\gestures_resized\gestures\01_palm\frame_00_01_0073.png,Palm
D:\Downloadf\gestures_resized\gestures\03_fist\frame_08_03_0017.png,Fist
D:\Downloadf\gestures_resized\gestures\01_palm\WIN_20260220_00_05_00_Pro.jpg,Palm
D:\Downloadf\gestures_resized\gestures\08_palm_moved\frame_09_08_0131.png,Palm
D:\Downloadf\gestures_resized\gestures\04_fist_moved\WIN_20260217_22_21_48_Pro (2).jpg,Fist
D:\Downloadf\gestures_resized\gestures\03_fist\WIN_20260220_00_09_29_Pro.jpg,Fist
D:\Downloadf\gestures_resized\gestures\08_palm_moved\frame_09_08_0012.png,Palm
D:\Downloadf\gestures_resized\gestures\08_palm_moved\WIN_20260217_20_19_49_Pro.jpg,Palm
D:\Downloadf\gestures_resized\gestures\03_fist\frame_09_03_0144.png,Fist
D:\Downloadf\gestures_resized\gestures\03_fist\frame_08_03_0129.png,Fist
D:\Downloadf\gestures_resized\gestures\03_fist\frame_06_03_0049.png,Fist
D:\Downloadf\gestures_resized\gestures\01_palm\WIN_20260217_21_27_31_Pro (2).jpg,Palm
D:\Downloadf\gestures_resized\gestures\04_fist_moved\frame_09_04_0168.png,Fist
D:\Downloadf\gestures_resized\gestures\03_fist\WIN_20260217_22_10_41_Pro.jpg,Fist
D:\Downloadf\gestures_resized\gestures\03_fist\frame_03_03_0102.png,Fist
D:\Downloadf\gestures_resized\gestures\08_palm_moved\frame_06_08_0074.png,Palm
D:\Downloadf\gestures_resized\gestures\03_fist\frame_04_03_0149.png,Fist
D:\Downloadf\gestures_resized\gestures\03_fist\frame_01_03_0119.png,Fist
D:\Downloadf\gestures_resized\gestures\08_palm_moved\frame_02_08_0189.png,Palm
D:\Downloadf\gestures_resized\gestures\10_down\WIN_20260217_18_17_43_Pro.jpg,Palm
D:\Downloadf\gestures_resized\gestures\08_palm_moved\frame_02_08_0050.png,Palm
D:\Downloadf\gestures_resized\gestures\02_closeup_fist\WIN_20260220_19_16_08_Pro.jpg,Fist
D:\Downloadf\gestures_resized\gestures\08_palm_moved\frame_05_08_0185.png,Palm
D:\Downloadf\gestures_resized\gestures\01_palm\frame_02_01_0063.png,Palm
D:\Downloadf\gestures_resized\gestures\08_palm_moved\frame_01_08_0030.png,Palm
D:\Downloadf\gestures_resized\gestures\10_down\frame_06_10_0153.png,Palm
D:\Downloadf\gestures_resized\gestures\04_fist_moved\frame_09_04_0198.png,Fist
D:\Downloadf\gestures_resized\gestures\04_fist_moved\frame_08_04_0113.png,Fist
D:\Downloadf\gestures_resized\gestures\03_fist\frame_03_03_0060.png,Fist
D:\Downloadf\gestures_resized\gestures\03_fist\Right\frame_09_03_0003.png,Fist
D:\Downloadf\gestures_resized\gestures\03_fist\frame_01_03_0027.png,Fist
D:\Downloadf\gestures_resized\gestures\03_fist\WIN_20260217_22_10_40_Pro (3).jpg,Fist
D:\Downloadf\gestures_resized\gestures\08_palm_moved\WIN_20260217_18_33_16_Pro.jpg,Palm
D:\Downloadf\gestures_resized\gestures\01_palm\WIN_20260217_21_50_37_Pro (2).jpg,Palm
D:\Downloadf\gestures_resized\gestures\08_palm_moved\frame_07_08_0055.png,Palm
D:\Downloadf\gestures_resized\gestures\08_palm_moved\frame_04_08_0154.png,Palm
D:\Downloadf\gestures_resized\gestures\10_down\frame_08_10_0012.png,Palm
D:\Downloadf\gestures_resized\gestures\08_palm_moved\frame_05_08_0140.png,Palm
D:\Downloadf\gestures_resized\gestures\04_fist_moved\WIN_20260217_20_42_45_Pro.jpg,Fist
D:\Downloadf\gestures_resized\gestures\03_fist\WIN_20260217_19_14_51_Pro.jpg,Fist
D:\Downloadf\gestures_resized\gestures\03_fist\frame_02_03_0111.png,Fist
D:\Downloadf\gestures_resized\gestures\03_fist\WIN_20260217_19_12_30_Pro (2).jpg,Fist
D:\Downloadf\gestures_resized\gestures\03_fist\WIN_20260217_19_08_26_Pro.jpg,Fist
D:\Downloadf\gestures_resized\gestures\10_down\frame_09_10_0034.png,Palm
D:\Downloadf\gestures_resized\gestures\08_palm_moved\frame_00_08_0193.png,Palm
D:\Downloadf\gestures_resized\gestures\02_closeup_fist\WIN_20260220_19_15_44_Pro.jpg,Fist
D:\Downloadf\gestures_resized\gestures\08_palm_moved\WIN_20260217_18_33_30_Pro.jpg,Palm
D:\Downloadf\gestures_resized\gestures\01_palm\frame_00_01_0092.png,Palm
D:\Downloadf\gestures_resized\gestures\01_palm\WIN_20260217_21_50_40_Pro (3).jpg,Palm
D:\Downloadf\gestures_resized\gestures\04_fist_moved\frame_08_04_0181.png,Fist
D:\Downloadf\gestures_resized\gestures\08_palm_moved\frame_08_08_0053.png,Palm
D:\Downloadf\gestures_resized\gestures\03_fist\WIN_20260217_20_37_29_Pro.jpg,Fist
D:\Downloadf\gestures_resized\gestures\10_down\frame_09_10_0015.png,Palm
D:\Downloadf\gestures_resized\gestures\03_fist\frame_07_03_0141.png,Fist
D:\Downloadf\gestures_resized\gestures\04_fist_moved\WIN_20260217_18_25_10_Pro.jpg,Fist
D:\Downloadf\gestures_resized\gestures\01_palm\frame_03_01_0072.png,Palm
D:\Downloadf\gestures_resized\gestures\01_palm\WIN_20260220_00_04_15_Pro.jpg,Palm
D:\Downloadf\gestures_resized\gestures\03_fist\frame_02_03_0183.png,Fist
D:\Downloadf\gestures_resized\gestures\08_palm_moved\frame_03_08_0041.png,Palm
D:\Downloadf\gestures_resized\gestures\08_palm_moved\frame_06_08_0196.png,Palm
D:\Downloadf\gestures_resized\gestures\03_fist\WIN_20260217_18_01_59_Pro (2).jpg,Fist
D:\Downloadf\gestures_resized\gestures\03_fist\frame_06_03_0165.png,Fist
D:\Downloadf\gestures_resized\gestures\01_palm\WIN_20260217_17_16_26_Pro.jpg,Palm
D:\Downloadf\gestures_resized\gestures\04_fist_moved\WIN_20260217_20_46_18_Pro.jpg,Fist
D:\Downloadf\gestures_resized\gestures\03_fist\frame_09_03_0071.png,Fist
D:\Downloadf\gestures_resized\gestures\01_palm\WIN_20260217_21_52_23_Pro (5).jpg,Palm
D:\Downloadf\gestures_resized\gestures\03_fist\frame_07_03_0124.png,Fist
D:\Downloadf\gestures_resized\gestures\10_down\frame_06_10_0179.png,Palm
D:\Downloadf\gestures_resized\gestures\01_palm\WIN_20260220_00_03_23_Pro.jpg,Palm
D:\Downloadf\gestures_resized\gestures\03_fist\frame_02_03_0010.png,Fist
D:\Downloadf\gestures_resized\gestures\04_fist_moved\WIN_20260217_20_43_53_Pro.jpg,Fist
D:\Downloadf\gestures_resized\gestures\01_palm\WIN_20260217_17_24_48_Pro.jpg,Palm
D:\Downloadf\gestures_resized\gestures\04_fist_moved\WIN_20260217_20_44_54_Pro.jpg,Fist
D:\Downloadf\gestures_resized\gestures\01_palm\frame_04_01_0021.png,Palm
D:\Downloadf\gestures_resized\gestures\04_fist_moved\frame_07_04_0159.png,Fist
D:\Downloadf\gestures_resized\gestures\01_palm\WIN_20260217_20_08_15_Pro.jpg,Palm
D:\Downloadf\gestures_resized\gestures\02_closeup_fist\WIN_20260220_19_15_36_Pro (2).jpg,Fist
D:\Downloadf\gestures_resized\gestures\01_palm\WIN_20260220_00_02_32_Pro (3).jpg,Palm
D:\Downloadf\gestures_resized\gestures\01_palm\WIN_20260217_17_31_18_Pro.jpg,Palm
D:\Downloadf\gestures_resized\gestures\10_down\frame_02_10_0086.png,Palm
D:\Downloadf\gestures_resized\gestures\10_down\frame_00_10_0042.png,Palm
D:\Downloadf\gestures_resized\gestures\10_down\frame_05_10_0144.png,Palm
D:\Downloadf\gestures_resized\gestures\03_fist\frame_05_03_0019.png,Fist
D:\Downloadf\gestures_resized\gestures\03_fist\frame_08_03_0037.png,Fist
D:\Downloadf\gestures_resized\gestures\01_palm\WIN_20260217_21_52_05_Pro (3).jpg,Palm
D:\Downloadf\gestures_resized\gestures\04_fist_moved\frame_05_04_0181.png,Fist
D:\Downloadf\gestures_resized\gestures\10_down\WIN_20260217_18_18_02_Pro (2).jpg,Palm
D:\Downloadf\gestures_resized\gestures\03_fist\WIN_20260217_22_11_05_Pro (4).jpg,Fist
D:\Downloadf\gestures_resized\gestures\03_fist\WIN_20260220_00_09_57_Pro.jpg,Fist
D:\Downloadf\gestures_resized\gestures\03_fist\frame_07_03_0197.png,Fist
D:\Downloadf\gestures_resized\gestures\03_fist\frame_06_03_0082.png,Fist
D:\Downloadf\gestures_resized\gestures\01_palm\WIN_20260220_00_02_12_Pro (2).jpg,Palm
D:\Downloadf\gestures_resized\gestures\04_fist_moved\frame_04_04_0191.png,Fist
D:\Downloadf\gestures_resized\gestures\04_fist_moved\WIN_20260217_20_43_51_Pro.jpg,Fist
D:\Downloadf\gestures_resized\gestures\04_fist_moved\WIN_20260217_18_23_54_Pro.jpg,Fist
D:\Downloadf\gestures_resized\gestures\10_down\frame_00_10_0003.png,Palm
D:\Downloadf\gestures_resized\gestures\01_palm\WIN_20260217_17_31_15_Pro.jpg,Palm
D:\Downloadf\gestures_resized\gestures\01_palm\frame_07_01_0152.png,Palm
D:\Downloadf\gestures_resized\gestures\01_palm\WIN_20260217_17_23_37_Pro.jpg,Palm
D:\Downloadf\gestures_resized\gestures\10_down\frame_01_10_0033.png,Palm
D:\Downloadf\gestures_resized\gestures\10_down\frame_06_10_0178.png,Palm
D:\Downloadf\gestures_resized\gestures\03_fist\Right\frame_09_03_0177.png,Fist
D:\Downloadf\gestures_resized\gestures\04_fist_moved\WIN_20260217_20_44_57_Pro.jpg,Fist
D:\Downloadf\gestures_resized\gestures\08_palm_moved\frame_07_08_0037.png,Palm
D:\Downloadf\gestures_resized\gestures\10_down\frame_05_10_0034.png,Palm
D:\Downloadf\gestures_resized\gestures\08_palm_moved\WIN_20260217_22_19_45_Pro (2).jpg,Palm
D:\Downloadf\gestures_resized\gestures\03_fist\frame_04_03_0200.png,Fist
D:\Downloadf\gestures_resized\gestures\04_fist_moved\WIN_20260217_18_23_42_Pro (2).jpg,Fist
D:\Downloadf\gestures_resized\gestures\04_fist_moved\WIN_20260217_22_22_01_Pro (2).jpg,Fist
D:\Downloadf\gestures_resized\gestures\08_palm_moved\WIN_20260217_22_14_42_Pro (2).jpg,Palm
D:\Downloadf\gestures_resized\gestures\03_fist\WIN_20260217_22_04_27_Pro (4).jpg,Fist
D:\Downloadf\gestures_resized\gestures\03_fist\WIN_20260217_22_04_54_Pro (3).jpg,Fist
D:\Downloadf\gestures_resized\gestures\01_palm\frame_06_01_0022.png,Palm
D:\Downloadf\gestures_resized\gestures\01_palm\WIN_20260220_00_02_12_Pro.jpg,Palm
D:\Downloadf\gestures_resized\gestures\04_fist_moved\WIN_20260217_22_21_38_Pro (4).jpg,Fist
D:\Downloadf\gestures_resized\gestures\03_fist\frame_06_03_0070.png,Fist
D:\Downloadf\gestures_resized\gestures\02_closeup_fist\WIN_20260220_19_15_02_Pro.jpg,Fist
D:\Downloadf\gestures_resized\gestures\03_fist\frame_03_03_0039.png,Fist
D:\Downloadf\gestures_resized\gestures\03_fist\frame_01_03_0077.png,Fist
D:\Downloadf\gestures_resized\gestures\03_fist\frame_04_03_0064.png,Fist
D:\Downloadf\gestures_resized\gestures\01_palm\frame_00_01_0023.png,Palm
D:\Downloadf\gestures_resized\gestures\03_fist\frame_08_03_0124.png,Fist
D:\Downloadf\gestures_resized\gestures\01_palm\WIN_20260220_00_02_10_Pro (3).jpg,Palm
D:\Downloadf\gestures_resized\gestures\01_palm\WIN_20260217_21_52_04_Pro.jpg,Palm
D:\Downloadf\gestures_resized\gestures\04_fist_moved\WIN_20260217_18_24_46_Pro (2).jpg,Fist
D:\Downloadf\gestures_resized\gestures\04_fist_moved\frame_09_04_0172.png,Fist
D:\Downloadf\gestures_resized\gestures\04_fist_moved\frame_06_04_0059.png,Fist
D:\Downloadf\gestures_resized\gestures\03_fist\frame_03_03_0136.png,Fist
D:\Downloadf\gestures_resized\gestures\01_palm\WIN_20260217_20_12_51_Pro.jpg,Palm
D:\Downloadf\gestures_resized\gestures\08_palm_moved\frame_09_08_0117.png,Palm
D:\Downloadf\gestures_resized\gestures\10_down\frame_06_10_0016.png,Palm
D:\Downloadf\gestures_resized\gestures\03_fist\Right\frame_09_03_0032.png,Fist
D:\Downloadf\gestures_resized\gestures\03_fist\frame_03_03_0073.png,Fist
D:\Downloadf\gestures_resized\gestures\04_fist_moved\frame_03_04_0034.png,Fist
D:\Downloadf\gestures_resized\gestures\01_palm\frame_04_01_0002.png,Palm
D:\Downloadf\gestures_resized\gestures\08_palm_moved\frame_08_08_0177.png,Palm
D:\Downloadf\gestures_resized\gestures\08_palm_moved\frame_04_08_0017.png,Palm
D:\Downloadf\gestures_resized\gestures\03_fist\frame_01_03_0026.png,Fist
D:\Downloadf\gestures_resized\gestures\08_palm_moved\frame_06_08_0013.png,Palm
D:\Downloadf\gestures_resized\gestures\03_fist\frame_02_03_0150.png,Fist
D:\Downloadf\gestures_resized\gestures\03_fist\frame_04_03_0170.png,Fist
D:\Downloadf\gestures_resized\gestures\10_down\WIN_20260217_18_18_09_Pro.jpg,Palm
D:\Downloadf\gestures_resized\gestures\08_palm_moved\frame_04_08_0172.png,Palm
D:\Downloadf\gestures_resized\gestures\03_fist\frame_01_03_0053.png,Fist
D:\Downloadf\gestures_resized\gestures\04_fist_moved\WIN_20260217_18_23_18_Pro (2).jpg,Fist
D:\Downloadf\gestures_resized\gestures\03_fist\WIN_20260217_22_04_46_Pro (2).jpg,Fist
D:\Downloadf\gestures_resized\gestures\01_palm\frame_03_01_0166.png,Palm
D:\Downloadf\gestures_resized\gestures\01_palm\frame_04_01_0124.png,Palm
D:\Downloadf\gestures_resized\gestures\01_palm\frame_04_01_0149.png,Palm
D:\Downloadf\gestures_resized\gestures\04_fist_moved\frame_00_04_0035.png,Fist
D:\Downloadf\gestures_resized\gestures\03_fist\WIN_20260217_19_12_21_Pro (2).jpg,Fist
D:\Downloadf\gestures_resized\gestures\03_fist\frame_02_03_0021.png,Fist
D:\Downloadf\gestures_resized\gestures\10_down\WIN_20260217_20_30_05_Pro.jpg,Palm
D:\Downloadf\gestures_resized\gestures\01_palm\frame_05_01_0020.png,Palm
D:\Downloadf\gestures_resized\gestures\10_down\frame_07_10_0087.png,Palm
D:\Downloadf\gestures_resized\gestures\03_fist\frame_03_03_0083.png,Fist
D:\Downloadf\gestures_resized\gestures\03_fist\frame_02_03_0104.png,Fist
D:\Downloadf\gestures_resized\gestures\08_palm_moved\frame_08_08_0182.png,Palm
D:\Downloadf\gestures_resized\gestures\08_palm_moved\WIN_20260217_22_18_23_Pro (4).jpg,Palm
D:\Downloadf\gestures_resized\gestures\04_fist_moved\frame_04_04_0163.png,Fist
D:\Downloadf\gestures_resized\gestures\01_palm\frame_07_01_0011.png,Palm
D:\Downloadf\gestures_resized\gestures\10_down\frame_06_10_0150.png,Palm
D:\Downloadf\gestures_resized\gestures\08_palm_moved\frame_03_08_0156.png,Palm
D:\Downloadf\gestures_resized\gestures\08_palm_moved\frame_09_08_0017.png,Palm
D:\Downloadf\gestures_resized\gestures\10_down\frame_08_10_0017.png,Palm
D:\Downloadf\gestures_resized\gestures\03_fist\frame_04_03_0105.png,Fist
D:\Downloadf\gestures_resized\gestures\01_palm\frame_07_01_0050.png,Palm
D:\Downloadf\gestures_resized\gestures\10_down\frame_06_10_0184.png,Palm
D:\Downloadf\gestures_resized\gestures\03_fist\Right\frame_09_03_0169.png,Fist
D:\Downloadf\gestures_resized\gestures\01_palm\WIN_20260217_21_27_26_Pro (2).jpg,Palm
D:\Downloadf\gestures_resized\gestures\01_palm\WIN_20260217_17_24_57_Pro.jpg,Palm
D:\Downloadf\gestures_resized\gestures\04_fist_moved\WIN_20260217_20_45_02_Pro.jpg,Fist
D:\Downloadf\gestures_resized\gestures\01_palm\WIN_20260220_00_01_32_Pro.jpg,Palm
D:\Downloadf\gestures_resized\gestures\04_fist_moved\frame_07_04_0086.png,Fist
D:\Downloadf\gestures_resized\gestures\01_palm\frame_03_01_0159.png,Palm
D:\Downloadf\gestures_resized\gestures\03_fist\WIN_20260217_18_02_09_Pro.jpg,Fist
D:\Downloadf\gestures_resized\gestures\04_fist_moved\frame_03_04_0063.png,Fist
D:\Downloadf\gestures_resized\gestures\08_palm_moved\frame_06_08_0058.png,Palm
D:\Downloadf\gestures_resized\gestures\01_palm\WIN_20260217_17_23_35_Pro.jpg,Palm
D:\Downloadf\gestures_resized\gestures\03_fist\frame_07_03_0073.png,Fist
D:\Downloadf\gestures_resized\gestures\03_fist\frame_05_03_0082.png,Fist
D:\Downloadf\gestures_resized\gestures\03_fist\frame_02_03_0003.png,Fist
D:\Downloadf\gestures_resized\gestures\04_fist_moved\frame_08_04_0116.png,Fist
D:\Downloadf\gestures_resized\gestures\03_fist\frame_00_03_0050.png,Fist
D:\Downloadf\gestures_resized\gestures\10_down\WIN_20260217_18_17_47_Pro.jpg,Palm
D:\Downloadf\gestures_resized\gestures\03_fist\WIN_20260217_18_01_54_Pro.jpg,Fist
D:\Downloadf\gestures_resized\gestures\08_palm_moved\frame_06_08_0178.png,Palm
D:\Downloadf\gestures_resized\gestures\04_fist_moved\frame_08_04_0043.png,Fist
D:\Downloadf\gestures_resized\gestures\03_fist\WIN_20260220_00_07_05_Pro.jpg,Fist
D:\Downloadf\gestures_resized\gestures\01_palm\frame_07_01_0180.png,Palm
D:\Downloadf\gestures_resized\gestures\01_palm\WIN_20260220_00_03_25_Pro (3).jpg,Palm
D:\Downloadf\gestures_resized\gestures\01_palm\frame_00_01_0065.png,Palm
D:\Downloadf\gestures_resized\gestures\01_palm\WIN_20260217_21_27_31_Pro.jpg,Palm
D:\Downloadf\gestures_resized\gestures\01_palm\WIN_20260217_21_27_30_Pro (4).jpg,Palm
D:\Downloadf\gestures_resized\gestures\10_down\WIN_20260217_18_19_53_Pro (3).jpg,Palm
D:\Downloadf\gestures_resized\gestures\10_down\WIN_20260217_18_20_44_Pro.jpg,Palm
D:\Downloadf\gestures_resized\gestures\04_fist_moved\frame_00_04_0142.png,Fist
D:\Downloadf\gestures_resized\gestures\03_fist\WIN_20260220_00_09_25_Pro.jpg,Fist
D:\Downloadf\gestures_resized\gestures\01_palm\frame_05_01_0006.png,Palm
D:\Downloadf\gestures_resized\gestures\10_down\WIN_20260217_18_19_39_Pro (2).jpg,Palm
D:\Downloadf\gestures_resized\gestures\03_fist\frame_01_03_0049.png,Fist
D:\Downloadf\gestures_resized\gestures\03_fist\Right\frame_09_03_0025.png,Fist
D:\Downloadf\gestures_resized\gestures\08_palm_moved\WIN_20260217_22_18_14_Pro (2).jpg,Palm
D:\Downloadf\gestures_resized\gestures\03_fist\frame_05_03_0053.png,Fist
D:\Downloadf\gestures_resized\gestures\04_fist_moved\frame_01_04_0091.png,Fist
D:\Downloadf\gestures_resized\gestures\03_fist\Right\frame_09_03_0200.png,Fist
D:\Downloadf\gestures_resized\gestures\01_palm\frame_00_01_0022.png,Palm
D:\Downloadf\gestures_resized\gestures\08_palm_moved\frame_00_08_0047.png,Palm
D:\Downloadf\gestures_resized\gestures\08_palm_moved\frame_05_08_0180.png,Palm
D:\Downloadf\gestures_resized\gestures\04_fist_moved\frame_04_04_0004.png,Fist
D:\Downloadf\gestures_resized\gestures\03_fist\frame_01_03_0003.png,Fist
D:\Downloadf\gestures_resized\gestures\04_fist_moved\frame_05_04_0047.png,Fist
D:\Downloadf\gestures_resized\gestures\08_palm_moved\WIN_20260217_22_19_40_Pro (2).jpg,Palm
D:\Downloadf\gestures_resized\gestures\01_palm\frame_08_01_0002.png,Palm
D:\Downloadf\gestures_resized\gestures\03_fist\frame_05_03_0167.png,Fist
D:\Downloadf\gestures_resized\gestures\03_fist\frame_03_03_0057.png,Fist
D:\Downloadf\gestures_resized\gestures\08_palm_moved\frame_03_08_0168.png,Palm
D:\Downloadf\gestures_resized\gestures\08_palm_moved\frame_00_08_0005.png,Palm
D:\Downloadf\gestures_resized\gestures\01_palm\frame_09_01_0070.png,Palm
D:\Downloadf\gestures_resized\gestures\03_fist\frame_00_03_0156.png,Fist
D:\Downloadf\gestures_resized\gestures\03_fist\frame_04_03_0014.png,Fist
D:\Downloadf\gestures_resized\gestures\08_palm_moved\frame_07_08_0011.png,Palm
D:\Downloadf\gestures_resized\gestures\04_fist_moved\frame_06_04_0007.png,Fist
D:\Downloadf\gestures_resized\gestures\10_down\frame_06_10_0068.png,Palm
D:\Downloadf\gestures_resized\gestures\04_fist_moved\WIN_20260217_18_25_10_Pro (2).jpg,Fist
D:\Downloadf\gestures_resized\gestures\01_palm\WIN_20260217_20_10_00_Pro.jpg,Palm
D:\Downloadf\gestures_resized\gestures\08_palm_moved\frame_00_08_0054.png,Palm
D:\Downloadf\gestures_resized\gestures\03_fist\frame_06_03_0136.png,Fist
D:\Downloadf\gestures_resized\gestures\01_palm\WIN_20260217_21_52_10_Pro (3).jpg,Palm
D:\Downloadf\gestures_resized\gestures\03_fist\frame_01_03_0155.png,Fist
D:\Downloadf\gestures_resized\gestures\03_fist\WIN_20260217_22_04_58_Pro (3).jpg,Fist
D:\Downloadf\gestures_resized\gestures\10_down\WIN_20260217_20_32_13_Pro.jpg,Palm
D:\Downloadf\gestures_resized\gestures\03_fist\WIN_20260217_22_04_25_Pro (3).jpg,Fist
D:\Downloadf\gestures_resized\gestures\04_fist_moved\frame_04_04_0152.png,Fist
D:\Downloadf\gestures_resized\gestures\03_fist\frame_04_03_0060.png,Fist
D:\Downloadf\gestures_resized\gestures\03_fist\frame_02_03_0135.png,Fist
D:\Downloadf\gestures_resized\gestures\04_fist_moved\frame_05_04_0117.png,Fist
D:\Downloadf\gestures_resized\gestures\08_palm_moved\WIN_20260217_18_32_54_Pro.jpg,Palm
D:\Downloadf\gestures_resized\gestures\03_fist\WIN_20260217_22_04_35_Pro (4).jpg,Fist
D:\Downloadf\gestures_resized\gestures\01_palm\WIN_20260217_21_27_28_Pro (2).jpg,Palm
D:\Downloadf\gestures_resized\gestures\01_palm\frame_07_01_0016.png,Palm
D:\Downloadf\gestures_resized\gestures\10_down\frame_00_10_0178.png,Palm
D:\Downloadf\gestures_resized\gestures\10_down\frame_05_10_0020.png,Palm
D:\Downloadf\gestures_resized\gestures\08_palm_moved\WIN_20260217_20_18_19_Pro.jpg,Palm
D:\Downloadf\gestures_resized\gestures\03_fist\frame_04_03_0180.png,Fist
D:\Downloadf\gestures_resized\gestures\10_down\frame_00_10_0196.png,Palm
D:\Downloadf\gestures_resized\gestures\01_palm\frame_03_01_0062.png,Palm
D:\Downloadf\gestures_resized\gestures\10_down\WIN_20260217_18_20_41_Pro.jpg,Palm
D:\Downloadf\gestures_resized\gestures\03_fist\Right\frame_09_03_0052.png,Fist
D:\Downloadf\gestures_resized\gestures\08_palm_moved\frame_04_08_0019.png,Palm
D:\Downloadf\gestures_resized\gestures\03_fist\frame_07_03_0095.png,Fist
D:\Downloadf\gestures_resized\gestures\08_palm_moved\WIN_20260217_22_14_36_Pro (2).jpg,Palm
D:\Downloadf\gestures_resized\gestures\10_down\frame_03_10_0127.png,Palm
D:\Downloadf\gestures_resized\gestures\04_fist_moved\frame_02_04_0020.png,Fist
D:\Downloadf\gestures_resized\gestures\03_fist\frame_09_03_0037.png,Fist
D:\Downloadf\gestures_resized\gestures\01_palm\frame_06_01_0115.png,Palm
D:\Downloadf\gestures_resized\gestures\01_palm\WIN_20260220_00_03_09_Pro (2).jpg,Palm
D:\Downloadf\gestures_resized\gestures\03_fist\frame_07_03_0064.png,Fist
D:\Downloadf\gestures_resized\gestures\04_fist_moved\frame_00_04_0200.png,Fist
D:\Downloadf\gestures_resized\gestures\04_fist_moved\frame_03_04_0144.png,Fist
D:\Downloadf\gestures_resized\gestures\03_fist\WIN_20260217_18_15_13_Pro.jpg,Fist
D:\Downloadf\gestures_resized\gestures\04_fist_moved\frame_01_04_0110.png,Fist
D:\Downloadf\gestures_resized\gestures\01_palm\frame_07_01_0002.png,Palm
D:\Downloadf\gestures_resized\gestures\04_fist_moved\frame_03_04_0183.png,Fist
D:\Downloadf\gestures_resized\gestures\04_fist_moved\frame_04_04_0013.png,Fist
D:\Downloadf\gestures_resized\gestures\10_down\WIN_20260217_20_30_49_Pro.jpg,Palm
D:\Downloadf\gestures_resized\gestures\03_fist\WIN_20260217_22_04_36_Pro.jpg,Fist
D:\Downloadf\gestures_resized\gestures\03_fist\frame_02_03_0094.png,Fist
D:\Downloadf\gestures_resized\gestures\08_palm_moved\frame_09_08_0108.png,Palm
D:\Downloadf\gestures_resized\gestures\01_palm\frame_04_01_0133.png,Palm
D:\Downloadf\gestures_resized\gestures\03_fist\frame_06_03_0196.png,Fist
D:\Downloadf\gestures_resized\gestures\03_fist\frame_06_03_0179.png,Fist
D:\Downloadf\gestures_resized\gestures\03_fist\frame_08_03_0026.png,Fist
D:\Downloadf\gestures_resized\gestures\03_fist\frame_07_03_0177.png,Fist
D:\Downloadf\gestures_resized\gestures\03_fist\frame_00_03_0093.png,Fist
D:\Downloadf\gestures_resized\gestures\03_fist\frame_02_03_0133.png,Fist
D:\Downloadf\gestures_resized\gestures\04_fist_moved\WIN_20260217_20_44_00_Pro.jpg,Fist
D:\Downloadf\gestures_resized\gestures\08_palm_moved\frame_01_08_0135.png,Palm
D:\Downloadf\gestures_resized\gestures\03_fist\frame_05_03_0183.png,Fist
D:\Downloadf\gestures_resized\gestures\08_palm_moved\WIN_20260217_22_14_25_Pro.jpg,Palm
D:\Downloadf\gestures_resized\gestures\10_down\frame_04_10_0194.png,Palm
D:\Downloadf\gestures_resized\gestures\03_fist\frame_03_03_0131.png,Fist
D:\Downloadf\gestures_resized\gestures\03_fist\frame_00_03_0150.png,Fist
D:\Downloadf\gestures_resized\gestures\03_fist\frame_00_03_0010.png,Fist
D:\Downloadf\gestures_resized\gestures\01_palm\WIN_20260220_00_02_29_Pro.jpg,Palm
D:\Downloadf\gestures_resized\gestures\08_palm_moved\frame_08_08_0131.png,Palm
D:\Downloadf\gestures_resized\gestures\03_fist\frame_09_03_0160.png,Fist
D:\Downloadf\gestures_resized\gestures\03_fist\frame_06_03_0006.png,Fist
D:\Downloadf\gestures_resized\gestures\04_fist_moved\frame_01_04_0026.png,Fist
D:\Downloadf\gestures_resized\gestures\10_down\frame_03_10_0030.png,Palm
D:\Downloadf\gestures_resized\gestures\01_palm\frame_05_01_0010.png,Palm
D:\Downloadf\gestures_resized\gestures\08_palm_moved\WIN_20260217_20_19_57_Pro.jpg,Palm
D:\Downloadf\gestures_resized\gestures\03_fist\frame_06_03_0168.png,Fist
D:\Downloadf\gestures_resized\gestures\08_palm_moved\frame_02_08_0170.png,Palm
D:\Downloadf\gestures_resized\gestures\03_fist\frame_09_03_0073.png,Fist
D:\Downloadf\gestures_resized\gestures\08_palm_moved\frame_09_08_0132.png,Palm
D:\Downloadf\gestures_resized\gestures\03_fist\WIN_20260217_20_35_10_Pro.jpg,Fist
D:\Downloadf\gestures_resized\gestures\10_down\frame_05_10_0133.png,Palm
D:\Downloadf\gestures_resized\gestures\08_palm_moved\WIN_20260217_20_19_07_Pro.jpg,Palm
D:\Downloadf\gestures_resized\gestures\04_fist_moved\frame_05_04_0013.png,Fist
D:\Downloadf\gestures_resized\gestures\02_closeup_fist\WIN_20260220_19_15_08_Pro.jpg,Fist
D:\Downloadf\gestures_resized\gestures\01_palm\WIN_20260217_20_01_26_Pro.jpg,Palm
D:\Downloadf\gestures_resized\gestures\03_fist\frame_04_03_0124.png,Fist
D:\Downloadf\gestures_resized\gestures\01_palm\frame_02_01_0179.png,Palm
D:\Downloadf\gestures_resized\gestures\08_palm_moved\frame_04_08_0193.png,Palm
D:\Downloadf\gestures_resized\gestures\10_down\frame_09_10_0133.png,Palm
D:\Downloadf\gestures_resized\gestures\03_fist\WIN_20260217_18_15_16_Pro.jpg,Fist
D:\Downloadf\gestures_resized\gestures\03_fist\frame_05_03_0177.png,Fist
D:\Downloadf\gestures_resized\gestures\03_fist\frame_00_03_0101.png,Fist
D:\Downloadf\gestures_resized\gestures\03_fist\WIN_20260217_19_14_54_Pro (3).jpg,Fist
D:\Downloadf\gestures_resized\gestures\01_palm\WIN_20260217_20_12_56_Pro.jpg,Palm
D:\Downloadf\gestures_resized\gestures\08_palm_moved\frame_07_08_0180.png,Palm
D:\Downloadf\gestures_resized\gestures\03_fist\frame_04_03_0130.png,Fist
D:\Downloadf\gestures_resized\gestures\03_fist\WIN_20260220_00_09_48_Pro (2).jpg,Fist
D:\Downloadf\gestures_resized\gestures\01_palm\frame_06_01_0014.png,Palm
D:\Downloadf\gestures_resized\gestures\04_fist_moved\WIN_20260217_18_24_46_Pro (3).jpg,Fist
D:\Downloadf\gestures_resized\gestures\03_fist\frame_08_03_0133.png,Fist
D:\Downloadf\gestures_resized\gestures\04_fist_moved\frame_01_04_0180.png,Fist
D:\Downloadf\gestures_resized\gestures\10_down\frame_08_10_0007.png,Palm
D:\Downloadf\gestures_resized\gestures\01_palm\frame_08_01_0189.png,Palm
D:\Downloadf\gestures_resized\gestures\08_palm_moved\frame_00_08_0194.png,Palm
D:\Downloadf\gestures_resized\gestures\08_palm_moved\frame_03_08_0157.png,Palm
D:\Downloadf\gestures_resized\gestures\03_fist\WIN_20260217_22_10_43_Pro (2).jpg,Fist
D:\Downloadf\gestures_resized\gestures\04_fist_moved\WIN_20260217_18_23_17_Pro.jpg,Fist
D:\Downloadf\gestures_resized\gestures\03_fist\frame_04_03_0050.png,Fist
D:\Downloadf\gestures_resized\gestures\04_fist_moved\frame_07_04_0017.png,Fist
D:\Downloadf\gestures_resized\gestures\03_fist\frame_04_03_0140.png,Fist
D:\Downloadf\gestures_resized\gestures\08_palm_moved\frame_07_08_0009.png,Palm
D:\Downloadf\gestures_resized\gestures\03_fist\frame_03_03_0188.png,Fist
D:\Downloadf\gestures_resized\gestures\08_palm_moved\WIN_20260217_20_18_30_Pro (2).jpg,Palm
D:\Downloadf\gestures_resized\gestures\04_fist_moved\frame_07_04_0087.png,Fist
D:\Downloadf\gestures_resized\gestures\08_palm_moved\frame_00_08_0152.png,Palm
D:\Downloadf\gestures_resized\gestures\08_palm_moved\WIN_20260217_20_20_17_Pro (2).jpg,Palm
D:\Downloadf\gestures_resized\gestures\03_fist\frame_00_03_0075.png,Fist
D:\Downloadf\gestures_resized\gestures\04_fist_moved\WIN_20260217_20_42_43_Pro.jpg,Fist
D:\Downloadf\gestures_resized\gestures\01_palm\frame_04_01_0134.png,Palm
D:\Downloadf\gestures_resized\gestures\01_palm\frame_02_01_0089.png,Palm
D:\Downloadf\gestures_resized\gestures\03_fist\frame_01_03_0038.png,Fist
D:\Downloadf\gestures_resized\gestures\01_palm\frame_00_01_0152.png,Palm
D:\Downloadf\gestures_resized\gestures\04_fist_moved\frame_05_04_0045.png,Fist
D:\Downloadf\gestures_resized\gestures\01_palm\WIN_20260217_17_25_03_Pro.jpg,Palm
D:\Downloadf\gestures_resized\gestures\10_down\frame_04_10_0037.png,Palm
D:\Downloadf\gestures_resized\gestures\02_closeup_fist\WIN_20260220_19_15_51_Pro (2).jpg,Fist
D:\Downloadf\gestures_resized\gestures\03_fist\WIN_20260220_00_09_54_Pro (2).jpg,Fist
D:\Downloadf\gestures_resized\gestures\10_down\frame_04_10_0165.png,Palm
D:\Downloadf\gestures_resized\gestures\04_fist_moved\frame_08_04_0111.png,Fist
D:\Downloadf\gestures_resized\gestures\10_down\frame_05_10_0026.png,Palm
D:\Downloadf\gestures_resized\gestures\08_palm_moved\WIN_20260217_22_14_36_Pro (3).jpg,Palm
D:\Downloadf\gestures_resized\gestures\03_fist\frame_03_03_0109.png,Fist
D:\Downloadf\gestures_resized\gestures\08_palm_moved\WIN_20260217_22_14_25_Pro (2).jpg,Palm
D:\Downloadf\gestures_resized\gestures\01_palm\WIN_20260217_21_50_42_Pro (5).jpg,Palm
D:\Downloadf\gestures_resized\gestures\04_fist_moved\WIN_20260217_18_23_48_Pro.jpg,Fist
D:\Downloadf\gestures_resized\gestures\03_fist\WIN_20260217_22_04_44_Pro (2).jpg,Fist
D:\Downloadf\gestures_resized\gestures\03_fist\WIN_20260217_20_38_08_Pro.jpg,Fist
D:\Downloadf\gestures_resized\gestures\03_fist\WIN_20260217_20_37_40_Pro.jpg,Fist
D:\Downloadf\gestures_resized\gestures\10_down\frame_08_10_0187.png,Palm
D:\Downloadf\gestures_resized\gestures\01_palm\frame_03_01_0003.png,Palm
D:\Downloadf\gestures_resized\gestures\08_palm_moved\WIN_20260217_20_20_29_Pro (2).jpg,Palm
D:\Downloadf\gestures_resized\gestures\03_fist\frame_04_03_0157.png,Fist
D:\Downloadf\gestures_resized\gestures\08_palm_moved\WIN_20260217_18_35_54_Pro.jpg,Palm
D:\Downloadf\gestures_resized\gestures\03_fist\frame_04_03_0147.png,Fist
D:\Downloadf\gestures_resized\gestures\04_fist_moved\frame_00_04_0033.png,Fist
D:\Downloadf\gestures_resized\gestures\04_fist_moved\frame_03_04_0032.png,Fist
D:\Downloadf\gestures_resized\gestures\01_palm\frame_05_01_0125.png,Palm
D:\Downloadf\gestures_resized\gestures\03_fist\frame_00_03_0018.png,Fist
D:\Downloadf\gestures_resized\gestures\03_fist\WIN_20260217_22_04_45_Pro (3).jpg,Fist
D:\Downloadf\gestures_resized\gestures\03_fist\frame_06_03_0083.png,Fist
D:\Downloadf\gestures_resized\gestures\03_fist\WIN_20260217_20_38_04_Pro.jpg,Fist
D:\Downloadf\gestures_resized\gestures\01_palm\WIN_20260217_20_08_43_Pro.jpg,Palm
D:\Downloadf\gestures_resized\gestures\08_palm_moved\WIN_20260217_22_18_13_Pro.jpg,Palm
D:\Downloadf\gestures_resized\gestures\03_fist\frame_00_03_0052.png,Fist
D:\Downloadf\gestures_resized\gestures\03_fist\WIN_20260217_19_13_42_Pro.jpg,Fist
D:\Downloadf\gestures_resized\gestures\10_down\frame_05_10_0038.png,Palm
D:\Downloadf\gestures_resized\gestures\10_down\frame_03_10_0136.png,Palm
D:\Downloadf\gestures_resized\gestures\03_fist\frame_04_03_0084.png,Fist
D:\Downloadf\gestures_resized\gestures\10_down\frame_04_10_0186.png,Palm
D:\Downloadf\gestures_resized\gestures\03_fist\WIN_20260217_19_13_52_Pro (3).jpg,Fist
D:\Downloadf\gestures_resized\gestures\03_fist\frame_00_03_0191.png,Fist
D:\Downloadf\gestures_resized\gestures\08_palm_moved\frame_09_08_0002.png,Palm
D:\Downloadf\gestures_resized\gestures\10_down\frame_02_10_0018.png,Palm
D:\Downloadf\gestures_resized\gestures\03_fist\frame_09_03_0149.png,Fist
D:\Downloadf\gestures_resized\gestures\03_fist\frame_07_03_0097.png,Fist
D:\Downloadf\gestures_resized\gestures\08_palm_moved\frame_00_08_0065.png,Palm
D:\Downloadf\gestures_resized\gestures\03_fist\frame_04_03_0089.png,Fist
D:\Downloadf\gestures_resized\gestures\10_down\frame_04_10_0178.png,Palm
D:\Downloadf\gestures_resized\gestures\03_fist\WIN_20260217_18_15_31_Pro.jpg,Fist
D:\Downloadf\gestures_resized\gestures\04_fist_moved\frame_05_04_0008.png,Fist
D:\Downloadf\gestures_resized\gestures\01_palm\frame_03_01_0077.png,Palm
D:\Downloadf\gestures_resized\gestures\03_fist\WIN_20260217_18_15_42_Pro (2).jpg,Fist
D:\Downloadf\gestures_resized\gestures\04_fist_moved\frame_04_04_0162.png,Fist
D:\Downloadf\gestures_resized\gestures\04_fist_moved\frame_04_04_0146.png,Fist
D:\Downloadf\gestures_resized\gestures\02_closeup_fist\WIN_20260220_19_17_09_Pro (2).jpg,Fist
D:\Downloadf\gestures_resized\gestures\04_fist_moved\frame_08_04_0180.png,Fist
D:\Downloadf\gestures_resized\gestures\04_fist_moved\frame_04_04_0183.png,Fist
D:\Downloadf\gestures_resized\gestures\01_palm\frame_03_01_0010.png,Palm
D:\Downloadf\gestures_resized\gestures\04_fist_moved\WIN_20260217_18_24_51_Pro.jpg,Fist
D:\Downloadf\gestures_resized\gestures\03_fist\frame_02_03_0121.png,Fist
D:\Downloadf\gestures_resized\gestures\08_palm_moved\frame_03_08_0124.png,Palm
D:\Downloadf\gestures_resized\gestures\02_closeup_fist\WIN_20260220_19_15_11_Pro.jpg,Fist
D:\Downloadf\gestures_resized\gestures\03_fist\frame_06_03_0194.png,Fist
D:\Downloadf\gestures_resized\gestures\04_fist_moved\frame_08_04_0112.png,Fist
D:\Downloadf\gestures_resized\gestures\03_fist\frame_05_03_0085.png,Fist
D:\Downloadf\gestures_resized\gestures\03_fist\frame_07_03_0017.png,Fist
D:\Downloadf\gestures_resized\gestures\03_fist\frame_07_03_0110.png,Fist
D:\Downloadf\gestures_resized\gestures\04_fist_moved\frame_00_04_0024.png,Fist
D:\Downloadf\gestures_resized\gestures\03_fist\frame_09_03_0056.png,Fist
D:\Downloadf\gestures_resized\gestures\03_fist\frame_04_03_0004.png,Fist
D:\Downloadf\gestures_resized\gestures\03_fist\frame_00_03_0185.png,Fist
D:\Downloadf\gestures_resized\gestures\10_down\WIN_20260217_18_19_49_Pro (2).jpg,Palm
D:\Downloadf\gestures_resized\gestures\08_palm_moved\frame_08_08_0129.png,Palm
D:\Downloadf\gestures_resized\gestures\03_fist\WIN_20260217_22_04_32_Pro (2).jpg,Fist
D:\Downloadf\gestures_resized\gestures\03_fist\frame_07_03_0170.png,Fist
D:\Downloadf\gestures_resized\gestures\10_down\WIN_20260217_20_29_56_Pro.jpg,Palm
D:\Downloadf\gestures_resized\gestures\03_fist\frame_07_03_0059.png,Fist
D:\Downloadf\gestures_resized\gestures\10_down\WIN_20260217_20_30_51_Pro (2).jpg,Palm
D:\Downloadf\gestures_resized\gestures\10_down\WIN_20260217_18_20_44_Pro (3).jpg,Palm
D:\Downloadf\gestures_resized\gestures\08_palm_moved\WIN_20260217_22_18_23_Pro.jpg,Palm
D:\Downloadf\gestures_resized\gestures\10_down\WIN_20260217_20_31_03_Pro (2).jpg,Palm
D:\Downloadf\gestures_resized\gestures\10_down\frame_09_10_0187.png,Palm
D:\Downloadf\gestures_resized\gestures\01_palm\frame_02_01_0004.png,Palm
D:\Downloadf\gestures_resized\gestures\01_palm\frame_03_01_0006.png,Palm
D:\Downloadf\gestures_resized\gestures\01_palm\WIN_20260217_21_50_28_Pro (2).jpg,Palm
D:\Downloadf\gestures_resized\gestures\01_palm\WIN_20260217_20_10_14_Pro.jpg,Palm
D:\Downloadf\gestures_resized\gestures\01_palm\WIN_20260217_17_30_49_Pro.jpg,Palm
D:\Downloadf\gestures_resized\gestures\03_fist\frame_00_03_0162.png,Fist
D:\Downloadf\gestures_resized\gestures\08_palm_moved\frame_04_08_0165.png,Palm
D:\Downloadf\gestures_resized\gestures\03_fist\Right\frame_09_03_0102.png,Fist
D:\Downloadf\gestures_resized\gestures\08_palm_moved\frame_06_08_0070.png,Palm
D:\Downloadf\gestures_resized\gestures\01_palm\WIN_20260220_00_04_47_Pro (2).jpg,Palm
D:\Downloadf\gestures_resized\gestures\04_fist_moved\frame_04_04_0167.png,Fist
D:\Downloadf\gestures_resized\gestures\10_down\WIN_20260217_20_30_00_Pro (2).jpg,Palm
D:\Downloadf\gestures_resized\gestures\10_down\frame_03_10_0151.png,Palm
D:\Downloadf\gestures_resized\gestures\03_fist\WIN_20260217_18_01_44_Pro.jpg,Fist
D:\Downloadf\gestures_resized\gestures\04_fist_moved\frame_04_04_0073.png,Fist
D:\Downloadf\gestures_resized\gestures\08_palm_moved\frame_05_08_0034.png,Palm
D:\Downloadf\gestures_resized\gestures\03_fist\frame_03_03_0058.png,Fist
D:\Downloadf\gestures_resized\gestures\08_palm_moved\WIN_20260217_22_19_37_Pro (2).jpg,Palm
D:\Downloadf\gestures_resized\gestures\04_fist_moved\frame_07_04_0198.png,Fist
D:\Downloadf\gestures_resized\gestures\10_down\frame_01_10_0172.png,Palm
D:\Downloadf\gestures_resized\gestures\08_palm_moved\frame_00_08_0157.png,Palm
D:\Downloadf\gestures_resized\gestures\01_palm\WIN_20260217_21_52_02_Pro (2).jpg,Palm
D:\Downloadf\gestures_resized\gestures\04_fist_moved\frame_00_04_0137.png,Fist
D:\Downloadf\gestures_resized\gestures\03_fist\Right\frame_09_03_0167.png,Fist
D:\Downloadf\gestures_resized\gestures\08_palm_moved\frame_00_08_0050.png,Palm
D:\Downloadf\gestures_resized\gestures\03_fist\frame_02_03_0099.png,Fist
D:\Downloadf\gestures_resized\gestures\01_palm\WIN_20260220_00_02_03_Pro.jpg,Palm
D:\Downloadf\gestures_resized\gestures\01_palm\frame_01_01_0047.png,Palm
D:\Downloadf\gestures_resized\gestures\02_closeup_fist\WIN_20260220_19_15_49_Pro.jpg,Fist
D:\Downloadf\gestures_resized\gestures\03_fist\WIN_20260220_00_06_52_Pro (2).jpg,Fist
D:\Downloadf\gestures_resized\gestures\08_palm_moved\frame_07_08_0002.png,Palm
D:\Downloadf\gestures_resized\gestures\04_fist_moved\frame_04_04_0178.png,Fist
D:\Downloadf\gestures_resized\gestures\10_down\WIN_20260217_18_17_42_Pro.jpg,Palm
D:\Downloadf\gestures_resized\gestures\04_fist_moved\WIN_20260217_22_23_36_Pro (4).jpg,Fist
D:\Downloadf\gestures_resized\gestures\01_palm\WIN_20260217_17_29_58_Pro (2).jpg,Palm
D:\Downloadf\gestures_resized\gestures\03_fist\frame_06_03_0148.png,Fist
D:\Downloadf\gestures_resized\gestures\03_fist\frame_09_03_0072.png,Fist
D:\Downloadf\gestures_resized\gestures\03_fist\frame_05_03_0149.png,Fist
D:\Downloadf\gestures_resized\gestures\03_fist\frame_00_03_0087.png,Fist
D:\Downloadf\gestures_resized\gestures\04_fist_moved\frame_03_04_0156.png,Fist
D:\Downloadf\gestures_resized\gestures\03_fist\frame_08_03_0069.png,Fist
D:\Downloadf\gestures_resized\gestures\04_fist_moved\frame_03_04_0040.png,Fist
D:\Downloadf\gestures_resized\gestures\01_palm\frame_00_01_0049.png,Palm
D:\Downloadf\gestures_resized\gestures\10_down\frame_09_10_0180.png,Palm
D:\Downloadf\gestures_resized\gestures\01_palm\WIN_20260220_00_03_36_Pro (2).jpg,Palm
D:\Downloadf\gestures_resized\gestures\03_fist\frame_01_03_0191.png,Fist
D:\Downloadf\gestures_resized\gestures\04_fist_moved\frame_03_04_0030.png,Fist
D:\Downloadf\gestures_resized\gestures\01_palm\frame_09_01_0002.png,Palm
D:\Downloadf\gestures_resized\gestures\03_fist\frame_04_03_0031.png,Fist
D:\Downloadf\gestures_resized\gestures\01_palm\WIN_20260217_21_50_28_Pro (3).jpg,Palm
D:\Downloadf\gestures_resized\gestures\03_fist\frame_07_03_0180.png,Fist
D:\Downloadf\gestures_resized\gestures\04_fist_moved\frame_09_04_0199.png,Fist
D:\Downloadf\gestures_resized\gestures\03_fist\frame_05_03_0078.png,Fist
D:\Downloadf\gestures_resized\gestures\10_down\frame_07_10_0133.png,Palm
D:\Downloadf\gestures_resized\gestures\01_palm\WIN_20260217_17_30_54_Pro.jpg,Palm
D:\Downloadf\gestures_resized\gestures\04_fist_moved\frame_08_04_0009.png,Fist
D:\Downloadf\gestures_resized\gestures\04_fist_moved\frame_05_04_0059.png,Fist
D:\Downloadf\gestures_resized\gestures\08_palm_moved\frame_03_08_0140.png,Palm
D:\Downloadf\gestures_resized\gestures\03_fist\frame_08_03_0013.png,Fist
D:\Downloadf\gestures_resized\gestures\08_palm_moved\frame_06_08_0079.png,Palm
D:\Downloadf\gestures_resized\gestures\03_fist\Right\frame_09_03_0022.png,Fist
D:\Downloadf\gestures_resized\gestures\01_palm\frame_03_01_0179.png,Palm
D:\Downloadf\gestures_resized\gestures\03_fist\frame_06_03_0023.png,Fist
D:\Downloadf\gestures_resized\gestures\10_down\WIN_20260217_20_32_15_Pro.jpg,Palm
D:\Downloadf\gestures_resized\gestures\10_down\frame_02_10_0200.png,Palm
D:\Downloadf\gestures_resized\gestures\10_down\frame_03_10_0013.png,Palm
D:\Downloadf\gestures_resized\gestures\01_palm\WIN_20260220_00_03_46_Pro (3).jpg,Palm
D:\Downloadf\gestures_resized\gestures\01_palm\frame_03_01_0022.png,Palm
D:\Downloadf\gestures_resized\gestures\03_fist\frame_00_03_0020.png,Fist
D:\Downloadf\gestures_resized\gestures\10_down\frame_00_10_0050.png,Palm
D:\Downloadf\gestures_resized\gestures\10_down\frame_03_10_0051.png,Palm
D:\Downloadf\gestures_resized\gestures\03_fist\WIN_20260217_22_05_08_Pro (3).jpg,Fist
D:\Downloadf\gestures_resized\gestures\03_fist\WIN_20260217_19_14_52_Pro (2).jpg,Fist
D:\Downloadf\gestures_resized\gestures\10_down\frame_05_10_0196.png,Palm
D:\Downloadf\gestures_resized\gestures\01_palm\frame_08_01_0165.png,Palm
D:\Downloadf\gestures_resized\gestures\01_palm\frame_06_01_0050.png,Palm
D:\Downloadf\gestures_resized\gestures\01_palm\frame_06_01_0192.png,Palm
D:\Downloadf\gestures_resized\gestures\10_down\WIN_20260217_20_29_34_Pro.jpg,Palm
D:\Downloadf\gestures_resized\gestures\01_palm\frame_08_01_0193.png,Palm
D:\Downloadf\gestures_resized\gestures\03_fist\WIN_20260217_18_01_13_Pro.jpg,Fist
D:\Downloadf\gestures_resized\gestures\01_palm\frame_00_01_0082.png,Palm
D:\Downloadf\gestures_resized\gestures\04_fist_moved\frame_08_04_0034.png,Fist
D:\Downloadf\gestures_resized\gestures\08_palm_moved\frame_03_08_0154.png,Palm
D:\Downloadf\gestures_resized\gestures\01_palm\frame_02_01_0061.png,Palm
D:\Downloadf\gestures_resized\gestures\03_fist\frame_06_03_0192.png,Fist
D:\Downloadf\gestures_resized\gestures\04_fist_moved\frame_04_04_0184.png,Fist
D:\Downloadf\gestures_resized\gestures\04_fist_moved\WIN_20260217_22_21_46_Pro.jpg,Fist
D:\Downloadf\gestures_resized\gestures\01_palm\frame_01_01_0005.png,Palm
D:\Downloadf\gestures_resized\gestures\10_down\frame_05_10_0149.png,Palm
D:\Downloadf\gestures_resized\gestures\10_down\frame_01_10_0171.png,Palm
D:\Downloadf\gestures_resized\gestures\10_down\frame_00_10_0012.png,Palm
D:\Downloadf\gestures_resized\gestures\03_fist\WIN_20260220_00_09_04_Pro.jpg,Fist
D:\Downloadf\gestures_resized\gestures\02_closeup_fist\WIN_20260220_19_19_07_Pro.jpg,Fist
D:\Downloadf\gestures_resized\gestures\04_fist_moved\WIN_20260217_18_23_48_Pro (3).jpg,Fist
D:\Downloadf\gestures_resized\gestures\08_palm_moved\WIN_20260217_18_33_12_Pro.jpg,Palm
D:\Downloadf\gestures_resized\gestures\01_palm\frame_02_01_0081.png,Palm
D:\Downloadf\gestures_resized\gestures\04_fist_moved\WIN_20260217_22_22_03_Pro (2).jpg,Fist
D:\Downloadf\gestures_resized\gestures\03_fist\WIN_20260217_20_34_37_Pro (2).jpg,Fist
D:\Downloadf\gestures_resized\gestures\04_fist_moved\WIN_20260217_20_46_14_Pro.jpg,Fist
D:\Downloadf\gestures_resized\gestures\03_fist\frame_04_03_0113.png,Fist
D:\Downloadf\gestures_resized\gestures\03_fist\frame_06_03_0164.png,Fist
D:\Downloadf\gestures_resized\gestures\03_fist\frame_09_03_0068.png,Fist
D:\Downloadf\gestures_resized\gestures\10_down\frame_09_10_0011.png,Palm
D:\Downloadf\gestures_resized\gestures\03_fist\frame_05_03_0067.png,Fist
D:\Downloadf\gestures_resized\gestures\01_palm\WIN_20260217_20_10_15_Pro.jpg,Palm
D:\Downloadf\gestures_resized\gestures\01_palm\frame_06_01_0118.png,Palm
D:\Downloadf\gestures_resized\gestures\03_fist\frame_06_03_0123.png,Fist
D:\Downloadf\gestures_resized\gestures\03_fist\frame_03_03_0180.png,Fist
D:\Downloadf\gestures_resized\gestures\03_fist\frame_02_03_0001.png,Fist
D:\Downloadf\gestures_resized\gestures\08_palm_moved\frame_02_08_0015.png,Palm
D:\Downloadf\gestures_resized\gestures\04_fist_moved\WIN_20260217_18_24_58_Pro (2).jpg,Fist
D:\Downloadf\gestures_resized\gestures\03_fist\frame_04_03_0197.png,Fist
D:\Downloadf\gestures_resized\gestures\04_fist_moved\frame_05_04_0193.png,Fist
D:\Downloadf\gestures_resized\gestures\08_palm_moved\frame_00_08_0169.png,Palm
D:\Downloadf\gestures_resized\gestures\04_fist_moved\WIN_20260217_20_44_51_Pro.jpg,Fist
D:\Downloadf\gestures_resized\gestures\08_palm_moved\frame_02_08_0029.png,Palm
D:\Downloadf\gestures_resized\gestures\01_palm\WIN_20260217_17_31_51_Pro.jpg,Palm
D:\Downloadf\gestures_resized\gestures\01_palm\frame_02_01_0181.png,Palm
D:\Downloadf\gestures_resized\gestures\04_fist_moved\WIN_20260217_18_23_50_Pro.jpg,Fist
D:\Downloadf\gestures_resized\gestures\08_palm_moved\WIN_20260217_20_20_38_Pro (2).jpg,Palm
D:\Downloadf\gestures_resized\gestures\04_fist_moved\frame_01_04_0106.png,Fist
D:\Downloadf\gestures_resized\gestures\03_fist\Right\frame_09_03_0096.png,Fist
D:\Downloadf\gestures_resized\gestures\10_down\WIN_20260217_18_18_23_Pro.jpg,Palm
D:\Downloadf\gestures_resized\gestures\03_fist\WIN_20260217_22_05_02_Pro.jpg,Fist
D:\Downloadf\gestures_resized\gestures\10_down\frame_01_10_0041.png,Palm
D:\Downloadf\gestures_resized\gestures\10_down\frame_04_10_0172.png,Palm
D:\Downloadf\gestures_resized\gestures\03_fist\WIN_20260217_22_04_41_Pro (5).jpg,Fist
D:\Downloadf\gestures_resized\gestures\03_fist\WIN_20260220_00_09_44_Pro (2).jpg,Fist
D:\Downloadf\gestures_resized\gestures\04_fist_moved\frame_07_04_0006.png,Fist
D:\Downloadf\gestures_resized\gestures\02_closeup_fist\WIN_20260220_19_17_15_Pro (2).jpg,Fist
D:\Downloadf\gestures_resized\gestures\01_palm\frame_07_01_0167.png,Palm
D:\Downloadf\gestures_resized\gestures\03_fist\Right\frame_09_03_0089.png,Fist
D:\Downloadf\gestures_resized\gestures\04_fist_moved\frame_04_04_0185.png,Fist
D:\Downloadf\gestures_resized\gestures\03_fist\WIN_20260217_20_37_41_Pro.jpg,Fist
D:\Downloadf\gestures_resized\gestures\03_fist\frame_08_03_0001.png,Fist
D:\Downloadf\gestures_resized\gestures\03_fist\frame_06_03_0086.png,Fist
D:\Downloadf\gestures_resized\gestures\03_fist\WIN_20260217_18_01_08_Pro.jpg,Fist
D:\Downloadf\gestures_resized\gestures\01_palm\WIN_20260217_17_23_17_Pro.jpg,Palm
D:\Downloadf\gestures_resized\gestures\04_fist_moved\WIN_20260217_22_22_02_Pro.jpg,Fist
D:\Downloadf\gestures_resized\gestures\03_fist\WIN_20260217_20_37_43_Pro.jpg,Fist
D:\Downloadf\gestures_resized\gestures\08_palm_moved\frame_04_08_0189.png,Palm
D:\Downloadf\gestures_resized\gestures\08_palm_moved\frame_00_08_0154.png,Palm
D:\Downloadf\gestures_resized\gestures\08_palm_moved\frame_09_08_0133.png,Palm
D:\Downloadf\gestures_resized\gestures\01_palm\WIN_20260217_20_11_47_Pro.jpg,Palm
D:\Downloadf\gestures_resized\gestures\04_fist_moved\WIN_20260217_20_45_08_Pro.jpg,Fist
D:\Downloadf\gestures_resized\gestures\08_palm_moved\WIN_20260217_22_14_43_Pro.jpg,Palm
D:\Downloadf\gestures_resized\gestures\03_fist\WIN_20260217_19_12_20_Pro (3).jpg,Fist
D:\Downloadf\gestures_resized\gestures\04_fist_moved\WIN_20260217_18_23_52_Pro (2).jpg,Fist
D:\Downloadf\gestures_resized\gestures\04_fist_moved\WIN_20260217_18_23_24_Pro.jpg,Fist
D:\Downloadf\gestures_resized\gestures\10_down\WIN_20260217_20_32_02_Pro.jpg,Palm
D:\Downloadf\gestures_resized\gestures\03_fist\WIN_20260217_19_12_22_Pro (2).jpg,Fist
D:\Downloadf\gestures_resized\gestures\08_palm_moved\frame_08_08_0170.png,Palm
D:\Downloadf\gestures_resized\gestures\03_fist\frame_09_03_0135.png,Fist
D:\Downloadf\gestures_resized\gestures\10_down\frame_04_10_0160.png,Palm
D:\Downloadf\gestures_resized\gestures\10_down\frame_05_10_0078.png,Palm
D:\Downloadf\gestures_resized\gestures\03_fist\Right\frame_09_03_0053.png,Fist
D:\Downloadf\gestures_resized\gestures\08_palm_moved\frame_01_08_0146.png,Palm
D:\Downloadf\gestures_resized\gestures\10_down\frame_09_10_0192.png,Palm
D:\Downloadf\gestures_resized\gestures\04_fist_moved\frame_01_04_0193.png,Fist
D:\Downloadf\gestures_resized\gestures\04_fist_moved\frame_04_04_0008.png,Fist
D:\Downloadf\gestures_resized\gestures\08_palm_moved\frame_08_08_0174.png,Palm
D:\Downloadf\gestures_resized\gestures\10_down\frame_08_10_0023.png,Palm
D:\Downloadf\gestures_resized\gestures\03_fist\frame_02_03_0033.png,Fist
D:\Downloadf\gestures_resized\gestures\08_palm_moved\frame_04_08_0171.png,Palm
D:\Downloadf\gestures_resized\gestures\03_fist\frame_08_03_0060.png,Fist
D:\Downloadf\gestures_resized\gestures\10_down\WIN_20260217_18_18_28_Pro (3).jpg,Palm
D:\Downloadf\gestures_resized\gestures\03_fist\frame_08_03_0179.png,Fist
D:\Downloadf\gestures_resized\gestures\03_fist\frame_09_03_0156.png,Fist
D:\Downloadf\gestures_resized\gestures\03_fist\WIN_20260220_00_09_26_Pro (2).jpg,Fist
D:\Downloadf\gestures_resized\gestures\04_fist_moved\frame_07_04_0154.png,Fist
D:\Downloadf\gestures_resized\gestures\08_palm_moved\frame_08_08_0062.png,Palm
D:\Downloadf\gestures_resized\gestures\10_down\frame_00_10_0008.png,Palm
D:\Downloadf\gestures_resized\gestures\08_palm_moved\frame_02_08_0184.png,Palm
D:\Downloadf\gestures_resized\gestures\01_palm\WIN_20260220_00_05_04_Pro (3).jpg,Palm
D:\Downloadf\gestures_resized\gestures\03_fist\frame_05_03_0152.png,Fist
D:\Downloadf\gestures_resized\gestures\03_fist\WIN_20260217_20_38_10_Pro.jpg,Fist
D:\Downloadf\gestures_resized\gestures\08_palm_moved\WIN_20260217_20_19_53_Pro (2).jpg,Palm
D:\Downloadf\gestures_resized\gestures\04_fist_moved\frame_06_04_0159.png,Fist
D:\Downloadf\gestures_resized\gestures\03_fist\frame_00_03_0171.png,Fist
D:\Downloadf\gestures_resized\gestures\03_fist\WIN_20260217_18_01_36_Pro.jpg,Fist
D:\Downloadf\gestures_resized\gestures\03_fist\frame_04_03_0015.png,Fist
D:\Downloadf\gestures_resized\gestures\01_palm\frame_06_01_0162.png,Palm
D:\Downloadf\gestures_resized\gestures\03_fist\WIN_20260217_22_10_42_Pro (2).jpg,Fist
D:\Downloadf\gestures_resized\gestures\03_fist\Right\frame_09_03_0079.png,Fist
D:\Downloadf\gestures_resized\gestures\03_fist\WIN_20260217_22_04_51_Pro.jpg,Fist
D:\Downloadf\gestures_resized\gestures\03_fist\frame_02_03_0108.png,Fist
D:\Downloadf\gestures_resized\gestures\04_fist_moved\frame_05_04_0185.png,Fist
D:\Downloadf\gestures_resized\gestures\03_fist\frame_06_03_0075.png,Fist
D:\Downloadf\gestures_resized\gestures\01_palm\WIN_20260217_20_07_12_Pro.jpg,Palm
D:\Downloadf\gestures_resized\gestures\04_fist_moved\frame_06_04_0196.png,Fist
D:\Downloadf\gestures_resized\gestures\10_down\frame_08_10_0155.png,Palm
D:\Downloadf\gestures_resized\gestures\08_palm_moved\frame_03_08_0169.png,Palm
D:\Downloadf\gestures_resized\gestures\10_down\frame_00_10_0070.png,Palm
D:\Downloadf\gestures_resized\gestures\04_fist_moved\WIN_20260217_20_42_51_Pro (2).jpg,Fist
D:\Downloadf\gestures_resized\gestures\08_palm_moved\frame_07_08_0152.png,Palm
D:\Downloadf\gestures_resized\gestures\03_fist\frame_02_03_0028.png,Fist
D:\Downloadf\gestures_resized\gestures\01_palm\WIN_20260220_00_02_46_Pro.jpg,Palm
D:\Downloadf\gestures_resized\gestures\04_fist_moved\frame_00_04_0025.png,Fist
D:\Downloadf\gestures_resized\gestures\03_fist\WIN_20260220_00_09_18_Pro.jpg,Fist
D:\Downloadf\gestures_resized\gestures\10_down\frame_09_10_0138.png,Palm
D:\Downloadf\gestures_resized\gestures\03_fist\frame_08_03_0005.png,Fist
D:\Downloadf\gestures_resized\gestures\10_down\frame_05_10_0086.png,Palm
D:\Downloadf\gestures_resized\gestures\01_palm\frame_04_01_0037.png,Palm
D:\Downloadf\gestures_resized\gestures\01_palm\WIN_20260217_17_24_58_Pro.jpg,Palm
D:\Downloadf\gestures_resized\gestures\03_fist\frame_06_03_0014.png,Fist
D:\Downloadf\gestures_resized\gestures\10_down\WIN_20260217_18_19_53_Pro.jpg,Palm
D:\Downloadf\gestures_resized\gestures\10_down\frame_05_10_0040.png,Palm
D:\Downloadf\gestures_resized\gestures\01_palm\frame_07_01_0194.png,Palm
D:\Downloadf\gestures_resized\gestures\10_down\WIN_20260217_18_20_36_Pro (2).jpg,Palm
D:\Downloadf\gestures_resized\gestures\03_fist\WIN_20260217_20_36_53_Pro.jpg,Fist
D:\Downloadf\gestures_resized\gestures\03_fist\Right\frame_09_03_0029.png,Fist
D:\Downloadf\gestures_resized\gestures\10_down\WIN_20260217_18_19_57_Pro (2).jpg,Palm
D:\Downloadf\gestures_resized\gestures\04_fist_moved\frame_01_04_0083.png,Fist
D:\Downloadf\gestures_resized\gestures\03_fist\frame_02_03_0082.png,Fist
D:\Downloadf\gestures_resized\gestures\04_fist_moved\frame_00_04_0184.png,Fist
D:\Downloadf\gestures_resized\gestures\01_palm\WIN_20260217_20_01_59_Pro.jpg,Palm
D:\Downloadf\gestures_resized\gestures\03_fist\WIN_20260217_22_11_03_Pro (3).jpg,Fist
D:\Downloadf\gestures_resized\gestures\01_palm\frame_05_01_0018.png,Palm
D:\Downloadf\gestures_resized\gestures\03_fist\frame_04_03_0002.png,Fist
D:\Downloadf\gestures_resized\gestures\04_fist_moved\frame_08_04_0057.png,Fist
D:\Downloadf\gestures_resized\gestures\10_down\frame_03_10_0106.png,Palm
D:\Downloadf\gestures_resized\gestures\03_fist\Right\frame_09_03_0047.png,Fist
D:\Downloadf\gestures_resized\gestures\03_fist\frame_09_03_0188.png,Fist
D:\Downloadf\gestures_resized\gestures\03_fist\frame_08_03_0173.png,Fist
D:\Downloadf\gestures_resized\gestures\08_palm_moved\WIN_20260217_18_35_53_Pro.jpg,Palm
D:\Downloadf\gestures_resized\gestures\08_palm_moved\frame_03_08_0026.png,Palm
D:\Downloadf\gestures_resized\gestures\08_palm_moved\frame_02_08_0001.png,Palm
D:\Downloadf\gestures_resized\gestures\03_fist\WIN_20260217_22_10_40_Pro.jpg,Fist
D:\Downloadf\gestures_resized\gestures\03_fist\frame_03_03_0006.png,Fist
D:\Downloadf\gestures_resized\gestures\01_palm\frame_00_01_0068.png,Palm
D:\Downloadf\gestures_resized\gestures\08_palm_moved\WIN_20260217_20_20_10_Pro.jpg,Palm
D:\Downloadf\gestures_resized\gestures\03_fist\frame_09_03_0029.png,Fist
D:\Downloadf\gestures_resized\gestures\04_fist_moved\WIN_20260217_20_44_49_Pro.jpg,Fist
D:\Downloadf\gestures_resized\gestures\08_palm_moved\frame_07_08_0181.png,Palm
D:\Downloadf\gestures_resized\gestures\01_palm\frame_03_01_0016.png,Palm
D:\Downloadf\gestures_resized\gestures\04_fist_moved\WIN_20260217_20_44_06_Pro.jpg,Fist
D:\Downloadf\gestures_resized\gestures\08_palm_moved\frame_06_08_0087.png,Palm
D:\Downloadf\gestures_resized\gestures\03_fist\frame_02_03_0162.png,Fist
D:\Downloadf\gestures_resized\gestures\10_down\frame_03_10_0123.png,Palm
D:\Downloadf\gestures_resized\gestures\03_fist\frame_09_03_0116.png,Fist
D:\Downloadf\gestures_resized\gestures\04_fist_moved\frame_03_04_0165.png,Fist
D:\Downloadf\gestures_resized\gestures\04_fist_moved\frame_04_04_0062.png,Fist
D:\Downloadf\gestures_resized\gestures\03_fist\frame_01_03_0139.png,Fist
D:\Downloadf\gestures_resized\gestures\10_down\frame_08_10_0197.png,Palm
D:\Downloadf\gestures_resized\gestures\03_fist\frame_03_03_0100.png,Fist
D:\Downloadf\gestures_resized\gestures\08_palm_moved\frame_08_08_0055.png,Palm
D:\Downloadf\gestures_resized\gestures\01_palm\WIN_20260220_00_02_11_Pro.jpg,Palm
D:\Downloadf\gestures_resized\gestures\01_palm\frame_07_01_0155.png,Palm
D:\Downloadf\gestures_resized\gestures\03_fist\frame_01_03_0023.png,Fist
D:\Downloadf\gestures_resized\gestures\03_fist\WIN_20260217_20_35_50_Pro.jpg,Fist
D:\Downloadf\gestures_resized\gestures\01_palm\frame_04_01_0139.png,Palm
D:\Downloadf\gestures_resized\gestures\03_fist\WIN_20260220_00_09_40_Pro (3).jpg,Fist
D:\Downloadf\gestures_resized\gestures\10_down\frame_04_10_0047.png,Palm
D:\Downloadf\gestures_resized\gestures\08_palm_moved\frame_09_08_0029.png,Palm
D:\Downloadf\gestures_resized\gestures\10_down\WIN_20260217_18_20_43_Pro (3).jpg,Palm
D:\Downloadf\gestures_resized\gestures\02_closeup_fist\WIN_20260220_19_16_18_Pro (2).jpg,Fist
D:\Downloadf\gestures_resized\gestures\03_fist\frame_03_03_0095.png,Fist
D:\Downloadf\gestures_resized\gestures\04_fist_moved\WIN_20260217_22_21_51_Pro (3).jpg,Fist
D:\Downloadf\gestures_resized\gestures\03_fist\frame_06_03_0025.png,Fist
D:\Downloadf\gestures_resized\gestures\02_closeup_fist\WIN_20260220_19_16_34_Pro.jpg,Fist
D:\Downloadf\gestures_resized\gestures\03_fist\frame_07_03_0055.png,Fist
D:\Downloadf\gestures_resized\gestures\01_palm\WIN_20260217_21_52_17_Pro.jpg,Palm
D:\Downloadf\gestures_resized\gestures\03_fist\frame_01_03_0017.png,Fist
D:\Downloadf\gestures_resized\gestures\08_palm_moved\frame_01_08_0156.png,Palm
D:\Downloadf\gestures_resized\gestures\02_closeup_fist\WIN_20260220_19_19_10_Pro.jpg,Fist
D:\Downloadf\gestures_resized\gestures\04_fist_moved\frame_00_04_0129.png,Fist
D:\Downloadf\gestures_resized\gestures\04_fist_moved\frame_05_04_0061.png,Fist
D:\Downloadf\gestures_resized\gestures\03_fist\frame_02_03_0169.png,Fist
D:\Downloadf\gestures_resized\gestures\03_fist\frame_08_03_0117.png,Fist
D:\Downloadf\gestures_resized\gestures\03_fist\frame_04_03_0088.png,Fist
D:\Downloadf\gestures_resized\gestures\04_fist_moved\frame_07_04_0084.png,Fist
D:\Downloadf\gestures_resized\gestures\08_palm_moved\frame_05_08_0008.png,Palm
D:\Downloadf\gestures_resized\gestures\03_fist\frame_08_03_0099.png,Fist
D:\Downloadf\gestures_resized\gestures\03_fist\WIN_20260217_22_10_43_Pro (4).jpg,Fist
D:\Downloadf\gestures_resized\gestures\10_down\WIN_20260217_20_30_10_Pro.jpg,Palm
D:\Downloadf\gestures_resized\gestures\01_palm\frame_04_01_0199.png,Palm
D:\Downloadf\gestures_resized\gestures\10_down\WIN_20260217_18_19_57_Pro.jpg,Palm
D:\Downloadf\gestures_resized\gestures\08_palm_moved\frame_08_08_0128.png,Palm
D:\Downloadf\gestures_resized\gestures\04_fist_moved\WIN_20260217_20_46_33_Pro.jpg,Fist
D:\Downloadf\gestures_resized\gestures\03_fist\frame_01_03_0153.png,Fist
D:\Downloadf\gestures_resized\gestures\08_palm_moved\frame_04_08_0053.png,Palm
D:\Downloadf\gestures_resized\gestures\10_down\frame_04_10_0044.png,Palm
D:\Downloadf\gestures_resized\gestures\03_fist\frame_08_03_0044.png,Fist
D:\Downloadf\gestures_resized\gestures\08_palm_moved\frame_07_08_0148.png,Palm
D:\Downloadf\gestures_resized\gestures\03_fist\frame_03_03_0037.png,Fist
D:\Downloadf\gestures_resized\gestures\03_fist\Right\frame_09_03_0009.png,Fist
D:\Downloadf\gestures_resized\gestures\03_fist\WIN_20260217_22_04_38_Pro (5).jpg,Fist
D:\Downloadf\gestures_resized\gestures\03_fist\frame_03_03_0121.png,Fist
D:\Downloadf\gestures_resized\gestures\04_fist_moved\frame_05_04_0064.png,Fist
D:\Downloadf\gestures_resized\gestures\08_palm_moved\WIN_20260217_20_19_56_Pro.jpg,Palm
D:\Downloadf\gestures_resized\gestures\04_fist_moved\WIN_20260217_22_21_42_Pro.jpg,Fist
D:\Downloadf\gestures_resized\gestures\04_fist_moved\WIN_20260217_18_24_59_Pro.jpg,Fist
D:\Downloadf\gestures_resized\gestures\04_fist_moved\WIN_20260217_18_23_32_Pro (2).jpg,Fist
D:\Downloadf\gestures_resized\gestures\04_fist_moved\frame_08_04_0189.png,Fist
D:\Downloadf\gestures_resized\gestures\03_fist\WIN_20260217_22_04_34_Pro (5).jpg,Fist
D:\Downloadf\gestures_resized\gestures\10_down\frame_03_10_0131.png,Palm
D:\Downloadf\gestures_resized\gestures\03_fist\frame_08_03_0088.png,Fist
D:\Downloadf\gestures_resized\gestures\01_palm\WIN_20260220_00_04_02_Pro.jpg,Palm
D:\Downloadf\gestures_resized\gestures\10_down\frame_00_10_0015.png,Palm
D:\Downloadf\gestures_resized\gestures\03_fist\WIN_20260217_18_01_52_Pro.jpg,Fist
D:\Downloadf\gestures_resized\gestures\04_fist_moved\frame_04_04_0147.png,Fist
D:\Downloadf\gestures_resized\gestures\03_fist\Right\frame_09_03_0054.png,Fist
D:\Downloadf\gestures_resized\gestures\01_palm\WIN_20260220_00_02_43_Pro (2).jpg,Palm
D:\Downloadf\gestures_resized\gestures\01_palm\WIN_20260217_20_01_44_Pro.jpg,Palm
D:\Downloadf\gestures_resized\gestures\03_fist\WIN_20260217_19_14_52_Pro.jpg,Fist
D:\Downloadf\gestures_resized\gestures\04_fist_moved\frame_04_04_0171.png,Fist
D:\Downloadf\gestures_resized\gestures\01_palm\WIN_20260217_21_52_05_Pro (2).jpg,Palm
D:\Downloadf\gestures_resized\gestures\10_down\frame_01_10_0027.png,Palm
D:\Downloadf\gestures_resized\gestures\10_down\frame_03_10_0035.png,Palm
D:\Downloadf\gestures_resized\gestures\10_down\frame_08_10_0152.png,Palm
D:\Downloadf\gestures_resized\gestures\08_palm_moved\frame_04_08_0044.png,Palm
D:\Downloadf\gestures_resized\gestures\01_palm\WIN_20260220_00_01_17_Pro.jpg,Palm
D:\Downloadf\gestures_resized\gestures\08_palm_moved\WIN_20260217_18_32_58_Pro (2).jpg,Palm
D:\Downloadf\gestures_resized\gestures\03_fist\WIN_20260217_22_04_44_Pro (4).jpg,Fist
D:\Downloadf\gestures_resized\gestures\03_fist\frame_02_03_0012.png,Fist
D:\Downloadf\gestures_resized\gestures\03_fist\WIN_20260217_22_11_07_Pro.jpg,Fist
D:\Downloadf\gestures_resized\gestures\08_palm_moved\WIN_20260217_20_18_59_Pro.jpg,Palm
D:\Downloadf\gestures_resized\gestures\01_palm\frame_00_01_0198.png,Palm
D:\Downloadf\gestures_resized\gestures\03_fist\frame_09_03_0018.png,Fist
D:\Downloadf\gestures_resized\gestures\10_down\frame_06_10_0157.png,Palm
D:\Downloadf\gestures_resized\gestures\03_fist\frame_03_03_0046.png,Fist
D:\Downloadf\gestures_resized\gestures\03_fist\frame_01_03_0059.png,Fist
D:\Downloadf\gestures_resized\gestures\10_down\WIN_20260217_18_18_03_Pro.jpg,Palm
D:\Downloadf\gestures_resized\gestures\03_fist\WIN_20260217_22_10_48_Pro (5).jpg,Fist
D:\Downloadf\gestures_resized\gestures\03_fist\WIN_20260220_00_09_10_Pro (2).jpg,Fist
D:\Downloadf\gestures_resized\gestures\10_down\frame_01_10_0196.png,Palm
D:\Downloadf\gestures_resized\gestures\01_palm\WIN_20260220_00_01_18_Pro.jpg,Palm
D:\Downloadf\gestures_resized\gestures\03_fist\WIN_20260217_22_04_48_Pro.jpg,Fist
D:\Downloadf\gestures_resized\gestures\03_fist\Right\frame_09_03_0057.png,Fist
D:\Downloadf\gestures_resized\gestures\03_fist\WIN_20260217_20_37_37_Pro.jpg,Fist
D:\Downloadf\gestures_resized\gestures\01_palm\frame_08_01_0040.png,Palm
D:\Downloadf\gestures_resized\gestures\08_palm_moved\frame_06_08_0060.png,Palm
D:\Downloadf\gestures_resized\gestures\03_fist\frame_08_03_0075.png,Fist
D:\Downloadf\gestures_resized\gestures\10_down\frame_05_10_0017.png,Palm
D:\Downloadf\gestures_resized\gestures\08_palm_moved\WIN_20260217_20_18_38_Pro.jpg,Palm
D:\Downloadf\gestures_resized\gestures\03_fist\WIN_20260217_22_04_46_Pro (5).jpg,Fist
D:\Downloadf\gestures_resized\gestures\10_down\frame_03_10_0132.png,Palm
D:\Downloadf\gestures_resized\gestures\01_palm\frame_07_01_0060.png,Palm
D:\Downloadf\gestures_resized\gestures\01_palm\WIN_20260217_21_52_22_Pro.jpg,Palm
D:\Downloadf\gestures_resized\gestures\01_palm\frame_04_01_0129.png,Palm
D:\Downloadf\gestures_resized\gestures\01_palm\WIN_20260220_00_04_30_Pro (2).jpg,Palm
D:\Downloadf\gestures_resized\gestures\08_palm_moved\frame_00_08_0133.png,Palm
D:\Downloadf\gestures_resized\gestures\01_palm\WIN_20260217_21_50_40_Pro (2).jpg,Palm
D:\Downloadf\gestures_resized\gestures\03_fist\frame_03_03_0169.png,Fist
D:\Downloadf\gestures_resized\gestures\03_fist\WIN_20260217_22_04_52_Pro (5).jpg,Fist
D:\Downloadf\gestures_resized\gestures\10_down\WIN_20260217_18_18_11_Pro (2).jpg,Palm
D:\Downloadf\gestures_resized\gestures\04_fist_moved\frame_03_04_0174.png,Fist
D:\Downloadf\gestures_resized\gestures\03_fist\frame_08_03_0050.png,Fist
D:\Downloadf\gestures_resized\gestures\03_fist\frame_08_03_0058.png,Fist
D:\Downloadf\gestures_resized\gestures\03_fist\frame_04_03_0190.png,Fist
D:\Downloadf\gestures_resized\gestures\03_fist\frame_01_03_0135.png,Fist
D:\Downloadf\gestures_resized\gestures\04_fist_moved\frame_06_04_0170.png,Fist
D:\Downloadf\gestures_resized\gestures\10_down\frame_08_10_0198.png,Palm
D:\Downloadf\gestures_resized\gestures\01_palm\WIN_20260220_00_04_31_Pro (2).jpg,Palm
D:\Downloadf\gestures_resized\gestures\01_palm\WIN_20260217_20_09_30_Pro.jpg,Palm
D:\Downloadf\gestures_resized\gestures\10_down\WIN_20260217_20_30_15_Pro.jpg,Palm
D:\Downloadf\gestures_resized\gestures\01_palm\WIN_20260220_00_05_12_Pro (2).jpg,Palm
D:\Downloadf\gestures_resized\gestures\04_fist_moved\frame_05_04_0067.png,Fist
D:\Downloadf\gestures_resized\gestures\03_fist\frame_01_03_0118.png,Fist
D:\Downloadf\gestures_resized\gestures\01_palm\WIN_20260220_00_03_25_Pro.jpg,Palm
D:\Downloadf\gestures_resized\gestures\10_down\frame_00_10_0200.png,Palm
D:\Downloadf\gestures_resized\gestures\08_palm_moved\frame_00_08_0046.png,Palm
D:\Downloadf\gestures_resized\gestures\10_down\WIN_20260217_20_29_47_Pro.jpg,Palm
D:\Downloadf\gestures_resized\gestures\03_fist\frame_09_03_0126.png,Fist
D:\Downloadf\gestures_resized\gestures\08_palm_moved\frame_00_08_0052.png,Palm
D:\Downloadf\gestures_resized\gestures\03_fist\frame_05_03_0104.png,Fist
D:\Downloadf\gestures_resized\gestures\03_fist\frame_03_03_0013.png,Fist
D:\Downloadf\gestures_resized\gestures\04_fist_moved\WIN_20260217_22_21_39_Pro.jpg,Fist
D:\Downloadf\gestures_resized\gestures\04_fist_moved\frame_04_04_0007.png,Fist
D:\Downloadf\gestures_resized\gestures\01_palm\WIN_20260217_20_11_41_Pro.jpg,Palm
D:\Downloadf\gestures_resized\gestures\10_down\frame_02_10_0191.png,Palm
D:\Downloadf\gestures_resized\gestures\10_down\frame_03_10_0103.png,Palm
D:\Downloadf\gestures_resized\gestures\08_palm_moved\frame_03_08_0127.png,Palm
D:\Downloadf\gestures_resized\gestures\10_down\frame_02_10_0011.png,Palm
D:\Downloadf\gestures_resized\gestures\01_palm\WIN_20260220_00_03_42_Pro (2).jpg,Palm
D:\Downloadf\gestures_resized\gestures\03_fist\frame_02_03_0090.png,Fist
D:\Downloadf\gestures_resized\gestures\03_fist\frame_00_03_0023.png,Fist
D:\Downloadf\gestures_resized\gestures\03_fist\frame_04_03_0107.png,Fist
D:\Downloadf\gestures_resized\gestures\10_down\frame_07_10_0197.png,Palm
D:\Downloadf\gestures_resized\gestures\01_palm\frame_01_01_0052.png,Palm
D:\Downloadf\gestures_resized\gestures\01_palm\WIN_20260220_00_03_06_Pro (2).jpg,Palm
D:\Downloadf\gestures_resized\gestures\03_fist\frame_00_03_0151.png,Fist
D:\Downloadf\gestures_resized\gestures\08_palm_moved\frame_00_08_0138.png,Palm
D:\Downloadf\gestures_resized\gestures\03_fist\WIN_20260217_20_38_22_Pro.jpg,Fist
D:\Downloadf\gestures_resized\gestures\08_palm_moved\frame_04_08_0045.png,Palm
D:\Downloadf\gestures_resized\gestures\10_down\frame_09_10_0016.png,Palm
D:\Downloadf\gestures_resized\gestures\03_fist\frame_02_03_0129.png,Fist
D:\Downloadf\gestures_resized\gestures\10_down\WIN_20260217_18_17_58_Pro.jpg,Palm
D:\Downloadf\gestures_resized\gestures\03_fist\frame_01_03_0051.png,Fist
D:\Downloadf\gestures_resized\gestures\10_down\frame_08_10_0006.png,Palm
D:\Downloadf\gestures_resized\gestures\03_fist\frame_01_03_0157.png,Fist
D:\Downloadf\gestures_resized\gestures\03_fist\frame_06_03_0175.png,Fist
D:\Downloadf\gestures_resized\gestures\04_fist_moved\frame_05_04_0065.png,Fist
D:\Downloadf\gestures_resized\gestures\10_down\WIN_20260217_20_30_53_Pro.jpg,Palm
D:\Downloadf\gestures_resized\gestures\10_down\WIN_20260217_20_31_55_Pro.jpg,Palm
D:\Downloadf\gestures_resized\gestures\10_down\WIN_20260217_18_19_47_Pro.jpg,Palm
D:\Downloadf\gestures_resized\gestures\04_fist_moved\frame_01_04_0174.png,Fist
D:\Downloadf\gestures_resized\gestures\03_fist\frame_09_03_0099.png,Fist
D:\Downloadf\gestures_resized\gestures\03_fist\WIN_20260217_22_10_39_Pro (3).jpg,Fist
D:\Downloadf\gestures_resized\gestures\03_fist\frame_00_03_0178.png,Fist
D:\Downloadf\gestures_resized\gestures\08_palm_moved\frame_01_08_0060.png,Palm
D:\Downloadf\gestures_resized\gestures\08_palm_moved\WIN_20260217_22_18_22_Pro (2).jpg,Palm
D:\Downloadf\gestures_resized\gestures\03_fist\Right\frame_09_03_0112.png,Fist
D:\Downloadf\gestures_resized\gestures\04_fist_moved\frame_09_04_0089.png,Fist
D:\Downloadf\gestures_resized\gestures\03_fist\WIN_20260217_22_04_32_Pro (5).jpg,Fist
D:\Downloadf\gestures_resized\gestures\03_fist\WIN_20260217_20_35_12_Pro.jpg,Fist
D:\Downloadf\gestures_resized\gestures\04_fist_moved\frame_07_04_0178.png,Fist
D:\Downloadf\gestures_resized\gestures\04_fist_moved\frame_01_04_0099.png,Fist
D:\Downloadf\gestures_resized\gestures\08_palm_moved\frame_04_08_0034.png,Palm
D:\Downloadf\gestures_resized\gestures\01_palm\WIN_20260217_17_23_33_Pro.jpg,Palm
D:\Downloadf\gestures_resized\gestures\03_fist\WIN_20260217_18_15_40_Pro.jpg,Fist
D:\Downloadf\gestures_resized\gestures\04_fist_moved\frame_01_04_0001.png,Fist
D:\Downloadf\gestures_resized\gestures\03_fist\WIN_20260220_00_07_08_Pro.jpg,Fist
D:\Downloadf\gestures_resized\gestures\03_fist\frame_06_03_0088.png,Fist
D:\Downloadf\gestures_resized\gestures\01_palm\WIN_20260220_00_03_56_Pro (2).jpg,Palm
D:\Downloadf\gestures_resized\gestures\03_fist\WIN_20260217_20_38_06_Pro.jpg,Fist
D:\Downloadf\gestures_resized\gestures\01_palm\frame_00_01_0107.png,Palm
D:\Downloadf\gestures_resized\gestures\01_palm\WIN_20260220_00_03_17_Pro (2).jpg,Palm
D:\Downloadf\gestures_resized\gestures\10_down\WIN_20260217_18_19_53_Pro (2).jpg,Palm
D:\Downloadf\gestures_resized\gestures\03_fist\frame_07_03_0084.png,Fist
D:\Downloadf\gestures_resized\gestures\03_fist\frame_01_03_0116.png,Fist
D:\Downloadf\gestures_resized\gestures\04_fist_moved\frame_08_04_0169.png,Fist
D:\Downloadf\gestures_resized\gestures\10_down\frame_00_10_0189.png,Palm
D:\Downloadf\gestures_resized\gestures\10_down\frame_01_10_0055.png,Palm
D:\Downloadf\gestures_resized\gestures\08_palm_moved\frame_06_08_0188.png,Palm
D:\Downloadf\gestures_resized\gestures\10_down\frame_08_10_0029.png,Palm
D:\Downloadf\gestures_resized\gestures\01_palm\frame_09_01_0176.png,Palm
D:\Downloadf\gestures_resized\gestures\08_palm_moved\frame_06_08_0173.png,Palm
D:\Downloadf\gestures_resized\gestures\03_fist\frame_05_03_0057.png,Fist
D:\Downloadf\gestures_resized\gestures\01_palm\frame_06_01_0200.png,Palm
D:\Downloadf\gestures_resized\gestures\03_fist\frame_04_03_0112.png,Fist
D:\Downloadf\gestures_resized\gestures\10_down\frame_08_10_0048.png,Palm
D:\Downloadf\gestures_resized\gestures\03_fist\WIN_20260220_00_10_09_Pro (2).jpg,Fist
D:\Downloadf\gestures_resized\gestures\10_down\frame_04_10_0168.png,Palm
D:\Downloadf\gestures_resized\gestures\04_fist_moved\WIN_20260217_18_23_41_Pro (2).jpg,Fist
D:\Downloadf\gestures_resized\gestures\03_fist\frame_00_03_0111.png,Fist
D:\Downloadf\gestures_resized\gestures\03_fist\frame_09_03_0023.png,Fist
D:\Downloadf\gestures_resized\gestures\10_down\frame_04_10_0033.png,Palm
D:\Downloadf\gestures_resized\gestures\10_down\frame_09_10_0195.png,Palm
D:\Downloadf\gestures_resized\gestures\04_fist_moved\frame_05_04_0119.png,Fist
D:\Downloadf\gestures_resized\gestures\01_palm\frame_00_01_0026.png,Palm
D:\Downloadf\gestures_resized\gestures\10_down\frame_04_10_0163.png,Palm
D:\Downloadf\gestures_resized\gestures\03_fist\frame_03_03_0199.png,Fist
D:\Downloadf\gestures_resized\gestures\08_palm_moved\frame_03_08_0165.png,Palm
D:\Downloadf\gestures_resized\gestures\01_palm\WIN_20260217_20_01_32_Pro.jpg,Palm
D:\Downloadf\gestures_resized\gestures\10_down\frame_00_10_0104.png,Palm
D:\Downloadf\gestures_resized\gestures\03_fist\frame_09_03_0170.png,Fist
D:\Downloadf\gestures_resized\gestures\03_fist\frame_00_03_0112.png,Fist
D:\Downloadf\gestures_resized\gestures\04_fist_moved\WIN_20260217_18_23_43_Pro (3).jpg,Fist
D:\Downloadf\gestures_resized\gestures\10_down\frame_01_10_0037.png,Palm
D:\Downloadf\gestures_resized\gestures\01_palm\WIN_20260217_21_39_11_Pro (2).jpg,Palm
D:\Downloadf\gestures_resized\gestures\04_fist_moved\frame_05_04_0176.png,Fist
D:\Downloadf\gestures_resized\gestures\03_fist\Right\frame_09_03_0161.png,Fist
D:\Downloadf\gestures_resized\gestures\03_fist\WIN_20260217_22_04_29_Pro (3).jpg,Fist
D:\Downloadf\gestures_resized\gestures\10_down\frame_04_10_0170.png,Palm
D:\Downloadf\gestures_resized\gestures\03_fist\frame_08_03_0094.png,Fist
D:\Downloadf\gestures_resized\gestures\04_fist_moved\frame_02_04_0198.png,Fist
D:\Downloadf\gestures_resized\gestures\04_fist_moved\WIN_20260217_20_43_54_Pro.jpg,Fist
D:\Downloadf\gestures_resized\gestures\04_fist_moved\frame_05_04_0173.png,Fist
D:\Downloadf\gestures_resized\gestures\01_palm\frame_05_01_0067.png,Palm
D:\Downloadf\gestures_resized\gestures\04_fist_moved\frame_05_04_0004.png,Fist
D:\Downloadf\gestures_resized\gestures\03_fist\frame_07_03_0129.png,Fist
D:\Downloadf\gestures_resized\gestures\01_palm\frame_09_01_0155.png,Palm
D:\Downloadf\gestures_resized\gestures\01_palm\frame_02_01_0006.png,Palm
D:\Downloadf\gestures_resized\gestures\03_fist\frame_06_03_0016.png,Fist
D:\Downloadf\gestures_resized\gestures\10_down\WIN_20260217_18_17_39_Pro.jpg,Palm
D:\Downloadf\gestures_resized\gestures\10_down\frame_03_10_0158.png,Palm
D:\Downloadf\gestures_resized\gestures\03_fist\frame_05_03_0050.png,Fist
D:\Downloadf\gestures_resized\gestures\10_down\frame_07_10_0142.png,Palm
D:\Downloadf\gestures_resized\gestures\04_fist_moved\frame_02_04_0009.png,Fist
D:\Downloadf\gestures_resized\gestures\04_fist_moved\frame_06_04_0180.png,Fist
D:\Downloadf\gestures_resized\gestures\03_fist\frame_06_03_0007.png,Fist
D:\Downloadf\gestures_resized\gestures\10_down\frame_08_10_0161.png,Palm
D:\Downloadf\gestures_resized\gestures\01_palm\WIN_20260220_00_02_20_Pro (2).jpg,Palm
D:\Downloadf\gestures_resized\gestures\03_fist\frame_09_03_0143.png,Fist
D:\Downloadf\gestures_resized\gestures\01_palm\WIN_20260217_21_52_25_Pro (4).jpg,Palm
D:\Downloadf\gestures_resized\gestures\01_palm\frame_08_01_0011.png,Palm
D:\Downloadf\gestures_resized\gestures\03_fist\WIN_20260220_00_09_56_Pro (3).jpg,Fist
D:\Downloadf\gestures_resized\gestures\01_palm\WIN_20260217_20_12_38_Pro.jpg,Palm
D:\Downloadf\gestures_resized\gestures\03_fist\frame_02_03_0086.png,Fist
D:\Downloadf\gestures_resized\gestures\01_palm\frame_04_01_0200.png,Palm
D:\Downloadf\gestures_resized\gestures\10_down\WIN_20260217_18_19_37_Pro.jpg,Palm
D:\Downloadf\gestures_resized\gestures\03_fist\frame_09_03_0114.png,Fist
D:\Downloadf\gestures_resized\gestures\01_palm\WIN_20260217_20_12_43_Pro.jpg,Palm
D:\Downloadf\gestures_resized\gestures\03_fist\Right\frame_09_03_0124.png,Fist
D:\Downloadf\gestures_resized\gestures\10_down\frame_04_10_0028.png,Palm
D:\Downloadf\gestures_resized\gestures\08_palm_moved\WIN_20260217_18_35_11_Pro (2).jpg,Palm
D:\Downloadf\gestures_resized\gestures\01_palm\WIN_20260217_17_24_52_Pro.jpg,Palm
D:\Downloadf\gestures_resized\gestures\01_palm\frame_03_01_0156.png,Palm
D:\Downloadf\gestures_resized\gestures\02_closeup_fist\WIN_20260220_19_15_12_Pro.jpg,Fist
D:\Downloadf\gestures_resized\gestures\01_palm\frame_00_01_0156.png,Palm
D:\Downloadf\gestures_resized\gestures\04_fist_moved\frame_02_04_0018.png,Fist
D:\Downloadf\gestures_resized\gestures\03_fist\frame_01_03_0187.png,Fist
D:\Downloadf\gestures_resized\gestures\10_down\frame_01_10_0167.png,Palm
D:\Downloadf\gestures_resized\gestures\03_fist\frame_04_03_0121.png,Fist
D:\Downloadf\gestures_resized\gestures\03_fist\Right\frame_09_03_0174.png,Fist
D:\Downloadf\gestures_resized\gestures\10_down\frame_00_10_0168.png,Palm
D:\Downloadf\gestures_resized\gestures\10_down\frame_07_10_0014.png,Palm
D:\Downloadf\gestures_resized\gestures\03_fist\frame_05_03_0099.png,Fist
D:\Downloadf\gestures_resized\gestures\10_down\frame_03_10_0014.png,Palm
D:\Downloadf\gestures_resized\gestures\04_fist_moved\WIN_20260217_18_23_42_Pro.jpg,Fist
D:\Downloadf\gestures_resized\gestures\03_fist\frame_08_03_0121.png,Fist
D:\Downloadf\gestures_resized\gestures\01_palm\WIN_20260217_17_25_11_Pro.jpg,Palm
D:\Downloadf\gestures_resized\gestures\04_fist_moved\frame_00_04_0021.png,Fist
D:\Downloadf\gestures_resized\gestures\03_fist\frame_06_03_0062.png,Fist
D:\Downloadf\gestures_resized\gestures\04_fist_moved\frame_06_04_0184.png,Fist
D:\Downloadf\gestures_resized\gestures\03_fist\frame_07_03_0123.png,Fist
D:\Downloadf\gestures_resized\gestures\03_fist\WIN_20260217_18_02_09_Pro (2).jpg,Fist
D:\Downloadf\gestures_resized\gestures\04_fist_moved\WIN_20260217_22_23_35_Pro.jpg,Fist
D:\Downloadf\gestures_resized\gestures\01_palm\WIN_20260220_00_05_02_Pro (2).jpg,Palm
D:\Downloadf\gestures_resized\gestures\03_fist\frame_03_03_0066.png,Fist
D:\Downloadf\gestures_resized\gestures\03_fist\frame_01_03_0166.png,Fist
D:\Downloadf\gestures_resized\gestures\04_fist_moved\frame_04_04_0156.png,Fist
D:\Downloadf\gestures_resized\gestures\03_fist\frame_01_03_0171.png,Fist
D:\Downloadf\gestures_resized\gestures\03_fist\frame_08_03_0171.png,Fist
D:\Downloadf\gestures_resized\gestures\10_down\frame_02_10_0170.png,Palm
D:\Downloadf\gestures_resized\gestures\01_palm\WIN_20260217_21_52_24_Pro (2).jpg,Palm
D:\Downloadf\gestures_resized\gestures\01_palm\frame_01_01_0037.png,Palm
D:\Downloadf\gestures_resized\gestures\03_fist\WIN_20260220_00_09_02_Pro (2).jpg,Fist
D:\Downloadf\gestures_resized\gestures\03_fist\WIN_20260220_00_07_10_Pro.jpg,Fist
D:\Downloadf\gestures_resized\gestures\01_palm\frame_09_01_0009.png,Palm
D:\Downloadf\gestures_resized\gestures\08_palm_moved\WIN_20260217_18_35_53_Pro (2).jpg,Palm
D:\Downloadf\gestures_resized\gestures\10_down\frame_05_10_0177.png,Palm
D:\Downloadf\gestures_resized\gestures\03_fist\frame_08_03_0008.png,Fist
D:\Downloadf\gestures_resized\gestures\01_palm\WIN_20260217_21_52_06_Pro (2).jpg,Palm
D:\Downloadf\gestures_resized\gestures\04_fist_moved\frame_01_04_0190.png,Fist
D:\Downloadf\gestures_resized\gestures\03_fist\frame_04_03_0109.png,Fist
D:\Downloadf\gestures_resized\gestures\04_fist_moved\frame_06_04_0032.png,Fist
D:\Downloadf\gestures_resized\gestures\01_palm\WIN_20260217_21_52_28_Pro (3).jpg,Palm
D:\Downloadf\gestures_resized\gestures\03_fist\WIN_20260217_20_37_10_Pro.jpg,Fist
D:\Downloadf\gestures_resized\gestures\03_fist\WIN_20260217_22_04_40_Pro (4).jpg,Fist
D:\Downloadf\gestures_resized\gestures\08_palm_moved\frame_00_08_0063.png,Palm
D:\Downloadf\gestures_resized\gestures\04_fist_moved\frame_08_04_0045.png,Fist
D:\Downloadf\gestures_resized\gestures\03_fist\frame_02_03_0148.png,Fist
D:\Downloadf\gestures_resized\gestures\01_palm\WIN_20260217_20_11_40_Pro.jpg,Palm
D:\Downloadf\gestures_resized\gestures\03_fist\frame_08_03_0168.png,Fist
D:\Downloadf\gestures_resized\gestures\04_fist_moved\frame_06_04_0035.png,Fist
D:\Downloadf\gestures_resized\gestures\01_palm\frame_07_01_0150.png,Palm
D:\Downloadf\gestures_resized\gestures\08_palm_moved\WIN_20260217_18_35_46_Pro.jpg,Palm
D:\Downloadf\gestures_resized\gestures\10_down\frame_02_10_0167.png,Palm
D:\Downloadf\gestures_resized\gestures\10_down\frame_09_10_0023.png,Palm
D:\Downloadf\gestures_resized\gestures\10_down\frame_03_10_0049.png,Palm
D:\Downloadf\gestures_resized\gestures\04_fist_moved\WIN_20260217_20_44_34_Pro.jpg,Fist
D:\Downloadf\gestures_resized\gestures\03_fist\frame_00_03_0001.png,Fist
D:\Downloadf\gestures_resized\gestures\03_fist\frame_08_03_0021.png,Fist
D:\Downloadf\gestures_resized\gestures\03_fist\WIN_20260217_18_02_52_Pro.jpg,Fist
D:\Downloadf\gestures_resized\gestures\01_palm\frame_04_01_0001.png,Palm
D:\Downloadf\gestures_resized\gestures\10_down\frame_00_10_0185.png,Palm
D:\Downloadf\gestures_resized\gestures\04_fist_moved\frame_04_04_0010.png,Fist
D:\Downloadf\gestures_resized\gestures\10_down\frame_06_10_0014.png,Palm
D:\Downloadf\gestures_resized\gestures\08_palm_moved\frame_01_08_0052.png,Palm
D:\Downloadf\gestures_resized\gestures\04_fist_moved\frame_06_04_0200.png,Fist
D:\Downloadf\gestures_resized\gestures\03_fist\WIN_20260217_22_05_01_Pro.jpg,Fist
D:\Downloadf\gestures_resized\gestures\03_fist\WIN_20260217_22_10_54_Pro.jpg,Fist
D:\Downloadf\gestures_resized\gestures\03_fist\frame_09_03_0196.png,Fist
D:\Downloadf\gestures_resized\gestures\01_palm\frame_00_01_0076.png,Palm
D:\Downloadf\gestures_resized\gestures\10_down\frame_01_10_0173.png,Palm
D:\Downloadf\gestures_resized\gestures\04_fist_moved\frame_05_04_0164.png,Fist
D:\Downloadf\gestures_resized\gestures\03_fist\frame_00_03_0119.png,Fist
D:\Downloadf\gestures_resized\gestures\02_closeup_fist\WIN_20260220_19_17_16_Pro.jpg,Fist
D:\Downloadf\gestures_resized\gestures\03_fist\frame_05_03_0029.png,Fist
D:\Downloadf\gestures_resized\gestures\08_palm_moved\frame_00_08_0039.png,Palm
D:\Downloadf\gestures_resized\gestures\04_fist_moved\frame_08_04_0033.png,Fist
D:\Downloadf\gestures_resized\gestures\03_fist\WIN_20260217_18_15_26_Pro (2).jpg,Fist
D:\Downloadf\gestures_resized\gestures\01_palm\frame_06_01_0163.png,Palm
D:\Downloadf\gestures_resized\gestures\03_fist\frame_00_03_0180.png,Fist
D:\Downloadf\gestures_resized\gestures\10_down\frame_08_10_0036.png,Palm
D:\Downloadf\gestures_resized\gestures\01_palm\WIN_20260217_21_52_30_Pro (4).jpg,Palm
D:\Downloadf\gestures_resized\gestures\01_palm\frame_03_01_0076.png,Palm
D:\Downloadf\gestures_resized\gestures\10_down\frame_08_10_0001.png,Palm
D:\Downloadf\gestures_resized\gestures\04_fist_moved\frame_01_04_0021.png,Fist
D:\Downloadf\gestures_resized\gestures\10_down\frame_03_10_0146.png,Palm
D:\Downloadf\gestures_resized\gestures\01_palm\WIN_20260220_00_02_13_Pro.jpg,Palm
D:\Downloadf\gestures_resized\gestures\03_fist\WIN_20260217_20_37_06_Pro.jpg,Fist
D:\Downloadf\gestures_resized\gestures\04_fist_moved\frame_06_04_0038.png,Fist
D:\Downloadf\gestures_resized\gestures\01_palm\WIN_20260217_17_31_19_Pro.jpg,Palm
D:\Downloadf\gestures_resized\gestures\03_fist\frame_00_03_0182.png,Fist
D:\Downloadf\gestures_resized\gestures\04_fist_moved\frame_03_04_0035.png,Fist
D:\Downloadf\gestures_resized\gestures\04_fist_moved\frame_05_04_0184.png,Fist
D:\Downloadf\gestures_resized\gestures\10_down\frame_02_10_0163.png,Palm
D:\Downloadf\gestures_resized\gestures\01_palm\frame_09_01_0182.png,Palm
D:\Downloadf\gestures_resized\gestures\10_down\frame_05_10_0001.png,Palm
D:\Downloadf\gestures_resized\gestures\04_fist_moved\frame_05_04_0058.png,Fist
D:\Downloadf\gestures_resized\gestures\08_palm_moved\frame_01_08_0143.png,Palm
D:\Downloadf\gestures_resized\gestures\03_fist\WIN_20260217_22_10_44_Pro (2).jpg,Fist
D:\Downloadf\gestures_resized\gestures\03_fist\frame_08_03_0068.png,Fist
D:\Downloadf\gestures_resized\gestures\03_fist\frame_00_03_0028.png,Fist
D:\Downloadf\gestures_resized\gestures\03_fist\WIN_20260217_22_05_04_Pro (2).jpg,Fist
D:\Downloadf\gestures_resized\gestures\01_palm\WIN_20260220_00_04_53_Pro (2).jpg,Palm
D:\Downloadf\gestures_resized\gestures\01_palm\frame_02_01_0183.png,Palm
D:\Downloadf\gestures_resized\gestures\03_fist\WIN_20260217_22_11_06_Pro (4).jpg,Fist
D:\Downloadf\gestures_resized\gestures\04_fist_moved\frame_01_04_0176.png,Fist
D:\Downloadf\gestures_resized\gestures\08_palm_moved\frame_05_08_0021.png,Palm
D:\Downloadf\gestures_resized\gestures\10_down\frame_02_10_0166.png,Palm
D:\Downloadf\gestures_resized\gestures\10_down\frame_09_10_0112.png,Palm
D:\Downloadf\gestures_resized\gestures\01_palm\frame_05_01_0200.png,Palm
D:\Downloadf\gestures_resized\gestures\03_fist\WIN_20260217_22_04_43_Pro.jpg,Fist
D:\Downloadf\gestures_resized\gestures\03_fist\frame_05_03_0106.png,Fist
D:\Downloadf\gestures_resized\gestures\01_palm\WIN_20260217_20_11_43_Pro.jpg,Palm
D:\Downloadf\gestures_resized\gestures\10_down\frame_06_10_0180.png,Palm
D:\Downloadf\gestures_resized\gestures\01_palm\frame_05_01_0029.png,Palm
D:\Downloadf\gestures_resized\gestures\10_down\frame_00_10_0096.png,Palm
D:\Downloadf\gestures_resized\gestures\04_fist_moved\frame_04_04_0069.png,Fist
D:\Downloadf\gestures_resized\gestures\10_down\frame_07_10_0180.png,Palm
D:\Downloadf\gestures_resized\gestures\03_fist\Right\frame_09_03_0129.png,Fist
D:\Downloadf\gestures_resized\gestures\03_fist\WIN_20260217_22_04_51_Pro (2).jpg,Fist
D:\Downloadf\gestures_resized\gestures\08_palm_moved\frame_01_08_0065.png,Palm
D:\Downloadf\gestures_resized\gestures\03_fist\WIN_20260217_18_01_59_Pro.jpg,Fist
D:\Downloadf\gestures_resized\gestures\04_fist_moved\frame_05_04_0178.png,Fist
D:\Downloadf\gestures_resized\gestures\10_down\frame_04_10_0006.png,Palm
D:\Downloadf\gestures_resized\gestures\01_palm\frame_07_01_0003.png,Palm
D:\Downloadf\gestures_resized\gestures\08_palm_moved\frame_01_08_0055.png,Palm
D:\Downloadf\gestures_resized\gestures\03_fist\frame_01_03_0070.png,Fist
D:\Downloadf\gestures_resized\gestures\03_fist\frame_09_03_0101.png,Fist
D:\Downloadf\gestures_resized\gestures\03_fist\WIN_20260217_20_35_30_Pro.jpg,Fist
D:\Downloadf\gestures_resized\gestures\01_palm\frame_07_01_0039.png,Palm
D:\Downloadf\gestures_resized\gestures\03_fist\frame_05_03_0070.png,Fist
D:\Downloadf\gestures_resized\gestures\01_palm\WIN_20260217_21_50_35_Pro (3).jpg,Palm
D:\Downloadf\gestures_resized\gestures\04_fist_moved\frame_05_04_0175.png,Fist
D:\Downloadf\gestures_resized\gestures\03_fist\frame_05_03_0200.png,Fist
D:\Downloadf\gestures_resized\gestures\04_fist_moved\frame_07_04_0011.png,Fist
D:\Downloadf\gestures_resized\gestures\01_palm\frame_07_01_0059.png,Palm
D:\Downloadf\gestures_resized\gestures\03_fist\frame_07_03_0154.png,Fist
D:\Downloadf\gestures_resized\gestures\01_palm\WIN_20260220_00_01_59_Pro.jpg,Palm
D:\Downloadf\gestures_resized\gestures\01_palm\WIN_20260220_00_04_57_Pro.jpg,Palm
D:\Downloadf\gestures_resized\gestures\04_fist_moved\frame_01_04_0186.png,Fist
D:\Downloadf\gestures_resized\gestures\08_palm_moved\frame_02_08_0011.png,Palm
D:\Downloadf\gestures_resized\gestures\01_palm\frame_02_01_0169.png,Palm
D:\Downloadf\gestures_resized\gestures\03_fist\WIN_20260217_22_04_50_Pro (5).jpg,Fist
D:\Downloadf\gestures_resized\gestures\04_fist_moved\frame_06_04_0030.png,Fist
D:\Downloadf\gestures_resized\gestures\10_down\WIN_20260217_20_31_40_Pro (2).jpg,Palm
D:\Downloadf\gestures_resized\gestures\04_fist_moved\frame_02_04_0100.png,Fist
D:\Downloadf\gestures_resized\gestures\01_palm\WIN_20260217_20_10_33_Pro.jpg,Palm
D:\Downloadf\gestures_resized\gestures\08_palm_moved\WIN_20260217_22_18_25_Pro (3).jpg,Palm
D:\Downloadf\gestures_resized\gestures\03_fist\WIN_20260217_22_10_57_Pro (3).jpg,Fist
D:\Downloadf\gestures_resized\gestures\01_palm\frame_07_01_0188.png,Palm
D:\Downloadf\gestures_resized\gestures\01_palm\WIN_20260217_21_52_22_Pro (2).jpg,Palm
D:\Downloadf\gestures_resized\gestures\01_palm\frame_00_01_0018.png,Palm
D:\Downloadf\gestures_resized\gestures\08_palm_moved\WIN_20260217_18_35_52_Pro (2).jpg,Palm
D:\Downloadf\gestures_resized\gestures\01_palm\frame_07_01_0048.png,Palm
D:\Downloadf\gestures_resized\gestures\04_fist_moved\frame_00_04_0051.png,Fist
D:\Downloadf\gestures_resized\gestures\01_palm\frame_02_01_0065.png,Palm
D:\Downloadf\gestures_resized\gestures\08_palm_moved\WIN_20260217_20_18_54_Pro.jpg,Palm
D:\Downloadf\gestures_resized\gestures\03_fist\frame_07_03_0048.png,Fist
D:\Downloadf\gestures_resized\gestures\03_fist\frame_01_03_0186.png,Fist
D:\Downloadf\gestures_resized\gestures\01_palm\WIN_20260217_21_52_13_Pro (3).jpg,Palm
D:\Downloadf\gestures_resized\gestures\04_fist_moved\frame_02_04_0193.png,Fist
D:\Downloadf\gestures_resized\gestures\04_fist_moved\frame_05_04_0172.png,Fist
D:\Downloadf\gestures_resized\gestures\01_palm\WIN_20260220_00_03_42_Pro.jpg,Palm
D:\Downloadf\gestures_resized\gestures\08_palm_moved\WIN_20260217_20_20_37_Pro.jpg,Palm
D:\Downloadf\gestures_resized\gestures\10_down\WIN_20260217_18_18_31_Pro (2).jpg,Palm
D:\Downloadf\gestures_resized\gestures\01_palm\frame_08_01_0183.png,Palm
D:\Downloadf\gestures_resized\gestures\10_down\frame_03_10_0068.png,Palm
D:\Downloadf\gestures_resized\gestures\10_down\WIN_20260217_20_29_39_Pro.jpg,Palm
D:\Downloadf\gestures_resized\gestures\10_down\frame_00_10_0173.png,Palm
D:\Downloadf\gestures_resized\gestures\03_fist\frame_05_03_0151.png,Fist
D:\Downloadf\gestures_resized\gestures\10_down\frame_00_10_0109.png,Palm
D:\Downloadf\gestures_resized\gestures\03_fist\frame_07_03_0182.png,Fist
D:\Downloadf\gestures_resized\gestures\03_fist\WIN_20260217_20_37_02_Pro.jpg,Fist
D:\Downloadf\gestures_resized\gestures\01_palm\WIN_20260220_00_04_20_Pro (3).jpg,Palm
D:\Downloadf\gestures_resized\gestures\08_palm_moved\frame_05_08_0005.png,Palm
D:\Downloadf\gestures_resized\gestures\10_down\frame_00_10_0197.png,Palm
D:\Downloadf\gestures_resized\gestures\01_palm\frame_01_01_0022.png,Palm
D:\Downloadf\gestures_resized\gestures\08_palm_moved\frame_07_08_0162.png,Palm
D:\Downloadf\gestures_resized\gestures\01_palm\frame_03_01_0082.png,Palm
D:\Downloadf\gestures_resized\gestures\10_down\frame_09_10_0107.png,Palm
D:\Downloadf\gestures_resized\gestures\04_fist_moved\WIN_20260217_18_25_01_Pro (2).jpg,Fist
D:\Downloadf\gestures_resized\gestures\01_palm\frame_09_01_0058.png,Palm
D:\Downloadf\gestures_resized\gestures\04_fist_moved\frame_05_04_0195.png,Fist
D:\Downloadf\gestures_resized\gestures\03_fist\frame_09_03_0062.png,Fist
D:\Downloadf\gestures_resized\gestures\04_fist_moved\frame_07_04_0184.png,Fist
D:\Downloadf\gestures_resized\gestures\03_fist\frame_05_03_0003.png,Fist
D:\Downloadf\gestures_resized\gestures\02_closeup_fist\WIN_20260220_19_16_01_Pro.jpg,Fist
D:\Downloadf\gestures_resized\gestures\01_palm\WIN_20260217_21_27_34_Pro (2).jpg,Palm
D:\Downloadf\gestures_resized\gestures\01_palm\WIN_20260220_00_04_29_Pro.jpg,Palm
D:\Downloadf\gestures_resized\gestures\03_fist\Right\frame_09_03_0035.png,Fist
D:\Downloadf\gestures_resized\gestures\04_fist_moved\frame_02_04_0191.png,Fist
D:\Downloadf\gestures_resized\gestures\01_palm\frame_09_01_0006.png,Palm
D:\Downloadf\gestures_resized\gestures\01_palm\frame_08_01_0059.png,Palm
D:\Downloadf\gestures_resized\gestures\04_fist_moved\frame_08_04_0110.png,Fist
D:\Downloadf\gestures_resized\gestures\03_fist\WIN_20260217_22_04_32_Pro (4).jpg,Fist
D:\Downloadf\gestures_resized\gestures\10_down\frame_04_10_0185.png,Palm
D:\Downloadf\gestures_resized\gestures\03_fist\WIN_20260217_22_04_54_Pro (2).jpg,Fist
D:\Downloadf\gestures_resized\gestures\08_palm_moved\frame_03_08_0025.png,Palm
D:\Downloadf\gestures_resized\gestures\04_fist_moved\WIN_20260217_18_25_09_Pro.jpg,Fist
D:\Downloadf\gestures_resized\gestures\08_palm_moved\frame_01_08_0170.png,Palm
D:\Downloadf\gestures_resized\gestures\08_palm_moved\frame_03_08_0030.png,Palm
D:\Downloadf\gestures_resized\gestures\03_fist\frame_02_03_0122.png,Fist
D:\Downloadf\gestures_resized\gestures\08_palm_moved\frame_03_08_0132.png,Palm
D:\Downloadf\gestures_resized\gestures\10_down\frame_07_10_0136.png,Palm
D:\Downloadf\gestures_resized\gestures\03_fist\WIN_20260217_20_38_16_Pro.jpg,Fist
D:\Downloadf\gestures_resized\gestures\01_palm\WIN_20260220_00_02_00_Pro (2).jpg,Palm
D:\Downloadf\gestures_resized\gestures\03_fist\frame_00_03_0124.png,Fist
D:\Downloadf\gestures_resized\gestures\10_down\WIN_20260217_20_31_07_Pro.jpg,Palm
D:\Downloadf\gestures_resized\gestures\03_fist\frame_04_03_0163.png,Fist
D:\Downloadf\gestures_resized\gestures\03_fist\frame_02_03_0071.png,Fist
D:\Downloadf\gestures_resized\gestures\04_fist_moved\frame_06_04_0155.png,Fist
D:\Downloadf\gestures_resized\gestures\08_palm_moved\frame_03_08_0151.png,Palm
D:\Downloadf\gestures_resized\gestures\01_palm\frame_08_01_0161.png,Palm
D:\Downloadf\gestures_resized\gestures\03_fist\frame_07_03_0173.png,Fist
D:\Downloadf\gestures_resized\gestures\03_fist\frame_04_03_0195.png,Fist
D:\Downloadf\gestures_resized\gestures\03_fist\frame_09_03_0181.png,Fist
D:\Downloadf\gestures_resized\gestures\04_fist_moved\frame_08_04_0010.png,Fist
D:\Downloadf\gestures_resized\gestures\08_palm_moved\frame_06_08_0181.png,Palm
D:\Downloadf\gestures_resized\gestures\03_fist\WIN_20260220_00_06_47_Pro.jpg,Fist
D:\Downloadf\gestures_resized\gestures\08_palm_moved\frame_05_08_0024.png,Palm
D:\Downloadf\gestures_resized\gestures\03_fist\WIN_20260217_22_04_58_Pro.jpg,Fist
D:\Downloadf\gestures_resized\gestures\03_fist\WIN_20260217_20_34_44_Pro.jpg,Fist
D:\Downloadf\gestures_resized\gestures\10_down\frame_02_10_0181.png,Palm
D:\Downloadf\gestures_resized\gestures\08_palm_moved\frame_00_08_0165.png,Palm
D:\Downloadf\gestures_resized\gestures\10_down\frame_02_10_0183.png,Palm
D:\Downloadf\gestures_resized\gestures\01_palm\frame_07_01_0049.png,Palm
D:\Downloadf\gestures_resized\gestures\10_down\frame_03_10_0104.png,Palm
D:\Downloadf\gestures_resized\gestures\10_down\frame_08_10_0047.png,Palm
D:\Downloadf\gestures_resized\gestures\04_fist_moved\WIN_20260217_22_23_34_Pro (2).jpg,Fist
D:\Downloadf\gestures_resized\gestures\10_down\frame_08_10_0045.png,Palm
D:\Downloadf\gestures_resized\gestures\01_palm\frame_00_01_0014.png,Palm
D:\Downloadf\gestures_resized\gestures\04_fist_moved\frame_09_04_0181.png,Fist
D:\Downloadf\gestures_resized\gestures\03_fist\Right\frame_09_03_0081.png,Fist
D:\Downloadf\gestures_resized\gestures\03_fist\frame_00_03_0168.png,Fist
D:\Downloadf\gestures_resized\gestures\10_down\WIN_20260217_20_31_57_Pro.jpg,Palm
D:\Downloadf\gestures_resized\gestures\08_palm_moved\frame_05_08_0134.png,Palm
D:\Downloadf\gestures_resized\gestures\03_fist\WIN_20260220_00_07_06_Pro (2).jpg,Fist
D:\Downloadf\gestures_resized\gestures\01_palm\frame_02_01_0021.png,Palm
D:\Downloadf\gestures_resized\gestures\01_palm\WIN_20260217_17_29_58_Pro.jpg,Palm
D:\Downloadf\gestures_resized\gestures\04_fist_moved\WIN_20260217_20_42_47_Pro.jpg,Fist
D:\Downloadf\gestures_resized\gestures\01_palm\frame_06_01_0199.png,Palm
D:\Downloadf\gestures_resized\gestures\03_fist\frame_06_03_0119.png,Fist
D:\Downloadf\gestures_resized\gestures\03_fist\frame_05_03_0073.png,Fist
D:\Downloadf\gestures_resized\gestures\03_fist\frame_09_03_0174.png,Fist
D:\Downloadf\gestures_resized\gestures\01_palm\WIN_20260220_00_02_34_Pro (2).jpg,Palm
D:\Downloadf\gestures_resized\gestures\01_palm\frame_09_01_0184.png,Palm
D:\Downloadf\gestures_resized\gestures\04_fist_moved\WIN_20260217_20_45_24_Pro.jpg,Fist
D:\Downloadf\gestures_resized\gestures\04_fist_moved\WIN_20260217_20_42_32_Pro (2).jpg,Fist
D:\Downloadf\gestures_resized\gestures\08_palm_moved\frame_05_08_0198.png,Palm
D:\Downloadf\gestures_resized\gestures\03_fist\WIN_20260217_18_01_47_Pro.jpg,Fist
D:\Downloadf\gestures_resized\gestures\03_fist\frame_05_03_0195.png,Fist
D:\Downloadf\gestures_resized\gestures\04_fist_moved\WIN_20260217_22_21_55_Pro.jpg,Fist
D:\Downloadf\gestures_resized\gestures\01_palm\frame_07_01_0042.png,Palm
D:\Downloadf\gestures_resized\gestures\03_fist\frame_03_03_0168.png,Fist
D:\Downloadf\gestures_resized\gestures\08_palm_moved\WIN_20260217_22_19_43_Pro (2).jpg,Palm
D:\Downloadf\gestures_resized\gestures\03_fist\frame_09_03_0184.png,Fist
D:\Downloadf\gestures_resized\gestures\04_fist_moved\WIN_20260217_18_23_27_Pro (2).jpg,Fist
D:\Downloadf\gestures_resized\gestures\03_fist\Right\frame_09_03_0198.png,Fist
D:\Downloadf\gestures_resized\gestures\04_fist_moved\frame_00_04_0197.png,Fist
D:\Downloadf\gestures_resized\gestures\08_palm_moved\frame_08_08_0136.png,Palm
D:\Downloadf\gestures_resized\gestures\01_palm\WIN_20260220_00_04_31_Pro.jpg,Palm
D:\Downloadf\gestures_resized\gestures\08_palm_moved\WIN_20260217_22_19_43_Pro (4).jpg,Palm
D:\Downloadf\gestures_resized\gestures\08_palm_moved\frame_04_08_0002.png,Palm
D:\Downloadf\gestures_resized\gestures\10_down\frame_07_10_0196.png,Palm
D:\Downloadf\gestures_resized\gestures\08_palm_moved\WIN_20260217_18_32_59_Pro.jpg,Palm
D:\Downloadf\gestures_resized\gestures\03_fist\frame_04_03_0127.png,Fist
D:\Downloadf\gestures_resized\gestures\04_fist_moved\frame_03_04_0158.png,Fist
D:\Downloadf\gestures_resized\gestures\10_down\frame_02_10_0090.png,Palm
D:\Downloadf\gestures_resized\gestures\01_palm\frame_05_01_0077.png,Palm
D:\Downloadf\gestures_resized\gestures\04_fist_moved\frame_05_04_0057.png,Fist
D:\Downloadf\gestures_resized\gestures\08_palm_moved\frame_02_08_0169.png,Palm
D:\Downloadf\gestures_resized\gestures\08_palm_moved\frame_08_08_0195.png,Palm
D:\Downloadf\gestures_resized\gestures\04_fist_moved\frame_07_04_0149.png,Fist
D:\Downloadf\gestures_resized\gestures\08_palm_moved\frame_05_08_0025.png,Palm
D:\Downloadf\gestures_resized\gestures\03_fist\frame_06_03_0048.png,Fist
D:\Downloadf\gestures_resized\gestures\10_down\frame_00_10_0184.png,Palm
D:\Downloadf\gestures_resized\gestures\04_fist_moved\WIN_20260217_18_24_55_Pro (2).jpg,Fist
D:\Downloadf\gestures_resized\gestures\08_palm_moved\WIN_20260217_22_18_20_Pro.jpg,Palm
D:\Downloadf\gestures_resized\gestures\03_fist\frame_02_03_0053.png,Fist
D:\Downloadf\gestures_resized\gestures\10_down\frame_02_10_0185.png,Palm
D:\Downloadf\gestures_resized\gestures\08_palm_moved\WIN_20260217_22_18_27_Pro.jpg,Palm
D:\Downloadf\gestures_resized\gestures\01_palm\WIN_20260220_00_03_52_Pro.jpg,Palm
D:\Downloadf\gestures_resized\gestures\03_fist\frame_08_03_0046.png,Fist
D:\Downloadf\gestures_resized\gestures\08_palm_moved\frame_05_08_0073.png,Palm
D:\Downloadf\gestures_resized\gestures\10_down\frame_05_10_0016.png,Palm
D:\Downloadf\gestures_resized\gestures\08_palm_moved\WIN_20260217_18_33_21_Pro.jpg,Palm
D:\Downloadf\gestures_resized\gestures\10_down\frame_09_10_0181.png,Palm
D:\Downloadf\gestures_resized\gestures\10_down\frame_08_10_0191.png,Palm
D:\Downloadf\gestures_resized\gestures\04_fist_moved\frame_02_04_0113.png,Fist
D:\Downloadf\gestures_resized\gestures\03_fist\WIN_20260217_20_38_20_Pro.jpg,Fist
D:\Downloadf\gestures_resized\gestures\03_fist\frame_07_03_0013.png,Fist
D:\Downloadf\gestures_resized\gestures\04_fist_moved\WIN_20260217_22_21_39_Pro (2).jpg,Fist
D:\Downloadf\gestures_resized\gestures\04_fist_moved\WIN_20260217_18_23_39_Pro (2).jpg,Fist
D:\Downloadf\gestures_resized\gestures\03_fist\frame_08_03_0130.png,Fist
D:\Downloadf\gestures_resized\gestures\04_fist_moved\frame_02_04_0177.png,Fist
D:\Downloadf\gestures_resized\gestures\03_fist\Right\frame_09_03_0074.png,Fist
D:\Downloadf\gestures_resized\gestures\03_fist\WIN_20260220_00_06_46_Pro.jpg,Fist
D:\Downloadf\gestures_resized\gestures\03_fist\WIN_20260217_22_04_55_Pro (5).jpg,Fist
D:\Downloadf\gestures_resized\gestures\03_fist\frame_02_03_0070.png,Fist
D:\Downloadf\gestures_resized\gestures\02_closeup_fist\WIN_20260220_19_16_46_Pro.jpg,Fist
D:\Downloadf\gestures_resized\gestures\03_fist\WIN_20260220_00_10_05_Pro.jpg,Fist
D:\Downloadf\gestures_resized\gestures\10_down\WIN_20260217_18_19_49_Pro.jpg,Palm
D:\Downloadf\gestures_resized\gestures\03_fist\frame_09_03_0019.png,Fist
D:\Downloadf\gestures_resized\gestures\10_down\frame_03_10_0195.png,Palm
D:\Downloadf\gestures_resized\gestures\01_palm\frame_06_01_0187.png,Palm
D:\Downloadf\gestures_resized\gestures\08_palm_moved\WIN_20260217_18_35_45_Pro (3).jpg,Palm
D:\Downloadf\gestures_resized\gestures\03_fist\frame_03_03_0157.png,Fist
D:\Downloadf\gestures_resized\gestures\03_fist\Right\frame_09_03_0123.png,Fist
D:\Downloadf\gestures_resized\gestures\03_fist\WIN_20260217_20_37_00_Pro.jpg,Fist
D:\Downloadf\gestures_resized\gestures\10_down\WIN_20260217_20_31_24_Pro (2).jpg,Palm
D:\Downloadf\gestures_resized\gestures\08_palm_moved\frame_04_08_0191.png,Palm
D:\Downloadf\gestures_resized\gestures\03_fist\frame_02_03_0011.png,Fist
D:\Downloadf\gestures_resized\gestures\03_fist\frame_08_03_0134.png,Fist
D:\Downloadf\gestures_resized\gestures\08_palm_moved\frame_04_08_0007.png,Palm
D:\Downloadf\gestures_resized\gestures\03_fist\frame_01_03_0184.png,Fist
D:\Downloadf\gestures_resized\gestures\01_palm\frame_06_01_0113.png,Palm
D:\Downloadf\gestures_resized\gestures\04_fist_moved\WIN_20260217_18_25_13_Pro (2).jpg,Fist
D:\Downloadf\gestures_resized\gestures\03_fist\frame_09_03_0082.png,Fist
D:\Downloadf\gestures_resized\gestures\01_palm\frame_02_01_0164.png,Palm
D:\Downloadf\gestures_resized\gestures\03_fist\frame_07_03_0166.png,Fist
D:\Downloadf\gestures_resized\gestures\04_fist_moved\frame_04_04_0187.png,Fist
D:\Downloadf\gestures_resized\gestures\01_palm\frame_03_01_0182.png,Palm
D:\Downloadf\gestures_resized\gestures\03_fist\frame_03_03_0040.png,Fist
D:\Downloadf\gestures_resized\gestures\01_palm\WIN_20260217_20_10_03_Pro.jpg,Palm
D:\Downloadf\gestures_resized\gestures\03_fist\frame_07_03_0091.png,Fist
D:\Downloadf\gestures_resized\gestures\03_fist\frame_05_03_0174.png,Fist
D:\Downloadf\gestures_resized\gestures\04_fist_moved\frame_03_04_0159.png,Fist
D:\Downloadf\gestures_resized\gestures\04_fist_moved\frame_03_04_0164.png,Fist
D:\Downloadf\gestures_resized\gestures\01_palm\frame_07_01_0033.png,Palm
D:\Downloadf\gestures_resized\gestures\03_fist\frame_06_03_0147.png,Fist
D:\Downloadf\gestures_resized\gestures\08_palm_moved\frame_07_08_0049.png,Palm
D:\Downloadf\gestures_resized\gestures\04_fist_moved\frame_02_04_0194.png,Fist
D:\Downloadf\gestures_resized\gestures\01_palm\frame_05_01_0027.png,Palm
D:\Downloadf\gestures_resized\gestures\04_fist_moved\frame_02_04_0112.png,Fist
D:\Downloadf\gestures_resized\gestures\08_palm_moved\WIN_20260217_20_20_29_Pro.jpg,Palm
D:\Downloadf\gestures_resized\gestures\03_fist\Right\frame_09_03_0160.png,Fist
D:\Downloadf\gestures_resized\gestures\03_fist\WIN_20260217_20_34_46_Pro.jpg,Fist
D:\Downloadf\gestures_resized\gestures\03_fist\frame_08_03_0034.png,Fist
D:\Downloadf\gestures_resized\gestures\04_fist_moved\WIN_20260217_20_46_15_Pro.jpg,Fist
D:\Downloadf\gestures_resized\gestures\03_fist\frame_02_03_0157.png,Fist
D:\Downloadf\gestures_resized\gestures\08_palm_moved\WIN_20260217_20_18_17_Pro.jpg,Palm
D:\Downloadf\gestures_resized\gestures\04_fist_moved\frame_04_04_0157.png,Fist
D:\Downloadf\gestures_resized\gestures\10_down\frame_00_10_0072.png,Palm
D:\Downloadf\gestures_resized\gestures\03_fist\frame_00_03_0044.png,Fist
D:\Downloadf\gestures_resized\gestures\10_down\frame_06_10_0181.png,Palm
D:\Downloadf\gestures_resized\gestures\01_palm\WIN_20260220_00_03_39_Pro.jpg,Palm
D:\Downloadf\gestures_resized\gestures\10_down\frame_01_10_0115.png,Palm
D:\Downloadf\gestures_resized\gestures\01_palm\frame_00_01_0196.png,Palm
D:\Downloadf\gestures_resized\gestures\01_palm\frame_08_01_0175.png,Palm
D:\Downloadf\gestures_resized\gestures\08_palm_moved\WIN_20260217_20_18_45_Pro.jpg,Palm
D:\Downloadf\gestures_resized\gestures\03_fist\WIN_20260217_18_01_23_Pro.jpg,Fist
D:\Downloadf\gestures_resized\gestures\01_palm\WIN_20260220_00_04_06_Pro.jpg,Palm
D:\Downloadf\gestures_resized\gestures\03_fist\frame_01_03_0099.png,Fist
D:\Downloadf\gestures_resized\gestures\08_palm_moved\frame_09_08_0092.png,Palm
D:\Downloadf\gestures_resized\gestures\04_fist_moved\frame_04_04_0175.png,Fist
D:\Downloadf\gestures_resized\gestures\03_fist\frame_00_03_0055.png,Fist
D:\Downloadf\gestures_resized\gestures\01_palm\frame_05_01_0192.png,Palm
D:\Downloadf\gestures_resized\gestures\04_fist_moved\frame_03_04_0064.png,Fist
D:\Downloadf\gestures_resized\gestures\10_down\frame_04_10_0019.png,Palm
D:\Downloadf\gestures_resized\gestures\08_palm_moved\WIN_20260217_18_33_24_Pro (2).jpg,Palm
D:\Downloadf\gestures_resized\gestures\03_fist\WIN_20260220_00_09_22_Pro (2).jpg,Fist
D:\Downloadf\gestures_resized\gestures\08_palm_moved\WIN_20260217_20_19_53_Pro.jpg,Palm
D:\Downloadf\gestures_resized\gestures\03_fist\frame_08_03_0153.png,Fist
D:\Downloadf\gestures_resized\gestures\04_fist_moved\frame_09_04_0015.png,Fist
D:\Downloadf\gestures_resized\gestures\01_palm\frame_09_01_0181.png,Palm
D:\Downloadf\gestures_resized\gestures\04_fist_moved\frame_07_04_0007.png,Fist
D:\Downloadf\gestures_resized\gestures\04_fist_moved\frame_04_04_0075.png,Fist
D:\Downloadf\gestures_resized\gestures\03_fist\frame_07_03_0169.png,Fist
D:\Downloadf\gestures_resized\gestures\03_fist\frame_07_03_0195.png,Fist
D:\Downloadf\gestures_resized\gestures\04_fist_moved\frame_06_04_0161.png,Fist
D:\Downloadf\gestures_resized\gestures\04_fist_moved\frame_05_04_0053.png,Fist
D:\Downloadf\gestures_resized\gestures\01_palm\WIN_20260220_00_03_20_Pro (2).jpg,Palm
D:\Downloadf\gestures_resized\gestures\10_down\frame_00_10_0195.png,Palm
D:\Downloadf\gestures_resized\gestures\03_fist\WIN_20260217_22_04_58_Pro (4).jpg,Fist
D:\Downloadf\gestures_resized\gestures\01_palm\WIN_20260217_17_24_55_Pro.jpg,Palm
D:\Downloadf\gestures_resized\gestures\08_palm_moved\frame_00_08_0041.png,Palm
D:\Downloadf\gestures_resized\gestures\03_fist\frame_01_03_0035.png,Fist
D:\Downloadf\gestures_resized\gestures\01_palm\WIN_20260220_00_03_49_Pro.jpg,Palm
D:\Downloadf\gestures_resized\gestures\01_palm\frame_00_01_0171.png,Palm
D:\Downloadf\gestures_resized\gestures\08_palm_moved\WIN_20260217_18_33_17_Pro (2).jpg,Palm
D:\Downloadf\gestures_resized\gestures\08_palm_moved\frame_01_08_0149.png,Palm
D:\Downloadf\gestures_resized\gestures\01_palm\WIN_20260217_17_19_21_Pro.jpg,Palm
D:\Downloadf\gestures_resized\gestures\04_fist_moved\WIN_20260217_18_23_10_Pro.jpg,Fist
D:\Downloadf\gestures_resized\gestures\03_fist\WIN_20260217_18_15_45_Pro (2).jpg,Fist
D:\Downloadf\gestures_resized\gestures\04_fist_moved\WIN_20260217_22_21_38_Pro (3).jpg,Fist
D:\Downloadf\gestures_resized\gestures\03_fist\WIN_20260217_22_04_55_Pro (2).jpg,Fist
D:\Downloadf\gestures_resized\gestures\10_down\frame_06_10_0082.png,Palm
D:\Downloadf\gestures_resized\gestures\08_palm_moved\frame_03_08_0018.png,Palm
D:\Downloadf\gestures_resized\gestures\04_fist_moved\frame_01_04_0173.png,Fist
D:\Downloadf\gestures_resized\gestures\04_fist_moved\frame_02_04_0017.png,Fist
D:\Downloadf\gestures_resized\gestures\01_palm\frame_09_01_0018.png,Palm
D:\Downloadf\gestures_resized\gestures\03_fist\WIN_20260217_22_05_07_Pro (5).jpg,Fist
D:\Downloadf\gestures_resized\gestures\03_fist\WIN_20260217_22_04_30_Pro (2).jpg,Fist
D:\Downloadf\gestures_resized\gestures\01_palm\frame_05_01_0128.png,Palm
D:\Downloadf\gestures_resized\gestures\04_fist_moved\frame_08_04_0108.png,Fist
D:\Downloadf\gestures_resized\gestures\03_fist\frame_05_03_0045.png,Fist
D:\Downloadf\gestures_resized\gestures\01_palm\frame_05_01_0004.png,Palm
D:\Downloadf\gestures_resized\gestures\04_fist_moved\frame_05_04_0010.png,Fist
D:\Downloadf\gestures_resized\gestures\08_palm_moved\WIN_20260217_20_20_15_Pro (2).jpg,Palm
D:\Downloadf\gestures_resized\gestures\03_fist\frame_02_03_0040.png,Fist
D:\Downloadf\gestures_resized\gestures\03_fist\frame_04_03_0054.png,Fist
D:\Downloadf\gestures_resized\gestures\04_fist_moved\WIN_20260217_22_23_35_Pro (2).jpg,Fist
D:\Downloadf\gestures_resized\gestures\10_down\frame_00_10_0068.png,Palm
D:\Downloadf\gestures_resized\gestures\02_closeup_fist\WIN_20260220_19_16_22_Pro.jpg,Fist
D:\Downloadf\gestures_resized\gestures\01_palm\frame_00_01_0002.png,Palm
D:\Downloadf\gestures_resized\gestures\03_fist\frame_07_03_0033.png,Fist
D:\Downloadf\gestures_resized\gestures\08_palm_moved\frame_00_08_0163.png,Palm
D:\Downloadf\gestures_resized\gestures\01_palm\frame_00_01_0110.png,Palm
D:\Downloadf\gestures_resized\gestures\08_palm_moved\WIN_20260217_18_33_15_Pro (2).jpg,Palm
D:\Downloadf\gestures_resized\gestures\03_fist\WIN_20260217_22_10_55_Pro (3).jpg,Fist
D:\Downloadf\gestures_resized\gestures\10_down\WIN_20260217_20_31_23_Pro.jpg,Palm
D:\Downloadf\gestures_resized\gestures\03_fist\frame_00_03_0062.png,Fist
D:\Downloadf\gestures_resized\gestures\08_palm_moved\frame_09_08_0090.png,Palm
D:\Downloadf\gestures_resized\gestures\03_fist\frame_06_03_0153.png,Fist
D:\Downloadf\gestures_resized\gestures\01_palm\WIN_20260217_20_10_52_Pro.jpg,Palm
D:\Downloadf\gestures_resized\gestures\08_palm_moved\frame_01_08_0005.png,Palm
D:\Downloadf\gestures_resized\gestures\01_palm\frame_06_01_0182.png,Palm
D:\Downloadf\gestures_resized\gestures\03_fist\frame_03_03_0160.png,Fist
D:\Downloadf\gestures_resized\gestures\03_fist\frame_02_03_0039.png,Fist
D:\Downloadf\gestures_resized\gestures\08_palm_moved\frame_06_08_0065.png,Palm
D:\Downloadf\gestures_resized\gestures\03_fist\frame_03_03_0125.png,Fist
D:\Downloadf\gestures_resized\gestures\03_fist\frame_03_03_0052.png,Fist
D:\Downloadf\gestures_resized\gestures\10_down\frame_00_10_0078.png,Palm
D:\Downloadf\gestures_resized\gestures\08_palm_moved\frame_01_08_0054.png,Palm
D:\Downloadf\gestures_resized\gestures\03_fist\frame_00_03_0188.png,Fist
D:\Downloadf\gestures_resized\gestures\10_down\WIN_20260217_20_31_14_Pro.jpg,Palm
D:\Downloadf\gestures_resized\gestures\10_down\frame_09_10_0017.png,Palm
D:\Downloadf\gestures_resized\gestures\03_fist\frame_07_03_0008.png,Fist
D:\Downloadf\gestures_resized\gestures\10_down\frame_08_10_0011.png,Palm
D:\Downloadf\gestures_resized\gestures\02_closeup_fist\WIN_20260220_19_17_33_Pro.jpg,Fist
D:\Downloadf\gestures_resized\gestures\01_palm\WIN_20260217_17_30_55_Pro.jpg,Palm
D:\Downloadf\gestures_resized\gestures\01_palm\frame_09_01_0193.png,Palm
D:\Downloadf\gestures_resized\gestures\10_down\frame_00_10_0081.png,Palm
D:\Downloadf\gestures_resized\gestures\01_palm\WIN_20260220_00_03_58_Pro.jpg,Palm
D:\Downloadf\gestures_resized\gestures\08_palm_moved\frame_03_08_0142.png,Palm
D:\Downloadf\gestures_resized\gestures\10_down\WIN_20260217_18_20_41_Pro (2).jpg,Palm
D:\Downloadf\gestures_resized\gestures\03_fist\frame_00_03_0005.png,Fist
D:\Downloadf\gestures_resized\gestures\01_palm\frame_09_01_0068.png,Palm
D:\Downloadf\gestures_resized\gestures\01_palm\WIN_20260217_17_23_16_Pro.jpg,Palm
D:\Downloadf\gestures_resized\gestures\03_fist\WIN_20260220_00_09_28_Pro.jpg,Fist
D:\Downloadf\gestures_resized\gestures\03_fist\frame_03_03_0093.png,Fist
D:\Downloadf\gestures_resized\gestures\03_fist\frame_08_03_0106.png,Fist
D:\Downloadf\gestures_resized\gestures\08_palm_moved\WIN_20260217_18_32_53_Pro.jpg,Palm
D:\Downloadf\gestures_resized\gestures\03_fist\frame_08_03_0011.png,Fist
D:\Downloadf\gestures_resized\gestures\01_palm\WIN_20260220_00_02_17_Pro.jpg,Palm
D:\Downloadf\gestures_resized\gestures\04_fist_moved\frame_01_04_0182.png,Fist
D:\Downloadf\gestures_resized\gestures\01_palm\WIN_20260217_20_11_45_Pro.jpg,Palm
D:\Downloadf\gestures_resized\gestures\04_fist_moved\frame_09_04_0025.png,Fist
D:\Downloadf\gestures_resized\gestures\03_fist\frame_03_03_0044.png,Fist
D:\Downloadf\gestures_resized\gestures\01_palm\frame_08_01_0013.png,Palm
D:\Downloadf\gestures_resized\gestures\08_palm_moved\frame_01_08_0037.png,Palm
D:\Downloadf\gestures_resized\gestures\08_palm_moved\frame_02_08_0176.png,Palm
D:\Downloadf\gestures_resized\gestures\03_fist\WIN_20260217_22_04_29_Pro (2).jpg,Fist
D:\Downloadf\gestures_resized\gestures\08_palm_moved\frame_08_08_0058.png,Palm
D:\Downloadf\gestures_resized\gestures\01_palm\frame_07_01_0170.png,Palm
D:\Downloadf\gestures_resized\gestures\03_fist\frame_05_03_0119.png,Fist
D:\Downloadf\gestures_resized\gestures\03_fist\WIN_20260217_22_04_26_Pro (4).jpg,Fist
D:\Downloadf\gestures_resized\gestures\10_down\WIN_20260217_20_31_18_Pro (2).jpg,Palm
D:\Downloadf\gestures_resized\gestures\01_palm\WIN_20260217_21_52_26_Pro (3).jpg,Palm
D:\Downloadf\gestures_resized\gestures\01_palm\frame_08_01_0188.png,Palm
D:\Downloadf\gestures_resized\gestures\08_palm_moved\WIN_20260217_22_14_32_Pro (2).jpg,Palm
D:\Downloadf\gestures_resized\gestures\08_palm_moved\WIN_20260217_22_14_26_Pro (2).jpg,Palm
D:\Downloadf\gestures_resized\gestures\08_palm_moved\frame_05_08_0031.png,Palm
D:\Downloadf\gestures_resized\gestures\03_fist\WIN_20260217_18_15_23_Pro (2).jpg,Fist
D:\Downloadf\gestures_resized\gestures\10_down\frame_03_10_0066.png,Palm
D:\Downloadf\gestures_resized\gestures\01_palm\WIN_20260217_21_52_10_Pro (5).jpg,Palm
D:\Downloadf\gestures_resized\gestures\04_fist_moved\WIN_20260217_20_44_27_Pro.jpg,Fist
D:\Downloadf\gestures_resized\gestures\03_fist\frame_09_03_0030.png,Fist
D:\Downloadf\gestures_resized\gestures\01_palm\frame_05_01_0189.png,Palm
D:\Downloadf\gestures_resized\gestures\10_down\WIN_20260217_20_32_04_Pro (2).jpg,Palm
D:\Downloadf\gestures_resized\gestures\03_fist\WIN_20260217_19_12_25_Pro (3).jpg,Fist
D:\Downloadf\gestures_resized\gestures\03_fist\WIN_20260217_22_04_43_Pro (2).jpg,Fist
D:\Downloadf\gestures_resized\gestures\04_fist_moved\frame_08_04_0178.png,Fist
D:\Downloadf\gestures_resized\gestures\04_fist_moved\frame_07_04_0153.png,Fist
D:\Downloadf\gestures_resized\gestures\04_fist_moved\WIN_20260217_18_23_49_Pro (3).jpg,Fist
D:\Downloadf\gestures_resized\gestures\03_fist\frame_01_03_0151.png,Fist
D:\Downloadf\gestures_resized\gestures\10_down\frame_03_10_0028.png,Palm
D:\Downloadf\gestures_resized\gestures\03_fist\frame_08_03_0062.png,Fist
D:\Downloadf\gestures_resized\gestures\03_fist\frame_08_03_0150.png,Fist
D:\Downloadf\gestures_resized\gestures\03_fist\WIN_20260217_18_01_43_Pro.jpg,Fist
D:\Downloadf\gestures_resized\gestures\03_fist\frame_07_03_0022.png,Fist
D:\Downloadf\gestures_resized\gestures\10_down\frame_05_10_0186.png,Palm
D:\Downloadf\gestures_resized\gestures\03_fist\WIN_20260217_18_02_46_Pro (2).jpg,Fist
D:\Downloadf\gestures_resized\gestures\03_fist\frame_08_03_0022.png,Fist
D:\Downloadf\gestures_resized\gestures\03_fist\frame_01_03_0175.png,Fist
D:\Downloadf\gestures_resized\gestures\08_palm_moved\frame_06_08_0063.png,Palm
D:\Downloadf\gestures_resized\gestures\10_down\frame_08_10_0019.png,Palm
D:\Downloadf\gestures_resized\gestures\08_palm_moved\WIN_20260217_18_33_02_Pro (2).jpg,Palm
D:\Downloadf\gestures_resized\gestures\10_down\frame_01_10_0014.png,Palm
D:\Downloadf\gestures_resized\gestures\03_fist\frame_00_03_0118.png,Fist
D:\Downloadf\gestures_resized\gestures\08_palm_moved\WIN_20260217_18_33_20_Pro (2).jpg,Palm
D:\Downloadf\gestures_resized\gestures\01_palm\frame_00_01_0032.png,Palm
D:\Downloadf\gestures_resized\gestures\03_fist\frame_06_03_0187.png,Fist
D:\Downloadf\gestures_resized\gestures\08_palm_moved\frame_08_08_0172.png,Palm
D:\Downloadf\gestures_resized\gestures\01_palm\frame_00_01_0080.png,Palm
D:\Downloadf\gestures_resized\gestures\08_palm_moved\frame_07_08_0177.png,Palm
D:\Downloadf\gestures_resized\gestures\03_fist\frame_04_03_0077.png,Fist
D:\Downloadf\gestures_resized\gestures\10_down\WIN_20260217_20_31_20_Pro.jpg,Palm
D:\Downloadf\gestures_resized\gestures\03_fist\frame_01_03_0120.png,Fist
D:\Downloadf\gestures_resized\gestures\01_palm\WIN_20260217_17_15_52_Pro.jpg,Palm
D:\Downloadf\gestures_resized\gestures\04_fist_moved\frame_00_04_0130.png,Fist
D:\Downloadf\gestures_resized\gestures\08_palm_moved\frame_09_08_0021.png,Palm
D:\Downloadf\gestures_resized\gestures\04_fist_moved\WIN_20260217_22_21_53_Pro.jpg,Fist
D:\Downloadf\gestures_resized\gestures\03_fist\frame_06_03_0143.png,Fist
D:\Downloadf\gestures_resized\gestures\01_palm\frame_03_01_0075.png,Palm
D:\Downloadf\gestures_resized\gestures\01_palm\WIN_20260220_00_04_07_Pro.jpg,Palm
D:\Downloadf\gestures_resized\gestures\04_fist_moved\frame_08_04_0114.png,Fist
D:\Downloadf\gestures_resized\gestures\10_down\frame_03_10_0011.png,Palm
D:\Downloadf\gestures_resized\gestures\01_palm\frame_05_01_0019.png,Palm
D:\Downloadf\gestures_resized\gestures\03_fist\frame_09_03_0145.png,Fist
D:\Downloadf\gestures_resized\gestures\03_fist\frame_01_03_0029.png,Fist
D:\Downloadf\gestures_resized\gestures\03_fist\WIN_20260217_22_05_03_Pro (3).jpg,Fist
D:\Downloadf\gestures_resized\gestures\08_palm_moved\frame_07_08_0038.png,Palm
D:\Downloadf\gestures_resized\gestures\01_palm\frame_06_01_0164.png,Palm
D:\Downloadf\gestures_resized\gestures\08_palm_moved\frame_03_08_0047.png,Palm
D:\Downloadf\gestures_resized\gestures\10_down\frame_07_10_0003.png,Palm
D:\Downloadf\gestures_resized\gestures\10_down\frame_00_10_0025.png,Palm
D:\Downloadf\gestures_resized\gestures\04_fist_moved\frame_09_04_0192.png,Fist
D:\Downloadf\gestures_resized\gestures\01_palm\frame_06_01_0169.png,Palm
D:\Downloadf\gestures_resized\gestures\03_fist\WIN_20260217_22_04_56_Pro (3).jpg,Fist
D:\Downloadf\gestures_resized\gestures\01_palm\WIN_20260217_17_18_40_Pro.jpg,Palm
D:\Downloadf\gestures_resized\gestures\03_fist\WIN_20260220_00_09_08_Pro (2).jpg,Fist
D:\Downloadf\gestures_resized\gestures\01_palm\frame_02_01_0001.png,Palm
D:\Downloadf\gestures_resized\gestures\01_palm\WIN_20260220_00_04_52_Pro.jpg,Palm
D:\Downloadf\gestures_resized\gestures\04_fist_moved\frame_05_04_0190.png,Fist
D:\Downloadf\gestures_resized\gestures\08_palm_moved\WIN_20260217_20_19_31_Pro.jpg,Palm
D:\Downloadf\gestures_resized\gestures\03_fist\frame_07_03_0067.png,Fist
D:\Downloadf\gestures_resized\gestures\03_fist\frame_05_03_0118.png,Fist
D:\Downloadf\gestures_resized\gestures\08_palm_moved\WIN_20260217_20_19_25_Pro.jpg,Palm
D:\Downloadf\gestures_resized\gestures\03_fist\WIN_20260217_22_04_56_Pro.jpg,Fist
D:\Downloadf\gestures_resized\gestures\04_fist_moved\frame_09_04_0011.png,Fist
D:\Downloadf\gestures_resized\gestures\04_fist_moved\WIN_20260217_18_24_47_Pro (2).jpg,Fist
D:\Downloadf\gestures_resized\gestures\03_fist\WIN_20260217_19_12_32_Pro.jpg,Fist
D:\Downloadf\gestures_resized\gestures\03_fist\frame_01_03_0148.png,Fist
D:\Downloadf\gestures_resized\gestures\04_fist_moved\frame_01_04_0165.png,Fist
D:\Downloadf\gestures_resized\gestures\08_palm_moved\WIN_20260217_22_19_44_Pro (2).jpg,Palm
D:\Downloadf\gestures_resized\gestures\04_fist_moved\frame_01_04_0178.png,Fist
D:\Downloadf\gestures_resized\gestures\03_fist\frame_05_03_0110.png,Fist
D:\Downloadf\gestures_resized\gestures\03_fist\WIN_20260220_00_09_47_Pro (2).jpg,Fist
D:\Downloadf\gestures_resized\gestures\10_down\frame_05_10_0003.png,Palm
D:\Downloadf\gestures_resized\gestures\03_fist\frame_05_03_0146.png,Fist
D:\Downloadf\gestures_resized\gestures\04_fist_moved\frame_01_04_0109.png,Fist
D:\Downloadf\gestures_resized\gestures\03_fist\WIN_20260217_19_14_58_Pro (2).jpg,Fist
D:\Downloadf\gestures_resized\gestures\03_fist\frame_09_03_0171.png,Fist
D:\Downloadf\gestures_resized\gestures\04_fist_moved\WIN_20260217_18_23_45_Pro (2).jpg,Fist
D:\Downloadf\gestures_resized\gestures\03_fist\frame_02_03_0098.png,Fist
D:\Downloadf\gestures_resized\gestures\10_down\frame_01_10_0039.png,Palm
D:\Downloadf\gestures_resized\gestures\01_palm\frame_07_01_0199.png,Palm
D:\Downloadf\gestures_resized\gestures\04_fist_moved\WIN_20260217_22_23_37_Pro.jpg,Fist
D:\Downloadf\gestures_resized\gestures\01_palm\WIN_20260220_00_02_21_Pro.jpg,Palm
D:\Downloadf\gestures_resized\gestures\03_fist\WIN_20260217_20_38_02_Pro.jpg,Fist
D:\Downloadf\gestures_resized\gestures\03_fist\frame_09_03_0052.png,Fist
D:\Downloadf\gestures_resized\gestures\03_fist\frame_01_03_0005.png,Fist
D:\Downloadf\gestures_resized\gestures\03_fist\WIN_20260220_00_09_55_Pro (2).jpg,Fist
D:\Downloadf\gestures_resized\gestures\04_fist_moved\WIN_20260217_20_44_56_Pro.jpg,Fist
D:\Downloadf\gestures_resized\gestures\03_fist\frame_04_03_0160.png,Fist
D:\Downloadf\gestures_resized\gestures\08_palm_moved\frame_06_08_0170.png,Palm
D:\Downloadf\gestures_resized\gestures\08_palm_moved\frame_04_08_0147.png,Palm
D:\Downloadf\gestures_resized\gestures\03_fist\frame_01_03_0102.png,Fist
D:\Downloadf\gestures_resized\gestures\01_palm\WIN_20260217_21_50_30_Pro (3).jpg,Palm
D:\Downloadf\gestures_resized\gestures\03_fist\frame_01_03_0063.png,Fist
D:\Downloadf\gestures_resized\gestures\04_fist_moved\frame_07_04_0168.png,Fist
D:\Downloadf\gestures_resized\gestures\03_fist\frame_08_03_0198.png,Fist
D:\Downloadf\gestures_resized\gestures\03_fist\frame_09_03_0102.png,Fist
D:\Downloadf\gestures_resized\gestures\08_palm_moved\WIN_20260217_20_20_12_Pro.jpg,Palm
D:\Downloadf\gestures_resized\gestures\03_fist\WIN_20260217_22_04_26_Pro.jpg,Fist
D:\Downloadf\gestures_resized\gestures\08_palm_moved\frame_02_08_0197.png,Palm
D:\Downloadf\gestures_resized\gestures\10_down\frame_00_10_0031.png,Palm
D:\Downloadf\gestures_resized\gestures\03_fist\WIN_20260217_20_38_25_Pro (2).jpg,Fist
D:\Downloadf\gestures_resized\gestures\03_fist\frame_06_03_0097.png,Fist
D:\Downloadf\gestures_resized\gestures\08_palm_moved\frame_09_08_0116.png,Palm
D:\Downloadf\gestures_resized\gestures\03_fist\WIN_20260220_00_07_13_Pro.jpg,Fist
D:\Downloadf\gestures_resized\gestures\01_palm\frame_02_01_0168.png,Palm
D:\Downloadf\gestures_resized\gestures\03_fist\WIN_20260217_22_04_45_Pro.jpg,Fist
D:\Downloadf\gestures_resized\gestures\08_palm_moved\frame_07_08_0160.png,Palm
D:\Downloadf\gestures_resized\gestures\04_fist_moved\WIN_20260217_20_42_33_Pro (2).jpg,Fist
D:\Downloadf\gestures_resized\gestures\03_fist\frame_03_03_0124.png,Fist
D:\Downloadf\gestures_resized\gestures\04_fist_moved\WIN_20260217_20_44_52_Pro.jpg,Fist
D:\Downloadf\gestures_resized\gestures\03_fist\WIN_20260217_22_04_49_Pro (4).jpg,Fist
D:\Downloadf\gestures_resized\gestures\01_palm\frame_08_01_0001.png,Palm
D:\Downloadf\gestures_resized\gestures\03_fist\frame_05_03_0049.png,Fist
D:\Downloadf\gestures_resized\gestures\04_fist_moved\WIN_20260217_18_24_43_Pro.jpg,Fist
D:\Downloadf\gestures_resized\gestures\10_down\frame_05_10_0184.png,Palm
D:\Downloadf\gestures_resized\gestures\01_palm\frame_01_01_0048.png,Palm
D:\Downloadf\gestures_resized\gestures\10_down\WIN_20260217_18_17_55_Pro.jpg,Palm
D:\Downloadf\gestures_resized\gestures\03_fist\frame_01_03_0162.png,Fist
D:\Downloadf\gestures_resized\gestures\01_palm\WIN_20260217_21_52_26_Pro (2).jpg,Palm
D:\Downloadf\gestures_resized\gestures\03_fist\frame_00_03_0095.png,Fist
D:\Downloadf\gestures_resized\gestures\01_palm\frame_04_01_0023.png,Palm
D:\Downloadf\gestures_resized\gestures\03_fist\WIN_20260217_22_04_34_Pro.jpg,Fist
D:\Downloadf\gestures_resized\gestures\03_fist\frame_04_03_0095.png,Fist
D:\Downloadf\gestures_resized\gestures\01_palm\WIN_20260217_21_27_35_Pro.jpg,Palm
D:\Downloadf\gestures_resized\gestures\01_palm\WIN_20260220_00_03_09_Pro.jpg,Palm
D:\Downloadf\gestures_resized\gestures\10_down\frame_04_10_0176.png,Palm
D:\Downloadf\gestures_resized\gestures\01_palm\frame_09_01_0187.png,Palm
D:\Downloadf\gestures_resized\gestures\08_palm_moved\frame_03_08_0159.png,Palm
D:\Downloadf\gestures_resized\gestures\08_palm_moved\frame_06_08_0068.png,Palm
D:\Downloadf\gestures_resized\gestures\01_palm\WIN_20260217_21_52_08_Pro (2).jpg,Palm
D:\Downloadf\gestures_resized\gestures\03_fist\WIN_20260217_18_15_21_Pro.jpg,Fist
D:\Downloadf\gestures_resized\gestures\03_fist\frame_00_03_0070.png,Fist
D:\Downloadf\gestures_resized\gestures\03_fist\Right\frame_09_03_0115.png,Fist
D:\Downloadf\gestures_resized\gestures\10_down\WIN_20260217_18_20_38_Pro.jpg,Palm
D:\Downloadf\gestures_resized\gestures\08_palm_moved\frame_08_08_0175.png,Palm
D:\Downloadf\gestures_resized\gestures\10_down\frame_06_10_0008.png,Palm
D:\Downloadf\gestures_resized\gestures\03_fist\WIN_20260217_20_34_36_Pro.jpg,Fist
D:\Downloadf\gestures_resized\gestures\04_fist_moved\WIN_20260217_20_44_35_Pro.jpg,Fist
D:\Downloadf\gestures_resized\gestures\03_fist\frame_02_03_0075.png,Fist
D:\Downloadf\gestures_resized\gestures\01_palm\WIN_20260220_00_02_32_Pro.jpg,Palm
D:\Downloadf\gestures_resized\gestures\03_fist\frame_02_03_0194.png,Fist
D:\Downloadf\gestures_resized\gestures\01_palm\frame_07_01_0191.png,Palm
D:\Downloadf\gestures_resized\gestures\08_palm_moved\WIN_20260217_18_35_17_Pro.jpg,Palm
D:\Downloadf\gestures_resized\gestures\03_fist\WIN_20260220_00_09_13_Pro (2).jpg,Fist
D:\Downloadf\gestures_resized\gestures\03_fist\frame_03_03_0092.png,Fist
D:\Downloadf\gestures_resized\gestures\10_down\frame_00_10_0049.png,Palm
D:\Downloadf\gestures_resized\gestures\10_down\frame_01_10_0161.png,Palm
D:\Downloadf\gestures_resized\gestures\10_down\frame_09_10_0119.png,Palm
D:\Downloadf\gestures_resized\gestures\03_fist\frame_02_03_0004.png,Fist
D:\Downloadf\gestures_resized\gestures\03_fist\frame_00_03_0179.png,Fist
D:\Downloadf\gestures_resized\gestures\01_palm\WIN_20260220_00_03_30_Pro.jpg,Palm
D:\Downloadf\gestures_resized\gestures\08_palm_moved\WIN_20260217_18_32_55_Pro (2).jpg,Palm
D:\Downloadf\gestures_resized\gestures\03_fist\Right\frame_09_03_0136.png,Fist
D:\Downloadf\gestures_resized\gestures\08_palm_moved\frame_06_08_0195.png,Palm
D:\Downloadf\gestures_resized\gestures\04_fist_moved\frame_08_04_0174.png,Fist
D:\Downloadf\gestures_resized\gestures\10_down\frame_04_10_0158.png,Palm
D:\Downloadf\gestures_resized\gestures\01_palm\frame_06_01_0044.png,Palm
D:\Downloadf\gestures_resized\gestures\10_down\WIN_20260217_20_31_19_Pro.jpg,Palm
D:\Downloadf\gestures_resized\gestures\08_palm_moved\frame_07_08_0010.png,Palm
D:\Downloadf\gestures_resized\gestures\10_down\WIN_20260217_18_20_39_Pro.jpg,Palm
D:\Downloadf\gestures_resized\gestures\04_fist_moved\frame_01_04_0103.png,Fist
D:\Downloadf\gestures_resized\gestures\03_fist\frame_07_03_0178.png,Fist
D:\Downloadf\gestures_resized\gestures\01_palm\WIN_20260220_00_05_14_Pro.jpg,Palm
D:\Downloadf\gestures_resized\gestures\08_palm_moved\frame_00_08_0003.png,Palm
D:\Downloadf\gestures_resized\gestures\03_fist\frame_00_03_0008.png,Fist
D:\Downloadf\gestures_resized\gestures\04_fist_moved\frame_06_04_0004.png,Fist
D:\Downloadf\gestures_resized\gestures\01_palm\frame_03_01_0151.png,Palm
D:\Downloadf\gestures_resized\gestures\04_fist_moved\frame_07_04_0040.png,Fist
D:\Downloadf\gestures_resized\gestures\08_palm_moved\frame_05_08_0074.png,Palm
D:\Downloadf\gestures_resized\gestures\04_fist_moved\WIN_20260217_22_23_35_Pro (4).jpg,Fist
D:\Downloadf\gestures_resized\gestures\08_palm_moved\WIN_20260217_20_18_41_Pro.jpg,Palm
D:\Downloadf\gestures_resized\gestures\10_down\frame_00_10_0112.png,Palm
D:\Downloadf\gestures_resized\gestures\01_palm\WIN_20260220_00_03_23_Pro (2).jpg,Palm
D:\Downloadf\gestures_resized\gestures\04_fist_moved\frame_02_04_0115.png,Fist
D:\Downloadf\gestures_resized\gestures\03_fist\WIN_20260217_20_37_50_Pro.jpg,Fist
D:\Downloadf\gestures_resized\gestures\10_down\frame_03_10_0052.png,Palm
D:\Downloadf\gestures_resized\gestures\03_fist\frame_01_03_0199.png,Fist
D:\Downloadf\gestures_resized\gestures\01_palm\WIN_20260217_21_52_05_Pro (5).jpg,Palm
D:\Downloadf\gestures_resized\gestures\04_fist_moved\frame_01_04_0086.png,Fist
D:\Downloadf\gestures_resized\gestures\02_closeup_fist\WIN_20260220_19_14_55_Pro.jpg,Fist
D:\Downloadf\gestures_resized\gestures\04_fist_moved\WIN_20260217_18_25_14_Pro (3).jpg,Fist
D:\Downloadf\gestures_resized\gestures\10_down\frame_07_10_0019.png,Palm
D:\Downloadf\gestures_resized\gestures\10_down\frame_00_10_0083.png,Palm
D:\Downloadf\gestures_resized\gestures\04_fist_moved\frame_03_04_0189.png,Fist
D:\Downloadf\gestures_resized\gestures\03_fist\frame_07_03_0156.png,Fist
D:\Downloadf\gestures_resized\gestures\04_fist_moved\frame_03_04_0061.png,Fist
D:\Downloadf\gestures_resized\gestures\03_fist\frame_02_03_0042.png,Fist
D:\Downloadf\gestures_resized\gestures\08_palm_moved\frame_03_08_0028.png,Palm
D:\Downloadf\gestures_resized\gestures\04_fist_moved\frame_02_04_0192.png,Fist
D:\Downloadf\gestures_resized\gestures\03_fist\frame_03_03_0140.png,Fist
D:\Downloadf\gestures_resized\gestures\08_palm_moved\frame_07_08_0198.png,Palm
D:\Downloadf\gestures_resized\gestures\08_palm_moved\frame_09_08_0084.png,Palm
D:\Downloadf\gestures_resized\gestures\03_fist\frame_00_03_0147.png,Fist
D:\Downloadf\gestures_resized\gestures\03_fist\WIN_20260217_22_10_55_Pro (2).jpg,Fist
D:\Downloadf\gestures_resized\gestures\03_fist\frame_01_03_0044.png,Fist
D:\Downloadf\gestures_resized\gestures\08_palm_moved\frame_01_08_0145.png,Palm
D:\Downloadf\gestures_resized\gestures\03_fist\frame_02_03_0115.png,Fist
D:\Downloadf\gestures_resized\gestures\01_palm\frame_00_01_0047.png,Palm
D:\Downloadf\gestures_resized\gestures\03_fist\frame_05_03_0194.png,Fist
D:\Downloadf\gestures_resized\gestures\10_down\WIN_20260217_18_19_55_Pro.jpg,Palm
D:\Downloadf\gestures_resized\gestures\01_palm\frame_03_01_0178.png,Palm
D:\Downloadf\gestures_resized\gestures\03_fist\frame_02_03_0022.png,Fist
D:\Downloadf\gestures_resized\gestures\08_palm_moved\WIN_20260217_20_19_09_Pro.jpg,Palm
D:\Downloadf\gestures_resized\gestures\10_down\frame_01_10_0113.png,Palm
D:\Downloadf\gestures_resized\gestures\01_palm\WIN_20260217_17_19_43_Pro.jpg,Palm
D:\Downloadf\gestures_resized\gestures\03_fist\frame_01_03_0197.png,Fist
D:\Downloadf\gestures_resized\gestures\01_palm\WIN_20260217_21_28_45_Pro.jpg,Palm
D:\Downloadf\gestures_resized\gestures\03_fist\WIN_20260217_18_02_17_Pro.jpg,Fist
D:\Downloadf\gestures_resized\gestures\03_fist\frame_04_03_0022.png,Fist
D:\Downloadf\gestures_resized\gestures\08_palm_moved\frame_07_08_0182.png,Palm
D:\Downloadf\gestures_resized\gestures\01_palm\frame_00_01_0051.png,Palm
D:\Downloadf\gestures_resized\gestures\10_down\frame_03_10_0063.png,Palm
D:\Downloadf\gestures_resized\gestures\04_fist_moved\frame_03_04_0141.png,Fist
D:\Downloadf\gestures_resized\gestures\08_palm_moved\frame_01_08_0070.png,Palm
D:\Downloadf\gestures_resized\gestures\10_down\WIN_20260217_20_30_09_Pro.jpg,Palm
D:\Downloadf\gestures_resized\gestures\10_down\frame_05_10_0147.png,Palm
D:\Downloadf\gestures_resized\gestures\10_down\frame_04_10_0023.png,Palm
D:\Downloadf\gestures_resized\gestures\01_palm\frame_07_01_0173.png,Palm
D:\Downloadf\gestures_resized\gestures\04_fist_moved\WIN_20260217_22_21_55_Pro (3).jpg,Fist
D:\Downloadf\gestures_resized\gestures\08_palm_moved\frame_02_08_0017.png,Palm
D:\Downloadf\gestures_resized\gestures\04_fist_moved\WIN_20260217_22_21_48_Pro (3).jpg,Fist
D:\Downloadf\gestures_resized\gestures\10_down\frame_04_10_0188.png,Palm
D:\Downloadf\gestures_resized\gestures\04_fist_moved\WIN_20260217_18_24_58_Pro (3).jpg,Fist
D:\Downloadf\gestures_resized\gestures\03_fist\frame_01_03_0087.png,Fist
D:\Downloadf\gestures_resized\gestures\04_fist_moved\frame_09_04_0020.png,Fist
D:\Downloadf\gestures_resized\gestures\01_palm\WIN_20260217_21_50_42_Pro (4).jpg,Palm
D:\Downloadf\gestures_resized\gestures\03_fist\frame_09_03_0089.png,Fist
D:\Downloadf\gestures_resized\gestures\03_fist\frame_02_03_0008.png,Fist
D:\Downloadf\gestures_resized\gestures\03_fist\frame_07_03_0171.png,Fist
D:\Downloadf\gestures_resized\gestures\04_fist_moved\frame_07_04_0014.png,Fist
D:\Downloadf\gestures_resized\gestures\03_fist\frame_07_03_0192.png,Fist
D:\Downloadf\gestures_resized\gestures\01_palm\frame_09_01_0021.png,Palm
D:\Downloadf\gestures_resized\gestures\08_palm_moved\frame_02_08_0188.png,Palm
D:\Downloadf\gestures_resized\gestures\03_fist\WIN_20260217_18_02_11_Pro.jpg,Fist
D:\Downloadf\gestures_resized\gestures\01_palm\WIN_20260220_00_02_43_Pro.jpg,Palm
D:\Downloadf\gestures_resized\gestures\10_down\frame_07_10_0134.png,Palm
D:\Downloadf\gestures_resized\gestures\10_down\frame_02_10_0096.png,Palm
D:\Downloadf\gestures_resized\gestures\04_fist_moved\frame_08_04_0003.png,Fist
D:\Downloadf\gestures_resized\gestures\08_palm_moved\frame_06_08_0190.png,Palm
D:\Downloadf\gestures_resized\gestures\01_palm\frame_05_01_0005.png,Palm
D:\Downloadf\gestures_resized\gestures\04_fist_moved\frame_03_04_0042.png,Fist
D:\Downloadf\gestures_resized\gestures\03_fist\WIN_20260217_22_05_07_Pro (4).jpg,Fist
D:\Downloadf\gestures_resized\gestures\01_palm\WIN_20260217_17_31_05_Pro.jpg,Palm
D:\Downloadf\gestures_resized\gestures\08_palm_moved\frame_05_08_0069.png,Palm
D:\Downloadf\gestures_resized\gestures\03_fist\frame_00_03_0035.png,Fist
D:\Downloadf\gestures_resized\gestures\08_palm_moved\frame_05_08_0200.png,Palm
D:\Downloadf\gestures_resized\gestures\03_fist\frame_07_03_0134.png,Fist
D:\Downloadf\gestures_resized\gestures\03_fist\frame_07_03_0057.png,Fist
D:\Downloadf\gestures_resized\gestures\03_fist\frame_08_03_0182.png,Fist
D:\Downloadf\gestures_resized\gestures\03_fist\WIN_20260217_19_12_24_Pro (2).jpg,Fist
D:\Downloadf\gestures_resized\gestures\01_palm\frame_00_01_0015.png,Palm
D:\Downloadf\gestures_resized\gestures\04_fist_moved\frame_04_04_0021.png,Fist
D:\Downloadf\gestures_resized\gestures\10_down\frame_01_10_0165.png,Palm
D:\Downloadf\gestures_resized\gestures\03_fist\frame_04_03_0062.png,Fist
D:\Downloadf\gestures_resized\gestures\04_fist_moved\frame_04_04_0024.png,Fist
D:\Downloadf\gestures_resized\gestures\10_down\frame_03_10_0033.png,Palm
D:\Downloadf\gestures_resized\gestures\01_palm\frame_04_01_0022.png,Palm
D:\Downloadf\gestures_resized\gestures\01_palm\frame_01_01_0043.png,Palm
D:\Downloadf\gestures_resized\gestures\01_palm\frame_09_01_0004.png,Palm
D:\Downloadf\gestures_resized\gestures\08_palm_moved\WIN_20260217_22_14_38_Pro.jpg,Palm
D:\Downloadf\gestures_resized\gestures\03_fist\frame_04_03_0017.png,Fist
D:\Downloadf\gestures_resized\gestures\01_palm\WIN_20260217_17_29_55_Pro.jpg,Palm
D:\Downloadf\gestures_resized\gestures\01_palm\WIN_20260217_21_52_14_Pro (4).jpg,Palm
D:\Downloadf\gestures_resized\gestures\08_palm_moved\frame_07_08_0044.png,Palm
D:\Downloadf\gestures_resized\gestures\03_fist\frame_05_03_0014.png,Fist
D:\Downloadf\gestures_resized\gestures\03_fist\WIN_20260217_20_37_34_Pro.jpg,Fist
D:\Downloadf\gestures_resized\gestures\03_fist\frame_06_03_0109.png,Fist
D:\Downloadf\gestures_resized\gestures\10_down\frame_00_10_0085.png,Palm
D:\Downloadf\gestures_resized\gestures\03_fist\frame_06_03_0145.png,Fist
D:\Downloadf\gestures_resized\gestures\03_fist\frame_07_03_0070.png,Fist
D:\Downloadf\gestures_resized\gestures\04_fist_moved\frame_01_04_0098.png,Fist
D:\Downloadf\gestures_resized\gestures\03_fist\frame_01_03_0200.png,Fist
D:\Downloadf\gestures_resized\gestures\03_fist\frame_06_03_0137.png,Fist
D:\Downloadf\gestures_resized\gestures\04_fist_moved\frame_05_04_0121.png,Fist
D:\Downloadf\gestures_resized\gestures\03_fist\WIN_20260217_22_10_47_Pro (5).jpg,Fist
D:\Downloadf\gestures_resized\gestures\01_palm\WIN_20260220_00_02_34_Pro (3).jpg,Palm
D:\Downloadf\gestures_resized\gestures\04_fist_moved\frame_00_04_0187.png,Fist
D:\Downloadf\gestures_resized\gestures\04_fist_moved\frame_08_04_0200.png,Fist
D:\Downloadf\gestures_resized\gestures\04_fist_moved\frame_04_04_0009.png,Fist
D:\Downloadf\gestures_resized\gestures\01_palm\frame_08_01_0169.png,Palm
D:\Downloadf\gestures_resized\gestures\01_palm\WIN_20260217_21_52_06_Pro.jpg,Palm
D:\Downloadf\gestures_resized\gestures\03_fist\frame_02_03_0048.png,Fist
D:\Downloadf\gestures_resized\gestures\04_fist_moved\frame_07_04_0200.png,Fist
D:\Downloadf\gestures_resized\gestures\01_palm\frame_09_01_0177.png,Palm
D:\Downloadf\gestures_resized\gestures\08_palm_moved\frame_03_08_0150.png,Palm
D:\Downloadf\gestures_resized\gestures\10_down\WIN_20260217_18_18_30_Pro (3).jpg,Palm
D:\Downloadf\gestures_resized\gestures\03_fist\frame_04_03_0065.png,Fist
D:\Downloadf\gestures_resized\gestures\02_closeup_fist\WIN_20260220_19_17_05_Pro.jpg,Fist
D:\Downloadf\gestures_resized\gestures\01_palm\frame_06_01_0195.png,Palm
D:\Downloadf\gestures_resized\gestures\04_fist_moved\frame_03_04_0041.png,Fist
D:\Downloadf\gestures_resized\gestures\01_palm\frame_01_01_0049.png,Palm
D:\Downloadf\gestures_resized\gestures\01_palm\WIN_20260220_00_01_51_Pro (2).jpg,Palm
D:\Downloadf\gestures_resized\gestures\03_fist\frame_04_03_0042.png,Fist
D:\Downloadf\gestures_resized\gestures\04_fist_moved\frame_03_04_0172.png,Fist
D:\Downloadf\gestures_resized\gestures\08_palm_moved\frame_00_08_0136.png,Palm
D:\Downloadf\gestures_resized\gestures\10_down\frame_06_10_0010.png,Palm
D:\Downloadf\gestures_resized\gestures\10_down\frame_05_10_0018.png,Palm
D:\Downloadf\gestures_resized\gestures\03_fist\WIN_20260217_22_05_01_Pro (4).jpg,Fist
D:\Downloadf\gestures_resized\gestures\03_fist\frame_07_03_0163.png,Fist
D:\Downloadf\gestures_resized\gestures\10_down\frame_03_10_0109.png,Palm
D:\Downloadf\gestures_resized\gestures\08_palm_moved\frame_03_08_0046.png,Palm
D:\Downloadf\gestures_resized\gestures\03_fist\frame_07_03_0098.png,Fist
D:\Downloadf\gestures_resized\gestures\10_down\frame_06_10_0013.png,Palm
D:\Downloadf\gestures_resized\gestures\01_palm\frame_04_01_0122.png,Palm
D:\Downloadf\gestures_resized\gestures\03_fist\Right\frame_09_03_0001.png,Fist
D:\Downloadf\gestures_resized\gestures\03_fist\frame_04_03_0115.png,Fist
D:\Downloadf\gestures_resized\gestures\03_fist\frame_05_03_0066.png,Fist
D:\Downloadf\gestures_resized\gestures\04_fist_moved\WIN_20260217_18_23_12_Pro (2).jpg,Fist
D:\Downloadf\gestures_resized\gestures\02_closeup_fist\WIN_20260220_19_19_19_Pro.jpg,Fist
D:\Downloadf\gestures_resized\gestures\08_palm_moved\WIN_20260217_18_33_19_Pro (3).jpg,Palm
D:\Downloadf\gestures_resized\gestures\04_fist_moved\frame_01_04_0029.png,Fist
D:\Downloadf\gestures_resized\gestures\03_fist\WIN_20260217_22_04_53_Pro.jpg,Fist
D:\Downloadf\gestures_resized\gestures\04_fist_moved\WIN_20260217_22_23_35_Pro (3).jpg,Fist
D:\Downloadf\gestures_resized\gestures\01_palm\frame_04_01_0012.png,Palm
D:\Downloadf\gestures_resized\gestures\04_fist_moved\WIN_20260217_18_23_35_Pro (2).jpg,Fist
D:\Downloadf\gestures_resized\gestures\02_closeup_fist\WIN_20260220_19_17_18_Pro.jpg,Fist
D:\Downloadf\gestures_resized\gestures\08_palm_moved\WIN_20260217_20_20_42_Pro.jpg,Palm
D:\Downloadf\gestures_resized\gestures\01_palm\WIN_20260217_17_23_22_Pro.jpg,Palm
D:\Downloadf\gestures_resized\gestures\10_down\WIN_20260217_20_30_14_Pro.jpg,Palm
D:\Downloadf\gestures_resized\gestures\04_fist_moved\WIN_20260217_18_23_26_Pro (2).jpg,Fist
D:\Downloadf\gestures_resized\gestures\08_palm_moved\WIN_20260217_22_18_19_Pro (2).jpg,Palm
D:\Downloadf\gestures_resized\gestures\03_fist\WIN_20260220_00_09_47_Pro (3).jpg,Fist
D:\Downloadf\gestures_resized\gestures\01_palm\WIN_20260217_21_52_32_Pro.jpg,Palm
D:\Downloadf\gestures_resized\gestures\03_fist\frame_03_03_0119.png,Fist
D:\Downloadf\gestures_resized\gestures\04_fist_moved\frame_01_04_0023.png,Fist
D:\Downloadf\gestures_resized\gestures\03_fist\frame_03_03_0130.png,Fist
D:\Downloadf\gestures_resized\gestures\08_palm_moved\WIN_20260217_22_14_35_Pro (2).jpg,Palm
D:\Downloadf\gestures_resized\gestures\10_down\frame_07_10_0186.png,Palm
D:\Downloadf\gestures_resized\gestures\03_fist\frame_09_03_0158.png,Fist
D:\Downloadf\gestures_resized\gestures\08_palm_moved\WIN_20260217_18_32_58_Pro.jpg,Palm
D:\Downloadf\gestures_resized\gestures\03_fist\frame_03_03_0107.png,Fist
D:\Downloadf\gestures_resized\gestures\04_fist_moved\WIN_20260217_18_23_36_Pro.jpg,Fist
D:\Downloadf\gestures_resized\gestures\03_fist\frame_09_03_0172.png,Fist
D:\Downloadf\gestures_resized\gestures\03_fist\Right\frame_09_03_0191.png,Fist
D:\Downloadf\gestures_resized\gestures\03_fist\frame_01_03_0007.png,Fist
D:\Downloadf\gestures_resized\gestures\04_fist_moved\WIN_20260217_20_43_59_Pro.jpg,Fist
D:\Downloadf\gestures_resized\gestures\03_fist\frame_08_03_0172.png,Fist
D:\Downloadf\gestures_resized\gestures\03_fist\frame_05_03_0016.png,Fist
D:\Downloadf\gestures_resized\gestures\04_fist_moved\frame_02_04_0096.png,Fist
D:\Downloadf\gestures_resized\gestures\08_palm_moved\frame_01_08_0067.png,Palm
D:\Downloadf\gestures_resized\gestures\03_fist\frame_08_03_0003.png,Fist
D:\Downloadf\gestures_resized\gestures\04_fist_moved\WIN_20260217_20_43_48_Pro.jpg,Fist
D:\Downloadf\gestures_resized\gestures\03_fist\frame_08_03_0070.png,Fist
D:\Downloadf\gestures_resized\gestures\02_closeup_fist\WIN_20260220_19_15_06_Pro.jpg,Fist
D:\Downloadf\gestures_resized\gestures\10_down\frame_04_10_0021.png,Palm
D:\Downloadf\gestures_resized\gestures\03_fist\Right\frame_09_03_0162.png,Fist
D:\Downloadf\gestures_resized\gestures\03_fist\frame_07_03_0183.png,Fist
D:\Downloadf\gestures_resized\gestures\08_palm_moved\WIN_20260217_18_33_10_Pro (3).jpg,Palm
D:\Downloadf\gestures_resized\gestures\08_palm_moved\WIN_20260217_20_20_08_Pro.jpg,Palm
D:\Downloadf\gestures_resized\gestures\10_down\frame_04_10_0149.png,Palm
D:\Downloadf\gestures_resized\gestures\04_fist_moved\frame_07_04_0170.png,Fist
D:\Downloadf\gestures_resized\gestures\03_fist\Right\frame_09_03_0172.png,Fist
D:\Downloadf\gestures_resized\gestures\01_palm\frame_04_01_0105.png,Palm
D:\Downloadf\gestures_resized\gestures\03_fist\frame_01_03_0104.png,Fist
D:\Downloadf\gestures_resized\gestures\01_palm\frame_00_01_0027.png,Palm
D:\Downloadf\gestures_resized\gestures\01_palm\frame_03_01_0176.png,Palm
D:\Downloadf\gestures_resized\gestures\04_fist_moved\WIN_20260217_20_45_09_Pro.jpg,Fist
D:\Downloadf\gestures_resized\gestures\03_fist\WIN_20260217_22_04_25_Pro (2).jpg,Fist
D:\Downloadf\gestures_resized\gestures\08_palm_moved\WIN_20260217_22_14_35_Pro.jpg,Palm
D:\Downloadf\gestures_resized\gestures\08_palm_moved\frame_05_08_0179.png,Palm
D:\Downloadf\gestures_resized\gestures\01_palm\frame_09_01_0192.png,Palm
D:\Downloadf\gestures_resized\gestures\03_fist\frame_06_03_0200.png,Fist
D:\Downloadf\gestures_resized\gestures\01_palm\frame_05_01_0003.png,Palm
D:\Downloadf\gestures_resized\gestures\10_down\frame_06_10_0145.png,Palm
D:\Downloadf\gestures_resized\gestures\03_fist\frame_00_03_0163.png,Fist
D:\Downloadf\gestures_resized\gestures\04_fist_moved\frame_06_04_0154.png,Fist
D:\Downloadf\gestures_resized\gestures\08_palm_moved\frame_00_08_0137.png,Palm
D:\Downloadf\gestures_resized\gestures\08_palm_moved\frame_05_08_0018.png,Palm
D:\Downloadf\gestures_resized\gestures\08_palm_moved\frame_00_08_0048.png,Palm
D:\Downloadf\gestures_resized\gestures\03_fist\Right\frame_09_03_0082.png,Fist
D:\Downloadf\gestures_resized\gestures\08_palm_moved\frame_06_08_0169.png,Palm
D:\Downloadf\gestures_resized\gestures\01_palm\frame_07_01_0171.png,Palm
D:\Downloadf\gestures_resized\gestures\04_fist_moved\frame_02_04_0116.png,Fist
D:\Downloadf\gestures_resized\gestures\01_palm\WIN_20260220_00_03_27_Pro (2).jpg,Palm
D:\Downloadf\gestures_resized\gestures\10_down\frame_09_10_0109.png,Palm
D:\Downloadf\gestures_resized\gestures\01_palm\WIN_20260217_20_07_10_Pro.jpg,Palm
D:\Downloadf\gestures_resized\gestures\03_fist\frame_01_03_0006.png,Fist
D:\Downloadf\gestures_resized\gestures\08_palm_moved\frame_08_08_0044.png,Palm
D:\Downloadf\gestures_resized\gestures\01_palm\frame_03_01_0164.png,Palm
D:\Downloadf\gestures_resized\gestures\03_fist\frame_06_03_0080.png,Fist
D:\Downloadf\gestures_resized\gestures\01_palm\WIN_20260220_00_04_32_Pro.jpg,Palm
D:\Downloadf\gestures_resized\gestures\08_palm_moved\WIN_20260217_22_19_36_Pro.jpg,Palm
D:\Downloadf\gestures_resized\gestures\01_palm\frame_00_01_0093.png,Palm
D:\Downloadf\gestures_resized\gestures\03_fist\frame_01_03_0129.png,Fist
D:\Downloadf\gestures_resized\gestures\08_palm_moved\WIN_20260217_18_35_13_Pro (2).jpg,Palm
D:\Downloadf\gestures_resized\gestures\01_palm\frame_09_01_0195.png,Palm
D:\Downloadf\gestures_resized\gestures\01_palm\WIN_20260220_00_03_55_Pro (2).jpg,Palm
D:\Downloadf\gestures_resized\gestures\03_fist\frame_09_03_0067.png,Fist
D:\Downloadf\gestures_resized\gestures\01_palm\frame_01_01_0013.png,Palm
D:\Downloadf\gestures_resized\gestures\10_down\frame_01_10_0195.png,Palm
D:\Downloadf\gestures_resized\gestures\03_fist\frame_05_03_0056.png,Fist
D:\Downloadf\gestures_resized\gestures\10_down\frame_04_10_0036.png,Palm
D:\Downloadf\gestures_resized\gestures\03_fist\WIN_20260217_22_10_57_Pro (5).jpg,Fist
D:\Downloadf\gestures_resized\gestures\03_fist\frame_04_03_0001.png,Fist
D:\Downloadf\gestures_resized\gestures\03_fist\frame_07_03_0133.png,Fist
D:\Downloadf\gestures_resized\gestures\04_fist_moved\frame_09_04_0012.png,Fist
D:\Downloadf\gestures_resized\gestures\03_fist\Right\frame_09_03_0150.png,Fist
D:\Downloadf\gestures_resized\gestures\03_fist\frame_03_03_0170.png,Fist
D:\Downloadf\gestures_resized\gestures\01_palm\WIN_20260217_20_12_36_Pro.jpg,Palm
D:\Downloadf\gestures_resized\gestures\01_palm\WIN_20260217_20_08_29_Pro.jpg,Palm
D:\Downloadf\gestures_resized\gestures\03_fist\frame_03_03_0012.png,Fist
D:\Downloadf\gestures_resized\gestures\08_palm_moved\WIN_20260217_18_35_15_Pro (2).jpg,Palm
D:\Downloadf\gestures_resized\gestures\01_palm\frame_05_01_0198.png,Palm
D:\Downloadf\gestures_resized\gestures\04_fist_moved\frame_04_04_0080.png,Fist
D:\Downloadf\gestures_resized\gestures\04_fist_moved\frame_07_04_0083.png,Fist
D:\Downloadf\gestures_resized\gestures\01_palm\frame_03_01_0073.png,Palm
D:\Downloadf\gestures_resized\gestures\08_palm_moved\WIN_20260217_22_19_37_Pro.jpg,Palm
D:\Downloadf\gestures_resized\gestures\04_fist_moved\frame_04_04_0195.png,Fist
D:\Downloadf\gestures_resized\gestures\10_down\frame_06_10_0144.png,Palm
D:\Downloadf\gestures_resized\gestures\03_fist\frame_05_03_0063.png,Fist
D:\Downloadf\gestures_resized\gestures\03_fist\frame_06_03_0098.png,Fist
D:\Downloadf\gestures_resized\gestures\08_palm_moved\frame_06_08_0004.png,Palm
D:\Downloadf\gestures_resized\gestures\10_down\frame_00_10_0089.png,Palm
D:\Downloadf\gestures_resized\gestures\03_fist\frame_01_03_0150.png,Fist
D:\Downloadf\gestures_resized\gestures\01_palm\WIN_20260217_20_11_18_Pro.jpg,Palm
D:\Downloadf\gestures_resized\gestures\01_palm\frame_05_01_0173.png,Palm
D:\Downloadf\gestures_resized\gestures\08_palm_moved\frame_08_08_0003.png,Palm
D:\Downloadf\gestures_resized\gestures\03_fist\WIN_20260217_19_12_34_Pro (2).jpg,Fist
D:\Downloadf\gestures_resized\gestures\01_palm\WIN_20260220_00_04_23_Pro (3).jpg,Palm
D:\Downloadf\gestures_resized\gestures\01_palm\WIN_20260217_20_01_54_Pro.jpg,Palm
D:\Downloadf\gestures_resized\gestures\08_palm_moved\frame_07_08_0178.png,Palm
D:\Downloadf\gestures_resized\gestures\08_palm_moved\frame_01_08_0033.png,Palm
D:\Downloadf\gestures_resized\gestures\03_fist\WIN_20260217_22_04_52_Pro (2).jpg,Fist
D:\Downloadf\gestures_resized\gestures\10_down\WIN_20260217_20_31_26_Pro.jpg,Palm
D:\Downloadf\gestures_resized\gestures\01_palm\WIN_20260220_00_02_29_Pro (2).jpg,Palm
D:\Downloadf\gestures_resized\gestures\03_fist\WIN_20260217_20_38_09_Pro.jpg,Fist
D:\Downloadf\gestures_resized\gestures\08_palm_moved\frame_04_08_0176.png,Palm
D:\Downloadf\gestures_resized\gestures\08_palm_moved\WIN_20260217_22_18_14_Pro.jpg,Palm
D:\Downloadf\gestures_resized\gestures\10_down\frame_08_10_0181.png,Palm
D:\Downloadf\gestures_resized\gestures\01_palm\frame_00_01_0106.png,Palm
D:\Downloadf\gestures_resized\gestures\01_palm\WIN_20260220_00_03_07_Pro (2).jpg,Palm
D:\Downloadf\gestures_resized\gestures\03_fist\frame_07_03_0065.png,Fist
D:\Downloadf\gestures_resized\gestures\01_palm\frame_05_01_0079.png,Palm
D:\Downloadf\gestures_resized\gestures\08_palm_moved\frame_04_08_0009.png,Palm
D:\Downloadf\gestures_resized\gestures\01_palm\frame_07_01_0015.png,Palm
D:\Downloadf\gestures_resized\gestures\01_palm\WIN_20260217_21_52_02_Pro (3).jpg,Palm
D:\Downloadf\gestures_resized\gestures\10_down\WIN_20260217_18_20_42_Pro.jpg,Palm
D:\Downloadf\gestures_resized\gestures\03_fist\frame_09_03_0164.png,Fist
D:\Downloadf\gestures_resized\gestures\08_palm_moved\frame_07_08_0054.png,Palm
D:\Downloadf\gestures_resized\gestures\03_fist\frame_01_03_0132.png,Fist
D:\Downloadf\gestures_resized\gestures\08_palm_moved\WIN_20260217_20_18_55_Pro.jpg,Palm
D:\Downloadf\gestures_resized\gestures\04_fist_moved\WIN_20260217_22_21_56_Pro (3).jpg,Fist
D:\Downloadf\gestures_resized\gestures\01_palm\frame_03_01_0172.png,Palm
D:\Downloadf\gestures_resized\gestures\10_down\frame_01_10_0183.png,Palm
D:\Downloadf\gestures_resized\gestures\08_palm_moved\frame_00_08_0045.png,Palm
D:\Downloadf\gestures_resized\gestures\10_down\frame_07_10_0187.png,Palm
D:\Downloadf\gestures_resized\gestures\03_fist\frame_03_03_0086.png,Fist
D:\Downloadf\gestures_resized\gestures\03_fist\frame_07_03_0078.png,Fist
D:\Downloadf\gestures_resized\gestures\01_palm\frame_03_01_0188.png,Palm
D:\Downloadf\gestures_resized\gestures\08_palm_moved\frame_05_08_0174.png,Palm
D:\Downloadf\gestures_resized\gestures\10_down\frame_09_10_0118.png,Palm
D:\Downloadf\gestures_resized\gestures\04_fist_moved\WIN_20260217_22_21_38_Pro.jpg,Fist
D:\Downloadf\gestures_resized\gestures\01_palm\WIN_20260220_00_02_45_Pro.jpg,Palm
D:\Downloadf\gestures_resized\gestures\01_palm\WIN_20260220_00_04_08_Pro.jpg,Palm
D:\Downloadf\gestures_resized\gestures\03_fist\frame_05_03_0102.png,Fist
D:\Downloadf\gestures_resized\gestures\10_down\frame_05_10_0181.png,Palm
D:\Downloadf\gestures_resized\gestures\03_fist\frame_03_03_0067.png,Fist
D:\Downloadf\gestures_resized\gestures\03_fist\frame_06_03_0096.png,Fist
D:\Downloadf\gestures_resized\gestures\04_fist_moved\WIN_20260217_20_42_44_Pro.jpg,Fist
D:\Downloadf\gestures_resized\gestures\03_fist\frame_05_03_0065.png,Fist
D:\Downloadf\gestures_resized\gestures\03_fist\frame_04_03_0006.png,Fist
D:\Downloadf\gestures_resized\gestures\03_fist\WIN_20260217_20_36_43_Pro.jpg,Fist
D:\Downloadf\gestures_resized\gestures\03_fist\frame_03_03_0090.png,Fist
D:\Downloadf\gestures_resized\gestures\08_palm_moved\frame_01_08_0154.png,Palm
D:\Downloadf\gestures_resized\gestures\10_down\frame_02_10_0172.png,Palm
D:\Downloadf\gestures_resized\gestures\04_fist_moved\frame_09_04_0093.png,Fist
D:\Downloadf\gestures_resized\gestures\03_fist\frame_05_03_0159.png,Fist
D:\Downloadf\gestures_resized\gestures\04_fist_moved\frame_08_04_0044.png,Fist
D:\Downloadf\gestures_resized\gestures\03_fist\Right\frame_09_03_0067.png,Fist
D:\Downloadf\gestures_resized\gestures\03_fist\WIN_20260217_22_04_38_Pro (2).jpg,Fist
D:\Downloadf\gestures_resized\gestures\03_fist\frame_06_03_0122.png,Fist
D:\Downloadf\gestures_resized\gestures\01_palm\WIN_20260220_00_02_05_Pro (3).jpg,Palm
D:\Downloadf\gestures_resized\gestures\08_palm_moved\WIN_20260217_18_35_17_Pro (2).jpg,Palm
D:\Downloadf\gestures_resized\gestures\03_fist\frame_09_03_0045.png,Fist
D:\Downloadf\gestures_resized\gestures\01_palm\frame_03_01_0021.png,Palm
D:\Downloadf\gestures_resized\gestures\03_fist\WIN_20260217_20_36_34_Pro.jpg,Fist
D:\Downloadf\gestures_resized\gestures\01_palm\frame_01_01_0044.png,Palm
D:\Downloadf\gestures_resized\gestures\03_fist\Right\frame_09_03_0117.png,Fist
D:\Downloadf\gestures_resized\gestures\08_palm_moved\frame_07_08_0164.png,Palm
D:\Downloadf\gestures_resized\gestures\10_down\frame_02_10_0007.png,Palm
D:\Downloadf\gestures_resized\gestures\03_fist\frame_01_03_0122.png,Fist
D:\Downloadf\gestures_resized\gestures\08_palm_moved\frame_09_08_0024.png,Palm
D:\Downloadf\gestures_resized\gestures\03_fist\WIN_20260217_18_15_42_Pro.jpg,Fist
D:\Downloadf\gestures_resized\gestures\03_fist\frame_06_03_0171.png,Fist
D:\Downloadf\gestures_resized\gestures\04_fist_moved\WIN_20260217_18_23_49_Pro.jpg,Fist
D:\Downloadf\gestures_resized\gestures\03_fist\frame_04_03_0178.png,Fist
D:\Downloadf\gestures_resized\gestures\03_fist\frame_09_03_0169.png,Fist
D:\Downloadf\gestures_resized\gestures\01_palm\WIN_20260217_21_52_02_Pro (4).jpg,Palm
D:\Downloadf\gestures_resized\gestures\02_closeup_fist\WIN_20260220_19_14_53_Pro.jpg,Fist
D:\Downloadf\gestures_resized\gestures\04_fist_moved\frame_05_04_0050.png,Fist
D:\Downloadf\gestures_resized\gestures\03_fist\frame_09_03_0087.png,Fist
D:\Downloadf\gestures_resized\gestures\01_palm\WIN_20260217_17_16_34_Pro.jpg,Palm
D:\Downloadf\gestures_resized\gestures\03_fist\frame_04_03_0162.png,Fist
D:\Downloadf\gestures_resized\gestures\03_fist\frame_09_03_0125.png,Fist
D:\Downloadf\gestures_resized\gestures\04_fist_moved\frame_05_04_0182.png,Fist
D:\Downloadf\gestures_resized\gestures\10_down\frame_00_10_0110.png,Palm
D:\Downloadf\gestures_resized\gestures\03_fist\WIN_20260217_18_01_14_Pro.jpg,Fist
D:\Downloadf\gestures_resized\gestures\10_down\frame_06_10_0182.png,Palm
D:\Downloadf\gestures_resized\gestures\04_fist_moved\WIN_20260217_22_23_39_Pro (3).jpg,Fist
D:\Downloadf\gestures_resized\gestures\03_fist\frame_02_03_0159.png,Fist
D:\Downloadf\gestures_resized\gestures\02_closeup_fist\WIN_20260220_19_15_09_Pro.jpg,Fist
D:\Downloadf\gestures_resized\gestures\10_down\WIN_20260217_18_18_21_Pro.jpg,Palm
D:\Downloadf\gestures_resized\gestures\04_fist_moved\frame_06_04_0167.png,Fist
D:\Downloadf\gestures_resized\gestures\10_down\WIN_20260217_20_31_44_Pro.jpg,Palm
D:\Downloadf\gestures_resized\gestures\03_fist\frame_03_03_0159.png,Fist
D:\Downloadf\gestures_resized\gestures\03_fist\WIN_20260217_22_05_01_Pro (5).jpg,Fist
D:\Downloadf\gestures_resized\gestures\03_fist\WIN_20260217_22_04_40_Pro.jpg,Fist
D:\Downloadf\gestures_resized\gestures\01_palm\frame_00_01_0193.png,Palm
D:\Downloadf\gestures_resized\gestures\08_palm_moved\WIN_20260217_20_19_21_Pro.jpg,Palm
D:\Downloadf\gestures_resized\gestures\03_fist\Right\frame_09_03_0195.png,Fist
D:\Downloadf\gestures_resized\gestures\03_fist\frame_09_03_0020.png,Fist
D:\Downloadf\gestures_resized\gestures\01_palm\frame_08_01_0015.png,Palm
D:\Downloadf\gestures_resized\gestures\03_fist\WIN_20260217_18_02_20_Pro.jpg,Fist
D:\Downloadf\gestures_resized\gestures\03_fist\frame_03_03_0055.png,Fist
D:\Downloadf\gestures_resized\gestures\04_fist_moved\frame_04_04_0161.png,Fist
D:\Downloadf\gestures_resized\gestures\08_palm_moved\WIN_20260217_18_33_04_Pro (2).jpg,Palm
D:\Downloadf\gestures_resized\gestures\01_palm\frame_08_01_0156.png,Palm
D:\Downloadf\gestures_resized\gestures\04_fist_moved\WIN_20260217_18_25_13_Pro.jpg,Fist
D:\Downloadf\gestures_resized\gestures\03_fist\WIN_20260217_20_37_34_Pro (2).jpg,Fist
D:\Downloadf\gestures_resized\gestures\03_fist\frame_08_03_0194.png,Fist
D:\Downloadf\gestures_resized\gestures\01_palm\frame_09_01_0199.png,Palm
D:\Downloadf\gestures_resized\gestures\02_closeup_fist\WIN_20260220_19_16_36_Pro.jpg,Fist
D:\Downloadf\gestures_resized\gestures\08_palm_moved\WIN_20260217_22_18_21_Pro (2).jpg,Palm
D:\Downloadf\gestures_resized\gestures\08_palm_moved\WIN_20260217_18_33_00_Pro.jpg,Palm
D:\Downloadf\gestures_resized\gestures\03_fist\frame_02_03_0143.png,Fist
D:\Downloadf\gestures_resized\gestures\03_fist\WIN_20260217_20_36_39_Pro.jpg,Fist
D:\Downloadf\gestures_resized\gestures\02_closeup_fist\WIN_20260220_19_17_06_Pro (2).jpg,Fist
D:\Downloadf\gestures_resized\gestures\04_fist_moved\WIN_20260217_22_21_57_Pro (3).jpg,Fist
D:\Downloadf\gestures_resized\gestures\08_palm_moved\frame_06_08_0015.png,Palm
D:\Downloadf\gestures_resized\gestures\08_palm_moved\frame_00_08_0064.png,Palm
D:\Downloadf\gestures_resized\gestures\08_palm_moved\frame_03_08_0200.png,Palm
D:\Downloadf\gestures_resized\gestures\04_fist_moved\WIN_20260217_22_21_35_Pro (2).jpg,Fist
D:\Downloadf\gestures_resized\gestures\04_fist_moved\WIN_20260217_18_23_18_Pro.jpg,Fist
D:\Downloadf\gestures_resized\gestures\01_palm\frame_07_01_0146.png,Palm
D:\Downloadf\gestures_resized\gestures\01_palm\frame_00_01_0165.png,Palm
D:\Downloadf\gestures_resized\gestures\04_fist_moved\frame_05_04_0003.png,Fist
D:\Downloadf\gestures_resized\gestures\01_palm\WIN_20260217_21_52_16_Pro (2).jpg,Palm
D:\Downloadf\gestures_resized\gestures\10_down\frame_07_10_0010.png,Palm
D:\Downloadf\gestures_resized\gestures\01_palm\frame_01_01_0003.png,Palm
D:\Downloadf\gestures_resized\gestures\01_palm\WIN_20260220_00_04_53_Pro.jpg,Palm
D:\Downloadf\gestures_resized\gestures\04_fist_moved\WIN_20260217_22_23_41_Pro (3).jpg,Fist
D:\Downloadf\gestures_resized\gestures\01_palm\WIN_20260217_17_15_48_Pro.jpg,Palm
D:\Downloadf\gestures_resized\gestures\08_palm_moved\WIN_20260217_18_35_09_Pro.jpg,Palm
D:\Downloadf\gestures_resized\gestures\10_down\frame_00_10_0101.png,Palm
D:\Downloadf\gestures_resized\gestures\03_fist\WIN_20260217_22_04_46_Pro.jpg,Fist
D:\Downloadf\gestures_resized\gestures\03_fist\frame_04_03_0192.png,Fist
D:\Downloadf\gestures_resized\gestures\04_fist_moved\frame_03_04_0048.png,Fist
D:\Downloadf\gestures_resized\gestures\04_fist_moved\frame_04_04_0149.png,Fist
D:\Downloadf\gestures_resized\gestures\01_palm\frame_04_01_0006.png,Palm
D:\Downloadf\gestures_resized\gestures\04_fist_moved\frame_00_04_0031.png,Fist
D:\Downloadf\gestures_resized\gestures\01_palm\frame_00_01_0050.png,Palm
D:\Downloadf\gestures_resized\gestures\01_palm\WIN_20260217_20_08_35_Pro.jpg,Palm
D:\Downloadf\gestures_resized\gestures\01_palm\frame_04_01_0130.png,Palm
D:\Downloadf\gestures_resized\gestures\10_down\frame_08_10_0022.png,Palm
D:\Downloadf\gestures_resized\gestures\03_fist\frame_05_03_0038.png,Fist
D:\Downloadf\gestures_resized\gestures\03_fist\frame_05_03_0076.png,Fist
D:\Downloadf\gestures_resized\gestures\01_palm\WIN_20260220_00_01_53_Pro.jpg,Palm
D:\Downloadf\gestures_resized\gestures\08_palm_moved\WIN_20260217_22_19_41_Pro.jpg,Palm
D:\Downloadf\gestures_resized\gestures\10_down\frame_02_10_0182.png,Palm
D:\Downloadf\gestures_resized\gestures\01_palm\frame_03_01_0155.png,Palm
D:\Downloadf\gestures_resized\gestures\01_palm\frame_00_01_0048.png,Palm
D:\Downloadf\gestures_resized\gestures\03_fist\Right\frame_09_03_0072.png,Fist
D:\Downloadf\gestures_resized\gestures\01_palm\WIN_20260220_00_04_17_Pro (3).jpg,Palm
D:\Downloadf\gestures_resized\gestures\02_closeup_fist\WIN_20260220_19_16_55_Pro.jpg,Fist
D:\Downloadf\gestures_resized\gestures\03_fist\Right\frame_09_03_0090.png,Fist
D:\Downloadf\gestures_resized\gestures\04_fist_moved\frame_07_04_0035.png,Fist
D:\Downloadf\gestures_resized\gestures\08_palm_moved\frame_03_08_0042.png,Palm
D:\Downloadf\gestures_resized\gestures\04_fist_moved\frame_01_04_0032.png,Fist
D:\Downloadf\gestures_resized\gestures\08_palm_moved\WIN_20260217_22_14_42_Pro (3).jpg,Palm
D:\Downloadf\gestures_resized\gestures\08_palm_moved\frame_02_08_0014.png,Palm
D:\Downloadf\gestures_resized\gestures\10_down\frame_08_10_0015.png,Palm
D:\Downloadf\gestures_resized\gestures\01_palm\WIN_20260220_00_02_34_Pro.jpg,Palm
D:\Downloadf\gestures_resized\gestures\08_palm_moved\frame_00_08_0062.png,Palm
D:\Downloadf\gestures_resized\gestures\10_down\frame_05_10_0132.png,Palm
D:\Downloadf\gestures_resized\gestures\08_palm_moved\frame_01_08_0160.png,Palm
D:\Downloadf\gestures_resized\gestures\03_fist\WIN_20260217_19_14_46_Pro.jpg,Fist
D:\Downloadf\gestures_resized\gestures\02_closeup_fist\WIN_20260220_19_17_31_Pro.jpg,Fist
D:\Downloadf\gestures_resized\gestures\10_down\WIN_20260217_20_29_27_Pro.jpg,Palm
D:\Downloadf\gestures_resized\gestures\03_fist\frame_03_03_0104.png,Fist
D:\Downloadf\gestures_resized\gestures\08_palm_moved\WIN_20260217_18_32_54_Pro (3).jpg,Palm
D:\Downloadf\gestures_resized\gestures\08_palm_moved\frame_04_08_0179.png,Palm
D:\Downloadf\gestures_resized\gestures\02_closeup_fist\WIN_20260220_19_15_37_Pro.jpg,Fist
D:\Downloadf\gestures_resized\gestures\03_fist\frame_06_03_0159.png,Fist
D:\Downloadf\gestures_resized\gestures\10_down\frame_00_10_0014.png,Palm
D:\Downloadf\gestures_resized\gestures\01_palm\frame_09_01_0112.png,Palm
D:\Downloadf\gestures_resized\gestures\03_fist\frame_01_03_0031.png,Fist
D:\Downloadf\gestures_resized\gestures\04_fist_moved\frame_03_04_0055.png,Fist
D:\Downloadf\gestures_resized\gestures\10_down\frame_01_10_0182.png,Palm
D:\Downloadf\gestures_resized\gestures\03_fist\Right\frame_09_03_0147.png,Fist
D:\Downloadf\gestures_resized\gestures\08_palm_moved\frame_08_08_0059.png,Palm
D:\Downloadf\gestures_resized\gestures\04_fist_moved\frame_05_04_0183.png,Fist
D:\Downloadf\gestures_resized\gestures\01_palm\frame_00_01_0084.png,Palm
D:\Downloadf\gestures_resized\gestures\03_fist\frame_00_03_0014.png,Fist
D:\Downloadf\gestures_resized\gestures\10_down\frame_05_10_0081.png,Palm
D:\Downloadf\gestures_resized\gestures\10_down\frame_01_10_0040.png,Palm
D:\Downloadf\gestures_resized\gestures\01_palm\frame_00_01_0006.png,Palm
D:\Downloadf\gestures_resized\gestures\01_palm\frame_02_01_0162.png,Palm
D:\Downloadf\gestures_resized\gestures\01_palm\frame_00_01_0037.png,Palm
D:\Downloadf\gestures_resized\gestures\08_palm_moved\frame_06_08_0090.png,Palm
D:\Downloadf\gestures_resized\gestures\04_fist_moved\frame_00_04_0014.png,Fist
D:\Downloadf\gestures_resized\gestures\10_down\frame_09_10_0123.png,Palm
D:\Downloadf\gestures_resized\gestures\08_palm_moved\frame_03_08_0166.png,Palm
D:\Downloadf\gestures_resized\gestures\03_fist\frame_03_03_0118.png,Fist
D:\Downloadf\gestures_resized\gestures\03_fist\WIN_20260217_18_15_48_Pro.jpg,Fist
D:\Downloadf\gestures_resized\gestures\08_palm_moved\frame_08_08_0043.png,Palm
D:\Downloadf\gestures_resized\gestures\01_palm\frame_02_01_0184.png,Palm
D:\Downloadf\gestures_resized\gestures\03_fist\frame_07_03_0052.png,Fist
D:\Downloadf\gestures_resized\gestures\01_palm\frame_00_01_0095.png,Palm
D:\Downloadf\gestures_resized\gestures\03_fist\WIN_20260217_22_10_53_Pro.jpg,Fist
D:\Downloadf\gestures_resized\gestures\01_palm\frame_07_01_0153.png,Palm
D:\Downloadf\gestures_resized\gestures\08_palm_moved\frame_04_08_0190.png,Palm
D:\Downloadf\gestures_resized\gestures\03_fist\WIN_20260217_18_02_19_Pro.jpg,Fist
D:\Downloadf\gestures_resized\gestures\10_down\frame_05_10_0080.png,Palm
D:\Downloadf\gestures_resized\gestures\01_palm\frame_00_01_0186.png,Palm
D:\Downloadf\gestures_resized\gestures\01_palm\frame_05_01_0069.png,Palm
D:\Downloadf\gestures_resized\gestures\08_palm_moved\frame_08_08_0171.png,Palm
D:\Downloadf\gestures_resized\gestures\10_down\WIN_20260217_18_19_50_Pro.jpg,Palm
D:\Downloadf\gestures_resized\gestures\08_palm_moved\frame_09_08_0016.png,Palm
D:\Downloadf\gestures_resized\gestures\01_palm\frame_06_01_0007.png,Palm
D:\Downloadf\gestures_resized\gestures\03_fist\frame_06_03_0042.png,Fist
D:\Downloadf\gestures_resized\gestures\01_palm\frame_04_01_0141.png,Palm
D:\Downloadf\gestures_resized\gestures\03_fist\frame_04_03_0129.png,Fist
D:\Downloadf\gestures_resized\gestures\03_fist\Right\frame_09_03_0109.png,Fist
D:\Downloadf\gestures_resized\gestures\03_fist\Right\frame_09_03_0058.png,Fist
D:\Downloadf\gestures_resized\gestures\08_palm_moved\frame_09_08_0121.png,Palm
D:\Downloadf\gestures_resized\gestures\04_fist_moved\frame_01_04_0009.png,Fist
D:\Downloadf\gestures_resized\gestures\03_fist\frame_00_03_0045.png,Fist
D:\Downloadf\gestures_resized\gestures\03_fist\frame_06_03_0009.png,Fist
D:\Downloadf\gestures_resized\gestures\01_palm\frame_00_01_0033.png,Palm
D:\Downloadf\gestures_resized\gestures\03_fist\WIN_20260220_00_07_12_Pro.jpg,Fist
D:\Downloadf\gestures_resized\gestures\03_fist\frame_07_03_0005.png,Fist
D:\Downloadf\gestures_resized\gestures\03_fist\frame_01_03_0043.png,Fist
D:\Downloadf\gestures_resized\gestures\03_fist\frame_02_03_0101.png,Fist
D:\Downloadf\gestures_resized\gestures\08_palm_moved\frame_08_08_0173.png,Palm
D:\Downloadf\gestures_resized\gestures\03_fist\frame_01_03_0079.png,Fist
D:\Downloadf\gestures_resized\gestures\04_fist_moved\frame_00_04_0143.png,Fist
D:\Downloadf\gestures_resized\gestures\04_fist_moved\WIN_20260217_20_42_32_Pro.jpg,Fist
D:\Downloadf\gestures_resized\gestures\04_fist_moved\frame_03_04_0155.png,Fist
D:\Downloadf\gestures_resized\gestures\08_palm_moved\frame_00_08_0139.png,Palm
D:\Downloadf\gestures_resized\gestures\04_fist_moved\frame_01_04_0010.png,Fist
D:\Downloadf\gestures_resized\gestures\08_palm_moved\frame_06_08_0069.png,Palm
D:\Downloadf\gestures_resized\gestures\10_down\WIN_20260217_20_29_26_Pro.jpg,Palm
D:\Downloadf\gestures_resized\gestures\04_fist_moved\frame_07_04_0030.png,Fist
D:\Downloadf\gestures_resized\gestures\03_fist\frame_00_03_0164.png,Fist
D:\Downloadf\gestures_resized\gestures\04_fist_moved\frame_06_04_0185.png,Fist
D:\Downloadf\gestures_resized\gestures\03_fist\WIN_20260217_18_02_08_Pro.jpg,Fist
D:\Downloadf\gestures_resized\gestures\04_fist_moved\frame_03_04_0074.png,Fist
D:\Downloadf\gestures_resized\gestures\08_palm_moved\frame_07_08_0033.png,Palm
D:\Downloadf\gestures_resized\gestures\01_palm\WIN_20260220_00_02_49_Pro (2).jpg,Palm
D:\Downloadf\gestures_resized\gestures\04_fist_moved\WIN_20260217_20_44_10_Pro.jpg,Fist
D:\Downloadf\gestures_resized\gestures\03_fist\frame_01_03_0078.png,Fist
D:\Downloadf\gestures_resized\gestures\04_fist_moved\frame_03_04_0170.png,Fist
D:\Downloadf\gestures_resized\gestures\04_fist_moved\frame_05_04_0021.png,Fist
D:\Downloadf\gestures_resized\gestures\01_palm\WIN_20260220_00_03_45_Pro (2).jpg,Palm
D:\Downloadf\gestures_resized\gestures\04_fist_moved\WIN_20260217_22_21_44_Pro (2).jpg,Fist
D:\Downloadf\gestures_resized\gestures\03_fist\frame_06_03_0124.png,Fist
D:\Downloadf\gestures_resized\gestures\08_palm_moved\WIN_20260217_18_35_45_Pro (2).jpg,Palm
D:\Downloadf\gestures_resized\gestures\03_fist\frame_03_03_0099.png,Fist
D:\Downloadf\gestures_resized\gestures\10_down\frame_05_10_0155.png,Palm
D:\Downloadf\gestures_resized\gestures\03_fist\frame_00_03_0115.png,Fist
D:\Downloadf\gestures_resized\gestures\10_down\frame_05_10_0008.png,Palm
D:\Downloadf\gestures_resized\gestures\01_palm\WIN_20260217_21_52_00_Pro (4).jpg,Palm
D:\Downloadf\gestures_resized\gestures\01_palm\WIN_20260217_17_19_29_Pro.jpg,Palm
D:\Downloadf\gestures_resized\gestures\04_fist_moved\WIN_20260217_22_21_49_Pro.jpg,Fist
D:\Downloadf\gestures_resized\gestures\04_fist_moved\frame_09_04_0082.png,Fist
D:\Downloadf\gestures_resized\gestures\08_palm_moved\frame_09_08_0130.png,Palm
D:\Downloadf\gestures_resized\gestures\03_fist\frame_05_03_0197.png,Fist
D:\Downloadf\gestures_resized\gestures\08_palm_moved\frame_01_08_0138.png,Palm
D:\Downloadf\gestures_resized\gestures\03_fist\frame_09_03_0197.png,Fist
D:\Downloadf\gestures_resized\gestures\04_fist_moved\WIN_20260217_18_24_54_Pro (2).jpg,Fist
D:\Downloadf\gestures_resized\gestures\04_fist_moved\frame_06_04_0178.png,Fist
D:\Downloadf\gestures_resized\gestures\04_fist_moved\WIN_20260217_18_23_33_Pro (2).jpg,Fist
D:\Downloadf\gestures_resized\gestures\03_fist\frame_05_03_0015.png,Fist
D:\Downloadf\gestures_resized\gestures\01_palm\WIN_20260217_17_25_18_Pro.jpg,Palm
D:\Downloadf\gestures_resized\gestures\03_fist\Right\frame_09_03_0190.png,Fist
D:\Downloadf\gestures_resized\gestures\01_palm\WIN_20260217_17_25_17_Pro.jpg,Palm
D:\Downloadf\gestures_resized\gestures\04_fist_moved\frame_05_04_0002.png,Fist
D:\Downloadf\gestures_resized\gestures\01_palm\WIN_20260217_17_30_50_Pro (2).jpg,Palm
D:\Downloadf\gestures_resized\gestures\04_fist_moved\frame_07_04_0187.png,Fist
D:\Downloadf\gestures_resized\gestures\04_fist_moved\WIN_20260217_18_24_55_Pro.jpg,Fist
D:\Downloadf\gestures_resized\gestures\04_fist_moved\frame_00_04_0054.png,Fist
D:\Downloadf\gestures_resized\gestures\03_fist\frame_08_03_0178.png,Fist
D:\Downloadf\gestures_resized\gestures\08_palm_moved\frame_04_08_0178.png,Palm
D:\Downloadf\gestures_resized\gestures\03_fist\frame_09_03_0031.png,Fist
D:\Downloadf\gestures_resized\gestures\10_down\WIN_20260217_18_19_45_Pro.jpg,Palm
D:\Downloadf\gestures_resized\gestures\03_fist\frame_08_03_0160.png,Fist
D:\Downloadf\gestures_resized\gestures\04_fist_moved\frame_01_04_0101.png,Fist
D:\Downloadf\gestures_resized\gestures\01_palm\frame_05_01_0001.png,Palm
D:\Downloadf\gestures_resized\gestures\04_fist_moved\WIN_20260217_22_22_01_Pro.jpg,Fist
D:\Downloadf\gestures_resized\gestures\04_fist_moved\frame_05_04_0192.png,Fist
D:\Downloadf\gestures_resized\gestures\04_fist_moved\WIN_20260217_18_24_56_Pro (2).jpg,Fist
D:\Downloadf\gestures_resized\gestures\03_fist\frame_07_03_0138.png,Fist
D:\Downloadf\gestures_resized\gestures\01_palm\WIN_20260220_00_02_01_Pro.jpg,Palm
D:\Downloadf\gestures_resized\gestures\01_palm\WIN_20260217_17_30_53_Pro.jpg,Palm
D:\Downloadf\gestures_resized\gestures\01_palm\WIN_20260217_21_52_21_Pro (3).jpg,Palm
D:\Downloadf\gestures_resized\gestures\01_palm\WIN_20260220_00_01_13_Pro.jpg,Palm
D:\Downloadf\gestures_resized\gestures\08_palm_moved\frame_02_08_0166.png,Palm
D:\Downloadf\gestures_resized\gestures\04_fist_moved\frame_07_04_0034.png,Fist
D:\Downloadf\gestures_resized\gestures\03_fist\Right\frame_09_03_0171.png,Fist
D:\Downloadf\gestures_resized\gestures\08_palm_moved\frame_09_08_0124.png,Palm
D:\Downloadf\gestures_resized\gestures\01_palm\frame_04_01_0005.png,Palm
D:\Downloadf\gestures_resized\gestures\01_palm\WIN_20260217_17_19_24_Pro.jpg,Palm
D:\Downloadf\gestures_resized\gestures\04_fist_moved\WIN_20260217_22_21_46_Pro (2).jpg,Fist
D:\Downloadf\gestures_resized\gestures\10_down\frame_02_10_0029.png,Palm
D:\Downloadf\gestures_resized\gestures\01_palm\frame_04_01_0118.png,Palm
D:\Downloadf\gestures_resized\gestures\08_palm_moved\frame_02_08_0041.png,Palm
D:\Downloadf\gestures_resized\gestures\10_down\frame_04_10_0038.png,Palm
D:\Downloadf\gestures_resized\gestures\03_fist\frame_04_03_0171.png,Fist
D:\Downloadf\gestures_resized\gestures\08_palm_moved\WIN_20260217_18_35_15_Pro (3).jpg,Palm
D:\Downloadf\gestures_resized\gestures\04_fist_moved\frame_06_04_0037.png,Fist
D:\Downloadf\gestures_resized\gestures\08_palm_moved\WIN_20260217_22_14_40_Pro (2).jpg,Palm
D:\Downloadf\gestures_resized\gestures\08_palm_moved\WIN_20260217_20_19_12_Pro.jpg,Palm
D:\Downloadf\gestures_resized\gestures\01_palm\frame_01_01_0053.png,Palm
D:\Downloadf\gestures_resized\gestures\08_palm_moved\frame_02_08_0182.png,Palm
D:\Downloadf\gestures_resized\gestures\10_down\frame_08_10_0151.png,Palm
D:\Downloadf\gestures_resized\gestures\03_fist\frame_06_03_0077.png,Fist
D:\Downloadf\gestures_resized\gestures\10_down\WIN_20260217_18_20_34_Pro.jpg,Palm
D:\Downloadf\gestures_resized\gestures\03_fist\frame_03_03_0128.png,Fist
D:\Downloadf\gestures_resized\gestures\03_fist\frame_07_03_0049.png,Fist
D:\Downloadf\gestures_resized\gestures\08_palm_moved\frame_02_08_0110.png,Palm
D:\Downloadf\gestures_resized\gestures\03_fist\WIN_20260217_22_10_56_Pro.jpg,Fist
D:\Downloadf\gestures_resized\gestures\01_palm\frame_02_01_0190.png,Palm
D:\Downloadf\gestures_resized\gestures\03_fist\frame_03_03_0016.png,Fist
D:\Downloadf\gestures_resized\gestures\04_fist_moved\frame_00_04_0135.png,Fist
D:\Downloadf\gestures_resized\gestures\01_palm\frame_04_01_0041.png,Palm
D:\Downloadf\gestures_resized\gestures\08_palm_moved\frame_06_08_0020.png,Palm
D:\Downloadf\gestures_resized\gestures\01_palm\frame_02_01_0062.png,Palm
D:\Downloadf\gestures_resized\gestures\01_palm\frame_05_01_0190.png,Palm
D:\Downloadf\gestures_resized\gestures\04_fist_moved\WIN_20260217_18_23_52_Pro.jpg,Fist
D:\Downloadf\gestures_resized\gestures\03_fist\frame_03_03_0085.png,Fist
D:\Downloadf\gestures_resized\gestures\01_palm\WIN_20260217_17_24_54_Pro.jpg,Palm
D:\Downloadf\gestures_resized\gestures\03_fist\frame_00_03_0107.png,Fist
D:\Downloadf\gestures_resized\gestures\08_palm_moved\frame_07_08_0167.png,Palm
D:\Downloadf\gestures_resized\gestures\01_palm\WIN_20260217_17_29_46_Pro.jpg,Palm
D:\Downloadf\gestures_resized\gestures\10_down\frame_07_10_0012.png,Palm
D:\Downloadf\gestures_resized\gestures\01_palm\frame_06_01_0181.png,Palm
D:\Downloadf\gestures_resized\gestures\01_palm\frame_02_01_0188.png,Palm
D:\Downloadf\gestures_resized\gestures\04_fist_moved\WIN_20260217_18_23_51_Pro (3).jpg,Fist
D:\Downloadf\gestures_resized\gestures\08_palm_moved\WIN_20260217_18_35_11_Pro.jpg,Palm
D:\Downloadf\gestures_resized\gestures\02_closeup_fist\WIN_20260220_19_18_54_Pro.jpg,Fist
D:\Downloadf\gestures_resized\gestures\08_palm_moved\frame_06_08_0182.png,Palm
D:\Downloadf\gestures_resized\gestures\03_fist\frame_00_03_0174.png,Fist
D:\Downloadf\gestures_resized\gestures\03_fist\frame_02_03_0093.png,Fist
D:\Downloadf\gestures_resized\gestures\03_fist\frame_07_03_0045.png,Fist
D:\Downloadf\gestures_resized\gestures\10_down\frame_04_10_0002.png,Palm
D:\Downloadf\gestures_resized\gestures\03_fist\WIN_20260217_22_04_43_Pro (3).jpg,Fist
D:\Downloadf\gestures_resized\gestures\03_fist\Right\frame_09_03_0138.png,Fist
D:\Downloadf\gestures_resized\gestures\03_fist\frame_05_03_0131.png,Fist
D:\Downloadf\gestures_resized\gestures\04_fist_moved\WIN_20260217_18_25_16_Pro.jpg,Fist
D:\Downloadf\gestures_resized\gestures\04_fist_moved\frame_04_04_0015.png,Fist
D:\Downloadf\gestures_resized\gestures\10_down\frame_01_10_0179.png,Palm
D:\Downloadf\gestures_resized\gestures\03_fist\frame_05_03_0170.png,Fist
D:\Downloadf\gestures_resized\gestures\01_palm\frame_07_01_0006.png,Palm
D:\Downloadf\gestures_resized\gestures\03_fist\frame_03_03_0145.png,Fist
D:\Downloadf\gestures_resized\gestures\01_palm\WIN_20260217_17_19_39_Pro.jpg,Palm
D:\Downloadf\gestures_resized\gestures\01_palm\frame_08_01_0155.png,Palm
D:\Downloadf\gestures_resized\gestures\01_palm\frame_00_01_0020.png,Palm
D:\Downloadf\gestures_resized\gestures\10_down\frame_02_10_0171.png,Palm
D:\Downloadf\gestures_resized\gestures\04_fist_moved\WIN_20260217_20_44_07_Pro.jpg,Fist
D:\Downloadf\gestures_resized\gestures\04_fist_moved\frame_01_04_0012.png,Fist
D:\Downloadf\gestures_resized\gestures\01_palm\frame_00_01_0066.png,Palm
D:\Downloadf\gestures_resized\gestures\04_fist_moved\frame_04_04_0154.png,Fist
D:\Downloadf\gestures_resized\gestures\03_fist\WIN_20260217_19_13_51_Pro.jpg,Fist
D:\Downloadf\gestures_resized\gestures\04_fist_moved\frame_01_04_0031.png,Fist
D:\Downloadf\gestures_resized\gestures\08_palm_moved\frame_09_08_0110.png,Palm
D:\Downloadf\gestures_resized\gestures\03_fist\frame_05_03_0037.png,Fist
D:\Downloadf\gestures_resized\gestures\10_down\frame_04_10_0042.png,Palm
D:\Downloadf\gestures_resized\gestures\03_fist\frame_02_03_0005.png,Fist
D:\Downloadf\gestures_resized\gestures\03_fist\frame_07_03_0112.png,Fist
D:\Downloadf\gestures_resized\gestures\03_fist\frame_07_03_0009.png,Fist
D:\Downloadf\gestures_resized\gestures\10_down\frame_09_10_0147.png,Palm
D:\Downloadf\gestures_resized\gestures\03_fist\WIN_20260217_19_14_55_Pro.jpg,Fist
D:\Downloadf\gestures_resized\gestures\08_palm_moved\frame_01_08_0178.png,Palm
D:\Downloadf\gestures_resized\gestures\10_down\frame_02_10_0100.png,Palm
D:\Downloadf\gestures_resized\gestures\10_down\frame_05_10_0025.png,Palm
D:\Downloadf\gestures_resized\gestures\08_palm_moved\frame_05_08_0012.png,Palm
D:\Downloadf\gestures_resized\gestures\01_palm\WIN_20260220_00_03_37_Pro (2).jpg,Palm
D:\Downloadf\gestures_resized\gestures\01_palm\WIN_20260217_21_50_41_Pro.jpg,Palm
D:\Downloadf\gestures_resized\gestures\03_fist\frame_05_03_0077.png,Fist
D:\Downloadf\gestures_resized\gestures\01_palm\frame_06_01_0176.png,Palm
D:\Downloadf\gestures_resized\gestures\04_fist_moved\frame_04_04_0071.png,Fist
D:\Downloadf\gestures_resized\gestures\08_palm_moved\frame_07_08_0184.png,Palm
D:\Downloadf\gestures_resized\gestures\10_down\frame_09_10_0197.png,Palm
D:\Downloadf\gestures_resized\gestures\03_fist\frame_02_03_0191.png,Fist
D:\Downloadf\gestures_resized\gestures\01_palm\frame_03_01_0190.png,Palm
D:\Downloadf\gestures_resized\gestures\10_down\frame_01_10_0009.png,Palm
D:\Downloadf\gestures_resized\gestures\04_fist_moved\frame_07_04_0169.png,Fist
D:\Downloadf\gestures_resized\gestures\01_palm\WIN_20260217_21_52_27_Pro.jpg,Palm
D:\Downloadf\gestures_resized\gestures\10_down\frame_05_10_0190.png,Palm
D:\Downloadf\gestures_resized\gestures\08_palm_moved\frame_03_08_0039.png,Palm
D:\Downloadf\gestures_resized\gestures\08_palm_moved\frame_05_08_0017.png,Palm
D:\Downloadf\gestures_resized\gestures\03_fist\frame_04_03_0024.png,Fist
D:\Downloadf\gestures_resized\gestures\08_palm_moved\frame_02_08_0047.png,Palm
D:\Downloadf\gestures_resized\gestures\03_fist\Right\frame_09_03_0040.png,Fist
D:\Downloadf\gestures_resized\gestures\03_fist\frame_09_03_0154.png,Fist
D:\Downloadf\gestures_resized\gestures\08_palm_moved\frame_04_08_0008.png,Palm
D:\Downloadf\gestures_resized\gestures\03_fist\WIN_20260217_18_01_27_Pro.jpg,Fist
D:\Downloadf\gestures_resized\gestures\08_palm_moved\frame_03_08_0129.png,Palm
D:\Downloadf\gestures_resized\gestures\01_palm\WIN_20260217_17_16_19_Pro.jpg,Palm
D:\Downloadf\gestures_resized\gestures\08_palm_moved\frame_00_08_0161.png,Palm
D:\Downloadf\gestures_resized\gestures\04_fist_moved\frame_02_04_0097.png,Fist
D:\Downloadf\gestures_resized\gestures\03_fist\WIN_20260217_22_04_50_Pro (4).jpg,Fist
D:\Downloadf\gestures_resized\gestures\10_down\frame_05_10_0031.png,Palm
D:\Downloadf\gestures_resized\gestures\08_palm_moved\frame_01_08_0056.png,Palm
D:\Downloadf\gestures_resized\gestures\04_fist_moved\WIN_20260217_20_44_38_Pro.jpg,Fist
D:\Downloadf\gestures_resized\gestures\01_palm\frame_00_01_0197.png,Palm
D:\Downloadf\gestures_resized\gestures\08_palm_moved\frame_02_08_0167.png,Palm
D:\Downloadf\gestures_resized\gestures\01_palm\frame_01_01_0011.png,Palm
D:\Downloadf\gestures_resized\gestures\03_fist\frame_08_03_0137.png,Fist
D:\Downloadf\gestures_resized\gestures\03_fist\frame_03_03_0154.png,Fist
D:\Downloadf\gestures_resized\gestures\01_palm\frame_01_01_0012.png,Palm
D:\Downloadf\gestures_resized\gestures\03_fist\frame_01_03_0143.png,Fist
D:\Downloadf\gestures_resized\gestures\08_palm_moved\frame_00_08_0149.png,Palm
D:\Downloadf\gestures_resized\gestures\08_palm_moved\frame_08_08_0046.png,Palm
D:\Downloadf\gestures_resized\gestures\01_palm\WIN_20260217_17_23_19_Pro.jpg,Palm
D:\Downloadf\gestures_resized\gestures\01_palm\frame_00_01_0088.png,Palm
D:\Downloadf\gestures_resized\gestures\10_down\WIN_20260217_18_19_58_Pro (2).jpg,Palm
D:\Downloadf\gestures_resized\gestures\04_fist_moved\frame_03_04_0065.png,Fist
D:\Downloadf\gestures_resized\gestures\01_palm\WIN_20260220_00_01_29_Pro.jpg,Palm
D:\Downloadf\gestures_resized\gestures\10_down\frame_02_10_0012.png,Palm
D:\Downloadf\gestures_resized\gestures\10_down\frame_07_10_0144.png,Palm
D:\Downloadf\gestures_resized\gestures\08_palm_moved\frame_01_08_0003.png,Palm
D:\Downloadf\gestures_resized\gestures\03_fist\frame_06_03_0166.png,Fist
D:\Downloadf\gestures_resized\gestures\04_fist_moved\frame_06_04_0008.png,Fist
D:\Downloadf\gestures_resized\gestures\01_palm\WIN_20260217_17_32_29_Pro.jpg,Palm
D:\Downloadf\gestures_resized\gestures\10_down\frame_00_10_0190.png,Palm
D:\Downloadf\gestures_resized\gestures\08_palm_moved\frame_08_08_0184.png,Palm
D:\Downloadf\gestures_resized\gestures\01_palm\frame_01_01_0033.png,Palm
D:\Downloadf\gestures_resized\gestures\04_fist_moved\frame_05_04_0022.png,Fist
D:\Downloadf\gestures_resized\gestures\08_palm_moved\frame_05_08_0184.png,Palm
D:\Downloadf\gestures_resized\gestures\04_fist_moved\WIN_20260217_18_23_47_Pro (2).jpg,Fist
D:\Downloadf\gestures_resized\gestures\04_fist_moved\frame_02_04_0082.png,Fist
D:\Downloadf\gestures_resized\gestures\03_fist\frame_07_03_0077.png,Fist
D:\Downloadf\gestures_resized\gestures\03_fist\WIN_20260220_00_09_41_Pro.jpg,Fist
D:\Downloadf\gestures_resized\gestures\01_palm\WIN_20260220_00_02_18_Pro.jpg,Palm
D:\Downloadf\gestures_resized\gestures\10_down\frame_09_10_0142.png,Palm
D:\Downloadf\gestures_resized\gestures\03_fist\frame_03_03_0069.png,Fist
D:\Downloadf\gestures_resized\gestures\03_fist\frame_04_03_0018.png,Fist
D:\Downloadf\gestures_resized\gestures\03_fist\frame_04_03_0080.png,Fist
D:\Downloadf\gestures_resized\gestures\10_down\frame_03_10_0065.png,Palm
D:\Downloadf\gestures_resized\gestures\08_palm_moved\WIN_20260217_20_18_26_Pro.jpg,Palm
D:\Downloadf\gestures_resized\gestures\10_down\frame_00_10_0034.png,Palm
D:\Downloadf\gestures_resized\gestures\01_palm\frame_07_01_0014.png,Palm
D:\Downloadf\gestures_resized\gestures\10_down\frame_03_10_0002.png,Palm
D:\Downloadf\gestures_resized\gestures\08_palm_moved\frame_02_08_0013.png,Palm
D:\Downloadf\gestures_resized\gestures\03_fist\frame_05_03_0178.png,Fist
D:\Downloadf\gestures_resized\gestures\08_palm_moved\WIN_20260217_18_35_18_Pro (2).jpg,Palm
D:\Downloadf\gestures_resized\gestures\03_fist\frame_01_03_0164.png,Fist
D:\Downloadf\gestures_resized\gestures\04_fist_moved\frame_06_04_0033.png,Fist
D:\Downloadf\gestures_resized\gestures\01_palm\WIN_20260220_00_02_31_Pro (2).jpg,Palm
D:\Downloadf\gestures_resized\gestures\01_palm\frame_09_01_0055.png,Palm
D:\Downloadf\gestures_resized\gestures\04_fist_moved\frame_03_04_0033.png,Fist
D:\Downloadf\gestures_resized\gestures\08_palm_moved\WIN_20260217_18_35_49_Pro (2).jpg,Palm
D:\Downloadf\gestures_resized\gestures\03_fist\frame_03_03_0178.png,Fist
D:\Downloadf\gestures_resized\gestures\08_palm_moved\WIN_20260217_22_18_18_Pro (2).jpg,Palm
D:\Downloadf\gestures_resized\gestures\10_down\WIN_20260217_20_30_57_Pro (2).jpg,Palm
D:\Downloadf\gestures_resized\gestures\04_fist_moved\WIN_20260217_20_42_51_Pro.jpg,Fist
D:\Downloadf\gestures_resized\gestures\01_palm\WIN_20260217_17_18_26_Pro.jpg,Palm
D:\Downloadf\gestures_resized\gestures\03_fist\WIN_20260220_00_10_11_Pro (3).jpg,Fist
D:\Downloadf\gestures_resized\gestures\03_fist\frame_08_03_0126.png,Fist
D:\Downloadf\gestures_resized\gestures\10_down\frame_01_10_0045.png,Palm
D:\Downloadf\gestures_resized\gestures\03_fist\frame_03_03_0009.png,Fist
D:\Downloadf\gestures_resized\gestures\08_palm_moved\frame_02_08_0018.png,Palm
D:\Downloadf\gestures_resized\gestures\08_palm_moved\frame_03_08_0020.png,Palm
D:\Downloadf\gestures_resized\gestures\01_palm\WIN_20260217_21_52_01_Pro (5).jpg,Palm
D:\Downloadf\gestures_resized\gestures\10_down\frame_03_10_0156.png,Palm
D:\Downloadf\gestures_resized\gestures\03_fist\WIN_20260217_22_10_54_Pro (5).jpg,Fist
D:\Downloadf\gestures_resized\gestures\03_fist\frame_01_03_0125.png,Fist
D:\Downloadf\gestures_resized\gestures\08_palm_moved\frame_00_08_0166.png,Palm
D:\Downloadf\gestures_resized\gestures\10_down\frame_02_10_0006.png,Palm
D:\Downloadf\gestures_resized\gestures\08_palm_moved\frame_02_08_0016.png,Palm
D:\Downloadf\gestures_resized\gestures\03_fist\frame_05_03_0044.png,Fist
D:\Downloadf\gestures_resized\gestures\01_palm\WIN_20260220_00_04_05_Pro (2).jpg,Palm
D:\Downloadf\gestures_resized\gestures\04_fist_moved\frame_00_04_0038.png,Fist
D:\Downloadf\gestures_resized\gestures\10_down\frame_01_10_0017.png,Palm
D:\Downloadf\gestures_resized\gestures\03_fist\frame_00_03_0039.png,Fist
D:\Downloadf\gestures_resized\gestures\03_fist\WIN_20260217_18_15_26_Pro.jpg,Fist
D:\Downloadf\gestures_resized\gestures\04_fist_moved\frame_03_04_0157.png,Fist
D:\Downloadf\gestures_resized\gestures\03_fist\WIN_20260217_19_12_17_Pro.jpg,Fist
D:\Downloadf\gestures_resized\gestures\01_palm\WIN_20260217_17_18_38_Pro.jpg,Palm
D:\Downloadf\gestures_resized\gestures\10_down\frame_05_10_0182.png,Palm
D:\Downloadf\gestures_resized\gestures\03_fist\WIN_20260217_20_35_28_Pro.jpg,Fist
D:\Downloadf\gestures_resized\gestures\08_palm_moved\WIN_20260217_18_35_50_Pro (2).jpg,Palm
D:\Downloadf\gestures_resized\gestures\08_palm_moved\frame_04_08_0159.png,Palm
D:\Downloadf\gestures_resized\gestures\04_fist_moved\frame_02_04_0006.png,Fist
D:\Downloadf\gestures_resized\gestures\03_fist\frame_01_03_0179.png,Fist
D:\Downloadf\gestures_resized\gestures\01_palm\frame_03_01_0058.png,Palm
D:\Downloadf\gestures_resized\gestures\01_palm\frame_08_01_0186.png,Palm
D:\Downloadf\gestures_resized\gestures\03_fist\WIN_20260217_18_15_39_Pro.jpg,Fist
D:\Downloadf\gestures_resized\gestures\04_fist_moved\frame_05_04_0005.png,Fist
D:\Downloadf\gestures_resized\gestures\01_palm\WIN_20260220_00_05_04_Pro (2).jpg,Palm
D:\Downloadf\gestures_resized\gestures\03_fist\WIN_20260217_18_15_30_Pro.jpg,Fist
D:\Downloadf\gestures_resized\gestures\10_down\frame_07_10_0027.png,Palm
D:\Downloadf\gestures_resized\gestures\10_down\frame_00_10_0021.png,Palm
D:\Downloadf\gestures_resized\gestures\01_palm\frame_04_01_0112.png,Palm
D:\Downloadf\gestures_resized\gestures\04_fist_moved\frame_04_04_0168.png,Fist
D:\Downloadf\gestures_resized\gestures\08_palm_moved\frame_04_08_0035.png,Palm
D:\Downloadf\gestures_resized\gestures\01_palm\frame_09_01_0167.png,Palm
D:\Downloadf\gestures_resized\gestures\03_fist\frame_06_03_0161.png,Fist
D:\Downloadf\gestures_resized\gestures\01_palm\WIN_20260220_00_03_29_Pro.jpg,Palm
D:\Downloadf\gestures_resized\gestures\08_palm_moved\frame_07_08_0017.png,Palm
D:\Downloadf\gestures_resized\gestures\03_fist\frame_01_03_0174.png,Fist
D:\Downloadf\gestures_resized\gestures\01_palm\WIN_20260217_20_08_18_Pro.jpg,Palm
D:\Downloadf\gestures_resized\gestures\08_palm_moved\WIN_20260217_18_33_04_Pro.jpg,Palm
D:\Downloadf\gestures_resized\gestures\10_down\frame_04_10_0198.png,Palm
D:\Downloadf\gestures_resized\gestures\01_palm\WIN_20260217_20_11_40_Pro (2).jpg,Palm
D:\Downloadf\gestures_resized\gestures\03_fist\frame_04_03_0079.png,Fist
D:\Downloadf\gestures_resized\gestures\01_palm\frame_03_01_0083.png,Palm
D:\Downloadf\gestures_resized\gestures\03_fist\frame_01_03_0030.png,Fist
D:\Downloadf\gestures_resized\gestures\03_fist\frame_08_03_0162.png,Fist
D:\Downloadf\gestures_resized\gestures\08_palm_moved\WIN_20260217_20_20_07_Pro (2).jpg,Palm
D:\Downloadf\gestures_resized\gestures\10_down\WIN_20260217_18_17_48_Pro (2).jpg,Palm
D:\Downloadf\gestures_resized\gestures\04_fist_moved\WIN_20260217_18_23_19_Pro.jpg,Fist
D:\Downloadf\gestures_resized\gestures\01_palm\WIN_20260220_00_02_16_Pro.jpg,Palm
D:\Downloadf\gestures_resized\gestures\03_fist\WIN_20260217_19_12_19_Pro.jpg,Fist
D:\Downloadf\gestures_resized\gestures\10_down\frame_03_10_0137.png,Palm
D:\Downloadf\gestures_resized\gestures\01_palm\WIN_20260220_00_01_21_Pro.jpg,Palm
D:\Downloadf\gestures_resized\gestures\10_down\frame_09_10_0008.png,Palm
D:\Downloadf\gestures_resized\gestures\01_palm\frame_09_01_0194.png,Palm
D:\Downloadf\gestures_resized\gestures\10_down\frame_05_10_0187.png,Palm
D:\Downloadf\gestures_resized\gestures\03_fist\WIN_20260217_22_10_52_Pro (4).jpg,Fist
D:\Downloadf\gestures_resized\gestures\02_closeup_fist\WIN_20260220_19_16_37_Pro.jpg,Fist
D:\Downloadf\gestures_resized\gestures\03_fist\WIN_20260217_22_04_50_Pro (3).jpg,Fist
D:\Downloadf\gestures_resized\gestures\04_fist_moved\WIN_20260217_20_44_33_Pro (2).jpg,Fist
D:\Downloadf\gestures_resized\gestures\01_palm\frame_08_01_0187.png,Palm
D:\Downloadf\gestures_resized\gestures\03_fist\frame_00_03_0081.png,Fist
D:\Downloadf\gestures_resized\gestures\10_down\WIN_20260217_20_30_11_Pro.jpg,Palm
D:\Downloadf\gestures_resized\gestures\03_fist\WIN_20260217_19_12_21_Pro.jpg,Fist
D:\Downloadf\gestures_resized\gestures\03_fist\Right\frame_09_03_0004.png,Fist
D:\Downloadf\gestures_resized\gestures\10_down\frame_04_10_0018.png,Palm
D:\Downloadf\gestures_resized\gestures\01_palm\frame_09_01_0067.png,Palm
D:\Downloadf\gestures_resized\gestures\03_fist\frame_06_03_0011.png,Fist
D:\Downloadf\gestures_resized\gestures\03_fist\frame_07_03_0074.png,Fist
D:\Downloadf\gestures_resized\gestures\03_fist\frame_08_03_0169.png,Fist
D:\Downloadf\gestures_resized\gestures\03_fist\Right\frame_09_03_0135.png,Fist
D:\Downloadf\gestures_resized\gestures\10_down\frame_03_10_0144.png,Palm
D:\Downloadf\gestures_resized\gestures\08_palm_moved\frame_01_08_0032.png,Palm
D:\Downloadf\gestures_resized\gestures\03_fist\WIN_20260217_22_05_03_Pro (2).jpg,Fist
D:\Downloadf\gestures_resized\gestures\04_fist_moved\WIN_20260217_18_24_53_Pro (2).jpg,Fist
D:\Downloadf\gestures_resized\gestures\04_fist_moved\frame_05_04_0170.png,Fist
D:\Downloadf\gestures_resized\gestures\03_fist\frame_02_03_0084.png,Fist
D:\Downloadf\gestures_resized\gestures\03_fist\frame_01_03_0185.png,Fist
D:\Downloadf\gestures_resized\gestures\08_palm_moved\frame_04_08_0023.png,Palm
D:\Downloadf\gestures_resized\gestures\08_palm_moved\frame_04_08_0164.png,Palm
D:\Downloadf\gestures_resized\gestures\04_fist_moved\WIN_20260217_22_21_50_Pro (3).jpg,Fist
D:\Downloadf\gestures_resized\gestures\08_palm_moved\WIN_20260217_18_33_29_Pro (2).jpg,Palm
D:\Downloadf\gestures_resized\gestures\10_down\frame_04_10_0025.png,Palm
D:\Downloadf\gestures_resized\gestures\03_fist\frame_00_03_0167.png,Fist
D:\Downloadf\gestures_resized\gestures\01_palm\frame_08_01_0160.png,Palm
D:\Downloadf\gestures_resized\gestures\03_fist\frame_01_03_0015.png,Fist
D:\Downloadf\gestures_resized\gestures\03_fist\frame_02_03_0096.png,Fist
D:\Downloadf\gestures_resized\gestures\10_down\frame_04_10_0046.png,Palm
D:\Downloadf\gestures_resized\gestures\01_palm\frame_03_01_0183.png,Palm
D:\Downloadf\gestures_resized\gestures\01_palm\frame_05_01_0023.png,Palm
D:\Downloadf\gestures_resized\gestures\01_palm\frame_02_01_0192.png,Palm
D:\Downloadf\gestures_resized\gestures\08_palm_moved\frame_06_08_0067.png,Palm
D:\Downloadf\gestures_resized\gestures\01_palm\WIN_20260217_17_16_17_Pro.jpg,Palm
D:\Downloadf\gestures_resized\gestures\03_fist\WIN_20260217_22_10_59_Pro (3).jpg,Fist
D:\Downloadf\gestures_resized\gestures\01_palm\frame_02_01_0018.png,Palm
D:\Downloadf\gestures_resized\gestures\10_down\frame_00_10_0169.png,Palm
D:\Downloadf\gestures_resized\gestures\03_fist\WIN_20260220_00_09_46_Pro.jpg,Fist
D:\Downloadf\gestures_resized\gestures\04_fist_moved\frame_05_04_0052.png,Fist
D:\Downloadf\gestures_resized\gestures\10_down\WIN_20260217_18_19_56_Pro (2).jpg,Palm
D:\Downloadf\gestures_resized\gestures\03_fist\frame_08_03_0119.png,Fist
D:\Downloadf\gestures_resized\gestures\03_fist\frame_08_03_0020.png,Fist
D:\Downloadf\gestures_resized\gestures\08_palm_moved\frame_05_08_0009.png,Palm
D:\Downloadf\gestures_resized\gestures\10_down\frame_00_10_0194.png,Palm
D:\Downloadf\gestures_resized\gestures\08_palm_moved\frame_09_08_0041.png,Palm
D:\Downloadf\gestures_resized\gestures\08_palm_moved\frame_05_08_0130.png,Palm
D:\Downloadf\gestures_resized\gestures\10_down\frame_00_10_0182.png,Palm
D:\Downloadf\gestures_resized\gestures\03_fist\frame_06_03_0064.png,Fist
D:\Downloadf\gestures_resized\gestures\10_down\frame_03_10_0148.png,Palm
D:\Downloadf\gestures_resized\gestures\10_down\frame_07_10_0026.png,Palm
D:\Downloadf\gestures_resized\gestures\08_palm_moved\frame_08_08_0007.png,Palm
D:\Downloadf\gestures_resized\gestures\03_fist\WIN_20260217_18_01_58_Pro.jpg,Fist
D:\Downloadf\gestures_resized\gestures\03_fist\frame_06_03_0182.png,Fist
D:\Downloadf\gestures_resized\gestures\03_fist\frame_09_03_0040.png,Fist
D:\Downloadf\gestures_resized\gestures\02_closeup_fist\WIN_20260220_19_14_45_Pro.jpg,Fist
D:\Downloadf\gestures_resized\gestures\10_down\frame_05_10_0027.png,Palm
D:\Downloadf\gestures_resized\gestures\04_fist_moved\frame_09_04_0196.png,Fist
D:\Downloadf\gestures_resized\gestures\01_palm\WIN_20260217_21_52_07_Pro.jpg,Palm
D:\Downloadf\gestures_resized\gestures\08_palm_moved\frame_06_08_0075.png,Palm
D:\Downloadf\gestures_resized\gestures\03_fist\Right\frame_09_03_0127.png,Fist
D:\Downloadf\gestures_resized\gestures\08_palm_moved\frame_00_08_0195.png,Palm
D:\Downloadf\gestures_resized\gestures\03_fist\Right\frame_09_03_0152.png,Fist
D:\Downloadf\gestures_resized\gestures\08_palm_moved\WIN_20260217_18_35_52_Pro.jpg,Palm
D:\Downloadf\gestures_resized\gestures\08_palm_moved\WIN_20260217_20_20_32_Pro (2).jpg,Palm
D:\Downloadf\gestures_resized\gestures\04_fist_moved\frame_04_04_0067.png,Fist
D:\Downloadf\gestures_resized\gestures\01_palm\WIN_20260220_00_04_08_Pro (2).jpg,Palm
D:\Downloadf\gestures_resized\gestures\03_fist\frame_06_03_0103.png,Fist
D:\Downloadf\gestures_resized\gestures\03_fist\WIN_20260220_00_10_00_Pro.jpg,Fist
D:\Downloadf\gestures_resized\gestures\01_palm\WIN_20260217_21_52_00_Pro (2).jpg,Palm
D:\Downloadf\gestures_resized\gestures\10_down\frame_03_10_0105.png,Palm
D:\Downloadf\gestures_resized\gestures\03_fist\WIN_20260217_18_01_56_Pro (2).jpg,Fist
D:\Downloadf\gestures_resized\gestures\04_fist_moved\frame_02_04_0013.png,Fist
D:\Downloadf\gestures_resized\gestures\04_fist_moved\frame_07_04_0165.png,Fist
D:\Downloadf\gestures_resized\gestures\10_down\frame_06_10_0076.png,Palm
D:\Downloadf\gestures_resized\gestures\03_fist\frame_04_03_0026.png,Fist
D:\Downloadf\gestures_resized\gestures\08_palm_moved\frame_05_08_0029.png,Palm
D:\Downloadf\gestures_resized\gestures\04_fist_moved\frame_00_04_0047.png,Fist
D:\Downloadf\gestures_resized\gestures\01_palm\frame_08_01_0046.png,Palm
D:\Downloadf\gestures_resized\gestures\01_palm\frame_00_01_0005.png,Palm
D:\Downloadf\gestures_resized\gestures\04_fist_moved\frame_01_04_0194.png,Fist
D:\Downloadf\gestures_resized\gestures\10_down\frame_07_10_0149.png,Palm
D:\Downloadf\gestures_resized\gestures\01_palm\WIN_20260220_00_05_19_Pro.jpg,Palm
D:\Downloadf\gestures_resized\gestures\01_palm\WIN_20260217_20_11_49_Pro.jpg,Palm
D:\Downloadf\gestures_resized\gestures\03_fist\WIN_20260217_22_10_45_Pro (4).jpg,Fist
D:\Downloadf\gestures_resized\gestures\01_palm\frame_07_01_0189.png,Palm
D:\Downloadf\gestures_resized\gestures\03_fist\frame_09_03_0060.png,Fist
D:\Downloadf\gestures_resized\gestures\04_fist_moved\frame_06_04_0031.png,Fist
D:\Downloadf\gestures_resized\gestures\10_down\WIN_20260217_18_17_57_Pro (2).jpg,Palm
D:\Downloadf\gestures_resized\gestures\10_down\frame_04_10_0020.png,Palm
D:\Downloadf\gestures_resized\gestures\04_fist_moved\frame_07_04_0036.png,Fist
D:\Downloadf\gestures_resized\gestures\03_fist\frame_06_03_0174.png,Fist
D:\Downloadf\gestures_resized\gestures\01_palm\frame_05_01_0074.png,Palm
D:\Downloadf\gestures_resized\gestures\03_fist\frame_06_03_0170.png,Fist
D:\Downloadf\gestures_resized\gestures\04_fist_moved\frame_04_04_0193.png,Fist
D:\Downloadf\gestures_resized\gestures\08_palm_moved\frame_03_08_0139.png,Palm
D:\Downloadf\gestures_resized\gestures\03_fist\WIN_20260217_22_10_49_Pro (5).jpg,Fist
D:\Downloadf\gestures_resized\gestures\03_fist\frame_02_03_0024.png,Fist
D:\Downloadf\gestures_resized\gestures\08_palm_moved\frame_04_08_0004.png,Palm
D:\Downloadf\gestures_resized\gestures\01_palm\frame_00_01_0085.png,Palm
D:\Downloadf\gestures_resized\gestures\10_down\frame_01_10_0190.png,Palm
D:\Downloadf\gestures_resized\gestures\04_fist_moved\frame_02_04_0005.png,Fist
D:\Downloadf\gestures_resized\gestures\03_fist\Right\frame_09_03_0063.png,Fist
D:\Downloadf\gestures_resized\gestures\03_fist\Right\frame_09_03_0077.png,Fist
D:\Downloadf\gestures_resized\gestures\08_palm_moved\frame_08_08_0133.png,Palm
D:\Downloadf\gestures_resized\gestures\03_fist\WIN_20260220_00_09_42_Pro.jpg,Fist
D:\Downloadf\gestures_resized\gestures\03_fist\WIN_20260217_22_05_04_Pro.jpg,Fist
D:\Downloadf\gestures_resized\gestures\08_palm_moved\frame_05_08_0032.png,Palm
D:\Downloadf\gestures_resized\gestures\08_palm_moved\frame_01_08_0167.png,Palm
D:\Downloadf\gestures_resized\gestures\04_fist_moved\WIN_20260217_18_23_29_Pro (3).jpg,Fist
D:\Downloadf\gestures_resized\gestures\04_fist_moved\frame_02_04_0084.png,Fist
D:\Downloadf\gestures_resized\gestures\03_fist\frame_07_03_0184.png,Fist
D:\Downloadf\gestures_resized\gestures\03_fist\frame_06_03_0035.png,Fist
D:\Downloadf\gestures_resized\gestures\08_palm_moved\frame_04_08_0026.png,Palm
D:\Downloadf\gestures_resized\gestures\02_closeup_fist\WIN_20260220_19_17_17_Pro.jpg,Fist
D:\Downloadf\gestures_resized\gestures\04_fist_moved\frame_06_04_0039.png,Fist
D:\Downloadf\gestures_resized\gestures\04_fist_moved\WIN_20260217_18_23_37_Pro.jpg,Fist
D:\Downloadf\gestures_resized\gestures\08_palm_moved\frame_09_08_0030.png,Palm
D:\Downloadf\gestures_resized\gestures\03_fist\frame_09_03_0167.png,Fist
D:\Downloadf\gestures_resized\gestures\08_palm_moved\frame_03_08_0144.png,Palm
D:\Downloadf\gestures_resized\gestures\03_fist\frame_08_03_0128.png,Fist
D:\Downloadf\gestures_resized\gestures\03_fist\frame_03_03_0163.png,Fist
D:\Downloadf\gestures_resized\gestures\01_palm\frame_04_01_0003.png,Palm
D:\Downloadf\gestures_resized\gestures\10_down\frame_04_10_0169.png,Palm
D:\Downloadf\gestures_resized\gestures\03_fist\frame_04_03_0057.png,Fist
D:\Downloadf\gestures_resized\gestures\10_down\frame_02_10_0176.png,Palm
D:\Downloadf\gestures_resized\gestures\08_palm_moved\WIN_20260217_18_33_07_Pro.jpg,Palm
D:\Downloadf\gestures_resized\gestures\01_palm\WIN_20260217_21_52_24_Pro (5).jpg,Palm
D:\Downloadf\gestures_resized\gestures\10_down\frame_07_10_0013.png,Palm
D:\Downloadf\gestures_resized\gestures\08_palm_moved\frame_02_08_0009.png,Palm
D:\Downloadf\gestures_resized\gestures\04_fist_moved\WIN_20260217_20_44_26_Pro.jpg,Fist
D:\Downloadf\gestures_resized\gestures\03_fist\frame_02_03_0164.png,Fist
D:\Downloadf\gestures_resized\gestures\04_fist_moved\frame_07_04_0028.png,Fist
D:\Downloadf\gestures_resized\gestures\01_palm\frame_02_01_0079.png,Palm
D:\Downloadf\gestures_resized\gestures\03_fist\WIN_20260217_22_11_03_Pro (4).jpg,Fist
D:\Downloadf\gestures_resized\gestures\01_palm\WIN_20260220_00_02_48_Pro (2).jpg,Palm
D:\Downloadf\gestures_resized\gestures\03_fist\frame_05_03_0092.png,Fist
D:\Downloadf\gestures_resized\gestures\08_palm_moved\frame_05_08_0197.png,Palm
D:\Downloadf\gestures_resized\gestures\01_palm\WIN_20260220_00_02_20_Pro.jpg,Palm
D:\Downloadf\gestures_resized\gestures\10_down\WIN_20260217_18_17_52_Pro.jpg,Palm
D:\Downloadf\gestures_resized\gestures\01_palm\frame_00_01_0072.png,Palm
D:\Downloadf\gestures_resized\gestures\03_fist\WIN_20260217_20_37_47_Pro.jpg,Fist
D:\Downloadf\gestures_resized\gestures\10_down\frame_01_10_0053.png,Palm
D:\Downloadf\gestures_resized\gestures\03_fist\WIN_20260217_22_04_34_Pro (2).jpg,Fist
D:\Downloadf\gestures_resized\gestures\03_fist\frame_01_03_0004.png,Fist
D:\Downloadf\gestures_resized\gestures\08_palm_moved\frame_01_08_0134.png,Palm
D:\Downloadf\gestures_resized\gestures\10_down\WIN_20260217_18_17_54_Pro.jpg,Palm
D:\Downloadf\gestures_resized\gestures\03_fist\frame_03_03_0062.png,Fist
D:\Downloadf\gestures_resized\gestures\10_down\frame_01_10_0168.png,Palm
D:\Downloadf\gestures_resized\gestures\01_palm\frame_00_01_0089.png,Palm
D:\Downloadf\gestures_resized\gestures\03_fist\frame_02_03_0112.png,Fist
D:\Downloadf\gestures_resized\gestures\03_fist\WIN_20260217_18_15_13_Pro (2).jpg,Fist
D:\Downloadf\gestures_resized\gestures\01_palm\frame_04_01_0032.png,Palm
D:\Downloadf\gestures_resized\gestures\03_fist\WIN_20260217_22_04_59_Pro (4).jpg,Fist
D:\Downloadf\gestures_resized\gestures\04_fist_moved\frame_05_04_0165.png,Fist
D:\Downloadf\gestures_resized\gestures\03_fist\frame_08_03_0065.png,Fist
D:\Downloadf\gestures_resized\gestures\03_fist\frame_09_03_0150.png,Fist
D:\Downloadf\gestures_resized\gestures\10_down\frame_02_10_0025.png,Palm
D:\Downloadf\gestures_resized\gestures\01_palm\WIN_20260217_17_23_20_Pro.jpg,Palm
D:\Downloadf\gestures_resized\gestures\10_down\frame_09_10_0022.png,Palm
D:\Downloadf\gestures_resized\gestures\08_palm_moved\frame_07_08_0151.png,Palm
D:\Downloadf\gestures_resized\gestures\03_fist\frame_08_03_0082.png,Fist
D:\Downloadf\gestures_resized\gestures\04_fist_moved\frame_08_04_0056.png,Fist
D:\Downloadf\gestures_resized\gestures\10_down\frame_06_10_0072.png,Palm
D:\Downloadf\gestures_resized\gestures\03_fist\frame_08_03_0101.png,Fist
D:\Downloadf\gestures_resized\gestures\03_fist\WIN_20260217_19_13_44_Pro (2).jpg,Fist
D:\Downloadf\gestures_resized\gestures\08_palm_moved\frame_09_08_0100.png,Palm
D:\Downloadf\gestures_resized\gestures\04_fist_moved\frame_04_04_0188.png,Fist
D:\Downloadf\gestures_resized\gestures\01_palm\frame_00_01_0176.png,Palm
D:\Downloadf\gestures_resized\gestures\04_fist_moved\frame_03_04_0161.png,Fist
D:\Downloadf\gestures_resized\gestures\04_fist_moved\WIN_20260217_18_24_54_Pro.jpg,Fist
D:\Downloadf\gestures_resized\gestures\03_fist\frame_06_03_0068.png,Fist
D:\Downloadf\gestures_resized\gestures\03_fist\WIN_20260217_22_11_00_Pro (4).jpg,Fist
D:\Downloadf\gestures_resized\gestures\03_fist\frame_00_03_0083.png,Fist
D:\Downloadf\gestures_resized\gestures\10_down\frame_08_10_0170.png,Palm
D:\Downloadf\gestures_resized\gestures\03_fist\WIN_20260220_00_09_54_Pro.jpg,Fist
D:\Downloadf\gestures_resized\gestures\03_fist\WIN_20260220_00_10_09_Pro.jpg,Fist
D:\Downloadf\gestures_resized\gestures\10_down\frame_00_10_0092.png,Palm
D:\Downloadf\gestures_resized\gestures\01_palm\frame_00_01_0111.png,Palm
D:\Downloadf\gestures_resized\gestures\04_fist_moved\frame_09_04_0018.png,Fist
D:\Downloadf\gestures_resized\gestures\08_palm_moved\frame_08_08_0200.png,Palm
D:\Downloadf\gestures_resized\gestures\10_down\frame_05_10_0028.png,Palm
D:\Downloadf\gestures_resized\gestures\08_palm_moved\WIN_20260217_18_33_15_Pro.jpg,Palm
D:\Downloadf\gestures_resized\gestures\01_palm\frame_08_01_0041.png,Palm
D:\Downloadf\gestures_resized\gestures\10_down\WIN_20260217_20_31_39_Pro (2).jpg,Palm
D:\Downloadf\gestures_resized\gestures\08_palm_moved\frame_07_08_0006.png,Palm
D:\Downloadf\gestures_resized\gestures\01_palm\WIN_20260217_17_19_25_Pro.jpg,Palm
D:\Downloadf\gestures_resized\gestures\03_fist\WIN_20260217_22_04_42_Pro (2).jpg,Fist
D:\Downloadf\gestures_resized\gestures\01_palm\WIN_20260217_21_27_30_Pro (3).jpg,Palm
D:\Downloadf\gestures_resized\gestures\01_palm\frame_05_01_0138.png,Palm
D:\Downloadf\gestures_resized\gestures\08_palm_moved\frame_04_08_0153.png,Palm
D:\Downloadf\gestures_resized\gestures\10_down\frame_02_10_0031.png,Palm
D:\Downloadf\gestures_resized\gestures\04_fist_moved\WIN_20260217_22_21_45_Pro (3).jpg,Fist
D:\Downloadf\gestures_resized\gestures\10_down\frame_05_10_0137.png,Palm
D:\Downloadf\gestures_resized\gestures\01_palm\frame_01_01_0014.png,Palm
D:\Downloadf\gestures_resized\gestures\03_fist\WIN_20260217_22_10_59_Pro.jpg,Fist
D:\Downloadf\gestures_resized\gestures\03_fist\frame_02_03_0136.png,Fist
D:\Downloadf\gestures_resized\gestures\03_fist\WIN_20260217_22_10_41_Pro (5).jpg,Fist
D:\Downloadf\gestures_resized\gestures\01_palm\frame_00_01_0100.png,Palm
D:\Downloadf\gestures_resized\gestures\10_down\frame_03_10_0155.png,Palm
D:\Downloadf\gestures_resized\gestures\04_fist_moved\WIN_20260217_20_44_50_Pro.jpg,Fist
D:\Downloadf\gestures_resized\gestures\08_palm_moved\frame_09_08_0115.png,Palm
D:\Downloadf\gestures_resized\gestures\03_fist\frame_02_03_0154.png,Fist
D:\Downloadf\gestures_resized\gestures\08_palm_moved\frame_01_08_0048.png,Palm
D:\Downloadf\gestures_resized\gestures\03_fist\WIN_20260217_22_10_39_Pro (2).jpg,Fist
D:\Downloadf\gestures_resized\gestures\01_palm\WIN_20260220_00_04_30_Pro.jpg,Palm
D:\Downloadf\gestures_resized\gestures\03_fist\frame_06_03_0140.png,Fist
D:\Downloadf\gestures_resized\gestures\03_fist\frame_08_03_0155.png,Fist
D:\Downloadf\gestures_resized\gestures\10_down\frame_07_10_0143.png,Palm
D:\Downloadf\gestures_resized\gestures\01_palm\WIN_20260217_17_31_17_Pro.jpg,Palm
D:\Downloadf\gestures_resized\gestures\03_fist\frame_07_03_0007.png,Fist
D:\Downloadf\gestures_resized\gestures\10_down\frame_07_10_0041.png,Palm
D:\Downloadf\gestures_resized\gestures\01_palm\frame_01_01_0002.png,Palm
D:\Downloadf\gestures_resized\gestures\01_palm\frame_08_01_0034.png,Palm
D:\Downloadf\gestures_resized\gestures\01_palm\frame_00_01_0040.png,Palm
D:\Downloadf\gestures_resized\gestures\10_down\frame_02_10_0023.png,Palm
D:\Downloadf\gestures_resized\gestures\10_down\frame_00_10_0099.png,Palm
D:\Downloadf\gestures_resized\gestures\01_palm\frame_04_01_0111.png,Palm
D:\Downloadf\gestures_resized\gestures\10_down\frame_00_10_0186.png,Palm
D:\Downloadf\gestures_resized\gestures\03_fist\frame_01_03_0075.png,Fist
D:\Downloadf\gestures_resized\gestures\01_palm\WIN_20260217_21_27_33_Pro (2).jpg,Palm
D:\Downloadf\gestures_resized\gestures\08_palm_moved\frame_03_08_0031.png,Palm
D:\Downloadf\gestures_resized\gestures\08_palm_moved\WIN_20260217_20_20_31_Pro (2).jpg,Palm
D:\Downloadf\gestures_resized\gestures\08_palm_moved\WIN_20260217_18_35_50_Pro (3).jpg,Palm
D:\Downloadf\gestures_resized\gestures\03_fist\Right\frame_09_03_0118.png,Fist
D:\Downloadf\gestures_resized\gestures\03_fist\frame_01_03_0128.png,Fist
D:\Downloadf\gestures_resized\gestures\03_fist\WIN_20260220_00_09_52_Pro.jpg,Fist
D:\Downloadf\gestures_resized\gestures\02_closeup_fist\WIN_20260220_19_16_48_Pro.jpg,Fist
D:\Downloadf\gestures_resized\gestures\04_fist_moved\frame_05_04_0177.png,Fist
D:\Downloadf\gestures_resized\gestures\03_fist\frame_07_03_0159.png,Fist
D:\Downloadf\gestures_resized\gestures\04_fist_moved\frame_09_04_0005.png,Fist
D:\Downloadf\gestures_resized\gestures\02_closeup_fist\WIN_20260220_19_15_43_Pro.jpg,Fist
D:\Downloadf\gestures_resized\gestures\03_fist\frame_01_03_0183.png,Fist
D:\Downloadf\gestures_resized\gestures\02_closeup_fist\WIN_20260220_19_15_01_Pro.jpg,Fist
D:\Downloadf\gestures_resized\gestures\01_palm\frame_02_01_0170.png,Palm
D:\Downloadf\gestures_resized\gestures\01_palm\frame_08_01_0157.png,Palm
D:\Downloadf\gestures_resized\gestures\03_fist\frame_06_03_0133.png,Fist
D:\Downloadf\gestures_resized\gestures\01_palm\frame_03_01_0067.png,Palm
D:\Downloadf\gestures_resized\gestures\03_fist\frame_01_03_0073.png,Fist
D:\Downloadf\gestures_resized\gestures\04_fist_moved\frame_08_04_0167.png,Fist
D:\Downloadf\gestures_resized\gestures\01_palm\WIN_20260217_20_01_39_Pro.jpg,Palm
D:\Downloadf\gestures_resized\gestures\03_fist\WIN_20260220_00_10_10_Pro (2).jpg,Fist
D:\Downloadf\gestures_resized\gestures\01_palm\WIN_20260217_17_23_06_Pro.jpg,Palm
D:\Downloadf\gestures_resized\gestures\10_down\frame_01_10_0034.png,Palm
D:\Downloadf\gestures_resized\gestures\03_fist\frame_07_03_0053.png,Fist
D:\Downloadf\gestures_resized\gestures\04_fist_moved\frame_05_04_0189.png,Fist
D:\Downloadf\gestures_resized\gestures\03_fist\frame_07_03_0198.png,Fist
D:\Downloadf\gestures_resized\gestures\08_palm_moved\WIN_20260217_22_18_17_Pro.jpg,Palm
D:\Downloadf\gestures_resized\gestures\10_down\frame_00_10_0064.png,Palm
D:\Downloadf\gestures_resized\gestures\03_fist\frame_05_03_0093.png,Fist
D:\Downloadf\gestures_resized\gestures\03_fist\WIN_20260217_22_05_05_Pro (5).jpg,Fist
D:\Downloadf\gestures_resized\gestures\03_fist\frame_07_03_0072.png,Fist
D:\Downloadf\gestures_resized\gestures\03_fist\WIN_20260217_18_03_00_Pro.jpg,Fist
D:\Downloadf\gestures_resized\gestures\03_fist\WIN_20260217_22_05_00_Pro.jpg,Fist
D:\Downloadf\gestures_resized\gestures\03_fist\frame_04_03_0067.png,Fist
D:\Downloadf\gestures_resized\gestures\04_fist_moved\WIN_20260217_18_23_34_Pro.jpg,Fist
D:\Downloadf\gestures_resized\gestures\01_palm\frame_07_01_0010.png,Palm
D:\Downloadf\gestures_resized\gestures\03_fist\frame_09_03_0007.png,Fist
D:\Downloadf\gestures_resized\gestures\03_fist\WIN_20260217_18_02_58_Pro (2).jpg,Fist
D:\Downloadf\gestures_resized\gestures\01_palm\WIN_20260220_00_04_58_Pro.jpg,Palm
D:\Downloadf\gestures_resized\gestures\03_fist\WIN_20260217_18_15_28_Pro (2).jpg,Fist
D:\Downloadf\gestures_resized\gestures\01_palm\frame_07_01_0175.png,Palm
D:\Downloadf\gestures_resized\gestures\03_fist\WIN_20260217_18_02_57_Pro.jpg,Fist
D:\Downloadf\gestures_resized\gestures\03_fist\frame_06_03_0132.png,Fist
D:\Downloadf\gestures_resized\gestures\08_palm_moved\frame_05_08_0183.png,Palm
D:\Downloadf\gestures_resized\gestures\10_down\frame_03_10_0163.png,Palm
D:\Downloadf\gestures_resized\gestures\03_fist\WIN_20260217_20_36_37_Pro.jpg,Fist
D:\Downloadf\gestures_resized\gestures\08_palm_moved\WIN_20260217_20_20_30_Pro.jpg,Palm
D:\Downloadf\gestures_resized\gestures\01_palm\frame_00_01_0099.png,Palm
D:\Downloadf\gestures_resized\gestures\03_fist\frame_05_03_0117.png,Fist
D:\Downloadf\gestures_resized\gestures\08_palm_moved\frame_02_08_0007.png,Palm
D:\Downloadf\gestures_resized\gestures\08_palm_moved\frame_02_08_0114.png,Palm
D:\Downloadf\gestures_resized\gestures\03_fist\frame_09_03_0088.png,Fist
D:\Downloadf\gestures_resized\gestures\10_down\frame_02_10_0187.png,Palm
D:\Downloadf\gestures_resized\gestures\02_closeup_fist\WIN_20260220_19_17_08_Pro (2).jpg,Fist
D:\Downloadf\gestures_resized\gestures\03_fist\Right\frame_09_03_0027.png,Fist
D:\Downloadf\gestures_resized\gestures\01_palm\frame_03_01_0066.png,Palm
D:\Downloadf\gestures_resized\gestures\03_fist\WIN_20260220_00_07_11_Pro.jpg,Fist
D:\Downloadf\gestures_resized\gestures\03_fist\WIN_20260217_20_35_07_Pro.jpg,Fist
D:\Downloadf\gestures_resized\gestures\03_fist\WIN_20260220_00_09_08_Pro (3).jpg,Fist
D:\Downloadf\gestures_resized\gestures\03_fist\frame_01_03_0086.png,Fist
D:\Downloadf\gestures_resized\gestures\10_down\frame_04_10_0173.png,Palm
D:\Downloadf\gestures_resized\gestures\04_fist_moved\frame_03_04_0160.png,Fist
D:\Downloadf\gestures_resized\gestures\02_closeup_fist\WIN_20260220_19_16_10_Pro.jpg,Fist
D:\Downloadf\gestures_resized\gestures\10_down\frame_02_10_0030.png,Palm
D:\Downloadf\gestures_resized\gestures\03_fist\WIN_20260217_22_11_00_Pro.jpg,Fist
D:\Downloadf\gestures_resized\gestures\03_fist\frame_04_03_0099.png,Fist
D:\Downloadf\gestures_resized\gestures\01_palm\WIN_20260220_00_04_16_Pro (2).jpg,Palm
D:\Downloadf\gestures_resized\gestures\08_palm_moved\frame_09_08_0123.png,Palm
D:\Downloadf\gestures_resized\gestures\03_fist\frame_03_03_0091.png,Fist
D:\Downloadf\gestures_resized\gestures\03_fist\Right\frame_09_03_0183.png,Fist
D:\Downloadf\gestures_resized\gestures\02_closeup_fist\WIN_20260220_19_16_07_Pro.jpg,Fist
D:\Downloadf\gestures_resized\gestures\01_palm\WIN_20260217_17_31_16_Pro.jpg,Palm
D:\Downloadf\gestures_resized\gestures\03_fist\frame_05_03_0143.png,Fist
D:\Downloadf\gestures_resized\gestures\04_fist_moved\frame_01_04_0167.png,Fist
D:\Downloadf\gestures_resized\gestures\01_palm\WIN_20260220_00_04_48_Pro (2).jpg,Palm
D:\Downloadf\gestures_resized\gestures\01_palm\frame_05_01_0194.png,Palm
D:\Downloadf\gestures_resized\gestures\03_fist\WIN_20260217_20_36_40_Pro.jpg,Fist
D:\Downloadf\gestures_resized\gestures\08_palm_moved\frame_04_08_0031.png,Palm
D:\Downloadf\gestures_resized\gestures\01_palm\frame_06_01_0194.png,Palm
D:\Downloadf\gestures_resized\gestures\01_palm\WIN_20260220_00_02_41_Pro.jpg,Palm
D:\Downloadf\gestures_resized\gestures\08_palm_moved\frame_08_08_0019.png,Palm
D:\Downloadf\gestures_resized\gestures\01_palm\WIN_20260217_20_08_40_Pro.jpg,Palm
D:\Downloadf\gestures_resized\gestures\02_closeup_fist\WIN_20260220_19_17_04_Pro.jpg,Fist
D:\Downloadf\gestures_resized\gestures\04_fist_moved\frame_03_04_0047.png,Fist
D:\Downloadf\gestures_resized\gestures\03_fist\frame_04_03_0166.png,Fist
D:\Downloadf\gestures_resized\gestures\03_fist\frame_05_03_0061.png,Fist
D:\Downloadf\gestures_resized\gestures\08_palm_moved\frame_07_08_0176.png,Palm
D:\Downloadf\gestures_resized\gestures\01_palm\frame_05_01_0030.png,Palm
D:\Downloadf\gestures_resized\gestures\04_fist_moved\frame_07_04_0001.png,Fist
D:\Downloadf\gestures_resized\gestures\10_down\frame_02_10_0195.png,Palm
D:\Downloadf\gestures_resized\gestures\01_palm\WIN_20260220_00_02_45_Pro (2).jpg,Palm
D:\Downloadf\gestures_resized\gestures\04_fist_moved\WIN_20260217_22_23_41_Pro.jpg,Fist
D:\Downloadf\gestures_resized\gestures\08_palm_moved\frame_04_08_0198.png,Palm
D:\Downloadf\gestures_resized\gestures\01_palm\WIN_20260220_00_05_18_Pro.jpg,Palm
D:\Downloadf\gestures_resized\gestures\01_palm\frame_08_01_0197.png,Palm
D:\Downloadf\gestures_resized\gestures\08_palm_moved\WIN_20260217_22_18_25_Pro (4).jpg,Palm
D:\Downloadf\gestures_resized\gestures\10_down\frame_01_10_0006.png,Palm
D:\Downloadf\gestures_resized\gestures\03_fist\WIN_20260217_20_35_32_Pro.jpg,Fist
D:\Downloadf\gestures_resized\gestures\02_closeup_fist\WIN_20260220_19_15_51_Pro.jpg,Fist
D:\Downloadf\gestures_resized\gestures\04_fist_moved\frame_05_04_0056.png,Fist
D:\Downloadf\gestures_resized\gestures\03_fist\frame_06_03_0001.png,Fist
D:\Downloadf\gestures_resized\gestures\08_palm_moved\frame_06_08_0177.png,Palm
D:\Downloadf\gestures_resized\gestures\03_fist\frame_06_03_0021.png,Fist
D:\Downloadf\gestures_resized\gestures\01_palm\WIN_20260217_21_27_26_Pro.jpg,Palm
D:\Downloadf\gestures_resized\gestures\03_fist\WIN_20260217_18_15_20_Pro.jpg,Fist
D:\Downloadf\gestures_resized\gestures\03_fist\frame_07_03_0117.png,Fist
D:\Downloadf\gestures_resized\gestures\01_palm\frame_01_01_0006.png,Palm
D:\Downloadf\gestures_resized\gestures\08_palm_moved\frame_06_08_0012.png,Palm
D:\Downloadf\gestures_resized\gestures\01_palm\frame_08_01_0044.png,Palm
D:\Downloadf\gestures_resized\gestures\08_palm_moved\frame_02_08_0038.png,Palm
D:\Downloadf\gestures_resized\gestures\01_palm\frame_08_01_0162.png,Palm
D:\Downloadf\gestures_resized\gestures\04_fist_moved\frame_00_04_0052.png,Fist
D:\Downloadf\gestures_resized\gestures\10_down\frame_02_10_0075.png,Palm
D:\Downloadf\gestures_resized\gestures\10_down\WIN_20260217_18_18_27_Pro (2).jpg,Palm
D:\Downloadf\gestures_resized\gestures\01_palm\WIN_20260220_00_02_31_Pro.jpg,Palm
D:\Downloadf\gestures_resized\gestures\01_palm\frame_00_01_0081.png,Palm
D:\Downloadf\gestures_resized\gestures\03_fist\frame_07_03_0075.png,Fist
D:\Downloadf\gestures_resized\gestures\10_down\frame_08_10_0049.png,Palm
D:\Downloadf\gestures_resized\gestures\04_fist_moved\frame_05_04_0015.png,Fist
D:\Downloadf\gestures_resized\gestures\04_fist_moved\frame_08_04_0052.png,Fist
D:\Downloadf\gestures_resized\gestures\10_down\frame_03_10_0157.png,Palm
D:\Downloadf\gestures_resized\gestures\03_fist\frame_09_03_0035.png,Fist
D:\Downloadf\gestures_resized\gestures\03_fist\WIN_20260217_19_14_55_Pro (3).jpg,Fist
D:\Downloadf\gestures_resized\gestures\10_down\frame_06_10_0199.png,Palm
D:\Downloadf\gestures_resized\gestures\10_down\WIN_20260217_18_19_41_Pro (2).jpg,Palm
D:\Downloadf\gestures_resized\gestures\03_fist\frame_06_03_0012.png,Fist
D:\Downloadf\gestures_resized\gestures\01_palm\frame_01_01_0030.png,Palm
D:\Downloadf\gestures_resized\gestures\01_palm\frame_08_01_0159.png,Palm
D:\Downloadf\gestures_resized\gestures\04_fist_moved\frame_00_04_0141.png,Fist
D:\Downloadf\gestures_resized\gestures\01_palm\WIN_20260220_00_01_53_Pro (2).jpg,Palm
D:\Downloadf\gestures_resized\gestures\08_palm_moved\frame_05_08_0026.png,Palm
D:\Downloadf\gestures_resized\gestures\10_down\frame_04_10_0159.png,Palm
D:\Downloadf\gestures_resized\gestures\03_fist\frame_06_03_0099.png,Fist
D:\Downloadf\gestures_resized\gestures\10_down\WIN_20260217_20_30_01_Pro.jpg,Palm
D:\Downloadf\gestures_resized\gestures\08_palm_moved\frame_08_08_0036.png,Palm
D:\Downloadf\gestures_resized\gestures\03_fist\frame_04_03_0053.png,Fist
D:\Downloadf\gestures_resized\gestures\01_palm\frame_00_01_0101.png,Palm
D:\Downloadf\gestures_resized\gestures\03_fist\frame_05_03_0036.png,Fist
D:\Downloadf\gestures_resized\gestures\04_fist_moved\frame_00_04_0032.png,Fist
D:\Downloadf\gestures_resized\gestures\03_fist\WIN_20260217_19_13_51_Pro (2).jpg,Fist
D:\Downloadf\gestures_resized\gestures\03_fist\Right\frame_09_03_0194.png,Fist
D:\Downloadf\gestures_resized\gestures\03_fist\frame_00_03_0170.png,Fist
D:\Downloadf\gestures_resized\gestures\01_palm\frame_07_01_0198.png,Palm
D:\Downloadf\gestures_resized\gestures\03_fist\frame_02_03_0167.png,Fist
D:\Downloadf\gestures_resized\gestures\04_fist_moved\WIN_20260217_20_46_30_Pro.jpg,Fist
D:\Downloadf\gestures_resized\gestures\01_palm\WIN_20260217_21_52_26_Pro (5).jpg,Palm
D:\Downloadf\gestures_resized\gestures\01_palm\WIN_20260217_21_52_22_Pro (3).jpg,Palm
D:\Downloadf\gestures_resized\gestures\10_down\frame_02_10_0194.png,Palm
D:\Downloadf\gestures_resized\gestures\01_palm\frame_07_01_0145.png,Palm
D:\Downloadf\gestures_resized\gestures\01_palm\WIN_20260217_21_52_29_Pro (3).jpg,Palm
D:\Downloadf\gestures_resized\gestures\01_palm\frame_08_01_0171.png,Palm
D:\Downloadf\gestures_resized\gestures\10_down\frame_03_10_0108.png,Palm
D:\Downloadf\gestures_resized\gestures\04_fist_moved\frame_08_04_0027.png,Fist
D:\Downloadf\gestures_resized\gestures\03_fist\WIN_20260217_19_13_42_Pro (3).jpg,Fist
D:\Downloadf\gestures_resized\gestures\02_closeup_fist\WIN_20260220_19_14_54_Pro.jpg,Fist
D:\Downloadf\gestures_resized\gestures\01_palm\WIN_20260220_00_02_49_Pro.jpg,Palm
D:\Downloadf\gestures_resized\gestures\04_fist_moved\frame_03_04_0058.png,Fist
D:\Downloadf\gestures_resized\gestures\01_palm\WIN_20260217_20_01_48_Pro.jpg,Palm
D:\Downloadf\gestures_resized\gestures\04_fist_moved\frame_09_04_0080.png,Fist
D:\Downloadf\gestures_resized\gestures\03_fist\frame_03_03_0051.png,Fist
D:\Downloadf\gestures_resized\gestures\03_fist\WIN_20260217_22_05_00_Pro (4).jpg,Fist
D:\Downloadf\gestures_resized\gestures\10_down\frame_01_10_0043.png,Palm
D:\Downloadf\gestures_resized\gestures\08_palm_moved\frame_07_08_0057.png,Palm
D:\Downloadf\gestures_resized\gestures\03_fist\WIN_20260217_22_04_47_Pro (3).jpg,Fist
D:\Downloadf\gestures_resized\gestures\03_fist\WIN_20260217_22_10_53_Pro (5).jpg,Fist
D:\Downloadf\gestures_resized\gestures\10_down\frame_09_10_0025.png,Palm
D:\Downloadf\gestures_resized\gestures\10_down\frame_04_10_0184.png,Palm
D:\Downloadf\gestures_resized\gestures\03_fist\WIN_20260220_00_09_28_Pro (2).jpg,Fist
D:\Downloadf\gestures_resized\gestures\04_fist_moved\frame_00_04_0015.png,Fist
D:\Downloadf\gestures_resized\gestures\04_fist_moved\frame_08_04_0013.png,Fist
D:\Downloadf\gestures_resized\gestures\01_palm\WIN_20260217_21_52_18_Pro (4).jpg,Palm
D:\Downloadf\gestures_resized\gestures\01_palm\frame_07_01_0193.png,Palm
D:\Downloadf\gestures_resized\gestures\01_palm\frame_09_01_0168.png,Palm
D:\Downloadf\gestures_resized\gestures\04_fist_moved\frame_02_04_0175.png,Fist
D:\Downloadf\gestures_resized\gestures\08_palm_moved\frame_09_08_0003.png,Palm
D:\Downloadf\gestures_resized\gestures\04_fist_moved\WIN_20260217_20_45_23_Pro.jpg,Fist
D:\Downloadf\gestures_resized\gestures\03_fist\WIN_20260217_19_14_51_Pro (2).jpg,Fist
D:\Downloadf\gestures_resized\gestures\03_fist\Right\frame_09_03_0184.png,Fist
D:\Downloadf\gestures_resized\gestures\10_down\frame_01_10_0028.png,Palm
D:\Downloadf\gestures_resized\gestures\01_palm\frame_02_01_0091.png,Palm
D:\Downloadf\gestures_resized\gestures\08_palm_moved\WIN_20260217_18_33_17_Pro (3).jpg,Palm
D:\Downloadf\gestures_resized\gestures\04_fist_moved\frame_07_04_0164.png,Fist
D:\Downloadf\gestures_resized\gestures\04_fist_moved\frame_09_04_0007.png,Fist
D:\Downloadf\gestures_resized\gestures\08_palm_moved\WIN_20260217_18_35_08_Pro (2).jpg,Palm
D:\Downloadf\gestures_resized\gestures\10_down\frame_00_10_0079.png,Palm
D:\Downloadf\gestures_resized\gestures\03_fist\WIN_20260217_22_05_02_Pro (2).jpg,Fist
D:\Downloadf\gestures_resized\gestures\03_fist\frame_07_03_0040.png,Fist
D:\Downloadf\gestures_resized\gestures\04_fist_moved\frame_07_04_0009.png,Fist
D:\Downloadf\gestures_resized\gestures\08_palm_moved\frame_02_08_0042.png,Palm
D:\Downloadf\gestures_resized\gestures\10_down\frame_09_10_0193.png,Palm
D:\Downloadf\gestures_resized\gestures\01_palm\frame_03_01_0020.png,Palm
D:\Downloadf\gestures_resized\gestures\01_palm\WIN_20260217_20_01_21_Pro.jpg,Palm
D:\Downloadf\gestures_resized\gestures\01_palm\WIN_20260217_21_27_28_Pro.jpg,Palm
D:\Downloadf\gestures_resized\gestures\04_fist_moved\WIN_20260217_22_23_36_Pro.jpg,Fist
D:\Downloadf\gestures_resized\gestures\08_palm_moved\frame_06_08_0064.png,Palm
D:\Downloadf\gestures_resized\gestures\01_palm\WIN_20260217_21_27_26_Pro (3).jpg,Palm
D:\Downloadf\gestures_resized\gestures\03_fist\frame_04_03_0081.png,Fist
D:\Downloadf\gestures_resized\gestures\03_fist\frame_08_03_0096.png,Fist
D:\Downloadf\gestures_resized\gestures\04_fist_moved\frame_08_04_0041.png,Fist
D:\Downloadf\gestures_resized\gestures\01_palm\WIN_20260217_21_52_04_Pro (4).jpg,Palm
D:\Downloadf\gestures_resized\gestures\01_palm\frame_06_01_0054.png,Palm
D:\Downloadf\gestures_resized\gestures\03_fist\frame_04_03_0108.png,Fist
D:\Downloadf\gestures_resized\gestures\03_fist\WIN_20260217_22_11_02_Pro (6).jpg,Fist
D:\Downloadf\gestures_resized\gestures\03_fist\WIN_20260217_18_15_35_Pro (2).jpg,Fist
D:\Downloadf\gestures_resized\gestures\03_fist\frame_04_03_0169.png,Fist
D:\Downloadf\gestures_resized\gestures\08_palm_moved\frame_01_08_0174.png,Palm
D:\Downloadf\gestures_resized\gestures\03_fist\frame_08_03_0007.png,Fist
D:\Downloadf\gestures_resized\gestures\04_fist_moved\WIN_20260217_18_25_09_Pro (2).jpg,Fist
D:\Downloadf\gestures_resized\gestures\04_fist_moved\WIN_20260217_20_44_01_Pro.jpg,Fist
D:\Downloadf\gestures_resized\gestures\08_palm_moved\frame_08_08_0035.png,Palm
D:\Downloadf\gestures_resized\gestures\01_palm\frame_07_01_0008.png,Palm
D:\Downloadf\gestures_resized\gestures\01_palm\WIN_20260217_17_24_59_Pro.jpg,Palm
D:\Downloadf\gestures_resized\gestures\01_palm\frame_02_01_0016.png,Palm
D:\Downloadf\gestures_resized\gestures\03_fist\frame_01_03_0067.png,Fist
D:\Downloadf\gestures_resized\gestures\01_palm\frame_06_01_0013.png,Palm
D:\Downloadf\gestures_resized\gestures\01_palm\frame_06_01_0064.png,Palm
D:\Downloadf\gestures_resized\gestures\03_fist\WIN_20260217_19_13_47_Pro.jpg,Fist
D:\Downloadf\gestures_resized\gestures\04_fist_moved\WIN_20260217_22_23_36_Pro (3).jpg,Fist
D:\Downloadf\gestures_resized\gestures\03_fist\WIN_20260217_20_35_48_Pro.jpg,Fist
D:\Downloadf\gestures_resized\gestures\10_down\frame_06_10_0070.png,Palm
D:\Downloadf\gestures_resized\gestures\03_fist\WIN_20260217_18_15_32_Pro.jpg,Fist
D:\Downloadf\gestures_resized\gestures\03_fist\WIN_20260220_00_09_50_Pro (2).jpg,Fist
D:\Downloadf\gestures_resized\gestures\03_fist\frame_03_03_0149.png,Fist
D:\Downloadf\gestures_resized\gestures\03_fist\Right\frame_09_03_0083.png,Fist
D:\Downloadf\gestures_resized\gestures\03_fist\WIN_20260217_19_13_45_Pro (3).jpg,Fist
D:\Downloadf\gestures_resized\gestures\10_down\frame_09_10_0010.png,Palm
D:\Downloadf\gestures_resized\gestures\03_fist\frame_08_03_0197.png,Fist
D:\Downloadf\gestures_resized\gestures\01_palm\frame_04_01_0117.png,Palm
D:\Downloadf\gestures_resized\gestures\03_fist\WIN_20260217_19_14_45_Pro.jpg,Fist
D:\Downloadf\gestures_resized\gestures\03_fist\frame_05_03_0080.png,Fist
D:\Downloadf\gestures_resized\gestures\03_fist\frame_03_03_0106.png,Fist
D:\Downloadf\gestures_resized\gestures\10_down\frame_04_10_0156.png,Palm
D:\Downloadf\gestures_resized\gestures\01_palm\WIN_20260217_17_30_51_Pro.jpg,Palm
D:\Downloadf\gestures_resized\gestures\01_palm\frame_02_01_0173.png,Palm
D:\Downloadf\gestures_resized\gestures\04_fist_moved\frame_06_04_0034.png,Fist
D:\Downloadf\gestures_resized\gestures\08_palm_moved\WIN_20260217_22_14_29_Pro.jpg,Palm
D:\Downloadf\gestures_resized\gestures\03_fist\WIN_20260217_22_04_39_Pro (3).jpg,Fist
D:\Downloadf\gestures_resized\gestures\01_palm\frame_04_01_0004.png,Palm
D:\Downloadf\gestures_resized\gestures\01_palm\frame_07_01_0057.png,Palm
D:\Downloadf\gestures_resized\gestures\04_fist_moved\frame_09_04_0026.png,Fist
D:\Downloadf\gestures_resized\gestures\01_palm\WIN_20260220_00_02_35_Pro.jpg,Palm
D:\Downloadf\gestures_resized\gestures\03_fist\frame_02_03_0069.png,Fist
D:\Downloadf\gestures_resized\gestures\10_down\frame_01_10_0175.png,Palm
D:\Downloadf\gestures_resized\gestures\01_palm\frame_00_01_0004.png,Palm
D:\Downloadf\gestures_resized\gestures\08_palm_moved\WIN_20260217_22_14_37_Pro (2).jpg,Palm
D:\Downloadf\gestures_resized\gestures\10_down\frame_00_10_0058.png,Palm
D:\Downloadf\gestures_resized\gestures\03_fist\Right\frame_09_03_0104.png,Fist
D:\Downloadf\gestures_resized\gestures\08_palm_moved\frame_00_08_0068.png,Palm
D:\Downloadf\gestures_resized\gestures\08_palm_moved\frame_09_08_0098.png,Palm
D:\Downloadf\gestures_resized\gestures\08_palm_moved\WIN_20260217_18_35_55_Pro.jpg,Palm
D:\Downloadf\gestures_resized\gestures\04_fist_moved\WIN_20260217_22_21_38_Pro (2).jpg,Fist
D:\Downloadf\gestures_resized\gestures\10_down\frame_02_10_0199.png,Palm
D:\Downloadf\gestures_resized\gestures\04_fist_moved\WIN_20260217_20_46_29_Pro.jpg,Fist
D:\Downloadf\gestures_resized\gestures\03_fist\frame_07_03_0041.png,Fist
D:\Downloadf\gestures_resized\gestures\10_down\frame_07_10_0036.png,Palm
D:\Downloadf\gestures_resized\gestures\10_down\frame_06_10_0189.png,Palm
D:\Downloadf\gestures_resized\gestures\01_palm\WIN_20260220_00_03_52_Pro (2).jpg,Palm
D:\Downloadf\gestures_resized\gestures\08_palm_moved\frame_04_08_0168.png,Palm
D:\Downloadf\gestures_resized\gestures\01_palm\frame_03_01_0157.png,Palm
D:\Downloadf\gestures_resized\gestures\04_fist_moved\WIN_20260217_22_21_54_Pro (3).jpg,Fist
D:\Downloadf\gestures_resized\gestures\10_down\WIN_20260217_18_18_28_Pro.jpg,Palm
D:\Downloadf\gestures_resized\gestures\04_fist_moved\frame_04_04_0079.png,Fist
D:\Downloadf\gestures_resized\gestures\03_fist\frame_08_03_0097.png,Fist
D:\Downloadf\gestures_resized\gestures\01_palm\frame_06_01_0196.png,Palm
D:\Downloadf\gestures_resized\gestures\01_palm\WIN_20260220_00_03_29_Pro (2).jpg,Palm
D:\Downloadf\gestures_resized\gestures\01_palm\WIN_20260220_00_03_46_Pro.jpg,Palm
D:\Downloadf\gestures_resized\gestures\03_fist\WIN_20260220_00_09_02_Pro.jpg,Fist
D:\Downloadf\gestures_resized\gestures\04_fist_moved\frame_05_04_0127.png,Fist
D:\Downloadf\gestures_resized\gestures\02_closeup_fist\WIN_20260220_19_15_49_Pro (2).jpg,Fist
D:\Downloadf\gestures_resized\gestures\08_palm_moved\frame_08_08_0168.png,Palm
D:\Downloadf\gestures_resized\gestures\03_fist\WIN_20260217_18_15_17_Pro.jpg,Fist
D:\Downloadf\gestures_resized\gestures\01_palm\WIN_20260220_00_01_20_Pro.jpg,Palm
D:\Downloadf\gestures_resized\gestures\03_fist\frame_07_03_0037.png,Fist
D:\Downloadf\gestures_resized\gestures\03_fist\WIN_20260220_00_09_10_Pro.jpg,Fist
D:\Downloadf\gestures_resized\gestures\01_palm\WIN_20260220_00_04_04_Pro (2).jpg,Palm
D:\Downloadf\gestures_resized\gestures\03_fist\frame_05_03_0179.png,Fist
D:\Downloadf\gestures_resized\gestures\03_fist\frame_00_03_0160.png,Fist
D:\Downloadf\gestures_resized\gestures\01_palm\WIN_20260217_21_52_30_Pro (2).jpg,Palm
D:\Downloadf\gestures_resized\gestures\10_down\frame_06_10_0185.png,Palm
D:\Downloadf\gestures_resized\gestures\03_fist\frame_04_03_0047.png,Fist
D:\Downloadf\gestures_resized\gestures\03_fist\WIN_20260217_20_38_07_Pro.jpg,Fist
D:\Downloadf\gestures_resized\gestures\03_fist\frame_04_03_0151.png,Fist
D:\Downloadf\gestures_resized\gestures\03_fist\frame_05_03_0021.png,Fist
D:\Downloadf\gestures_resized\gestures\08_palm_moved\frame_09_08_0107.png,Palm
D:\Downloadf\gestures_resized\gestures\08_palm_moved\WIN_20260217_20_19_05_Pro.jpg,Palm
D:\Downloadf\gestures_resized\gestures\01_palm\frame_04_01_0126.png,Palm
D:\Downloadf\gestures_resized\gestures\08_palm_moved\frame_00_08_0057.png,Palm
D:\Downloadf\gestures_resized\gestures\03_fist\WIN_20260217_20_38_17_Pro.jpg,Fist
D:\Downloadf\gestures_resized\gestures\01_palm\WIN_20260220_00_01_28_Pro (2).jpg,Palm
D:\Downloadf\gestures_resized\gestures\03_fist\frame_09_03_0103.png,Fist
D:\Downloadf\gestures_resized\gestures\01_palm\frame_02_01_0010.png,Palm
D:\Downloadf\gestures_resized\gestures\03_fist\frame_04_03_0051.png,Fist
D:\Downloadf\gestures_resized\gestures\01_palm\WIN_20260217_17_16_30_Pro.jpg,Palm
D:\Downloadf\gestures_resized\gestures\03_fist\frame_04_03_0142.png,Fist
D:\Downloadf\gestures_resized\gestures\04_fist_moved\frame_09_04_0083.png,Fist
D:\Downloadf\gestures_resized\gestures\10_down\frame_01_10_0164.png,Palm
D:\Downloadf\gestures_resized\gestures\02_closeup_fist\WIN_20260220_19_16_41_Pro.jpg,Fist
D:\Downloadf\gestures_resized\gestures\08_palm_moved\frame_05_08_0004.png,Palm
D:\Downloadf\gestures_resized\gestures\03_fist\WIN_20260217_22_05_00_Pro (5).jpg,Fist
D:\Downloadf\gestures_resized\gestures\03_fist\frame_03_03_0101.png,Fist
D:\Downloadf\gestures_resized\gestures\01_palm\frame_06_01_0173.png,Palm
D:\Downloadf\gestures_resized\gestures\08_palm_moved\frame_03_08_0049.png,Palm
D:\Downloadf\gestures_resized\gestures\03_fist\frame_05_03_0018.png,Fist
D:\Downloadf\gestures_resized\gestures\10_down\frame_01_10_0187.png,Palm
D:\Downloadf\gestures_resized\gestures\03_fist\WIN_20260217_20_38_18_Pro.jpg,Fist
D:\Downloadf\gestures_resized\gestures\04_fist_moved\WIN_20260217_18_25_15_Pro (2).jpg,Fist
D:\Downloadf\gestures_resized\gestures\08_palm_moved\frame_05_08_0006.png,Palm
D:\Downloadf\gestures_resized\gestures\10_down\frame_09_10_0005.png,Palm
D:\Downloadf\gestures_resized\gestures\03_fist\frame_07_03_0146.png,Fist
D:\Downloadf\gestures_resized\gestures\03_fist\WIN_20260220_00_09_29_Pro (2).jpg,Fist
D:\Downloadf\gestures_resized\gestures\10_down\WIN_20260217_18_19_59_Pro (3).jpg,Palm
D:\Downloadf\gestures_resized\gestures\03_fist\WIN_20260217_22_04_50_Pro (2).jpg,Fist
D:\Downloadf\gestures_resized\gestures\04_fist_moved\WIN_20260217_18_24_45_Pro (2).jpg,Fist
D:\Downloadf\gestures_resized\gestures\03_fist\Right\frame_09_03_0111.png,Fist
D:\Downloadf\gestures_resized\gestures\01_palm\frame_00_01_0074.png,Palm
D:\Downloadf\gestures_resized\gestures\03_fist\Right\frame_09_03_0182.png,Fist
D:\Downloadf\gestures_resized\gestures\03_fist\frame_03_03_0114.png,Fist
D:\Downloadf\gestures_resized\gestures\10_down\frame_03_10_0124.png,Palm
D:\Downloadf\gestures_resized\gestures\03_fist\frame_06_03_0038.png,Fist
D:\Downloadf\gestures_resized\gestures\01_palm\frame_04_01_0120.png,Palm
D:\Downloadf\gestures_resized\gestures\01_palm\frame_03_01_0011.png,Palm
D:\Downloadf\gestures_resized\gestures\01_palm\WIN_20260220_00_03_43_Pro.jpg,Palm
D:\Downloadf\gestures_resized\gestures\10_down\frame_00_10_0179.png,Palm
D:\Downloadf\gestures_resized\gestures\03_fist\frame_07_03_0083.png,Fist
D:\Downloadf\gestures_resized\gestures\04_fist_moved\frame_04_04_0022.png,Fist
D:\Downloadf\gestures_resized\gestures\10_down\frame_04_10_0005.png,Palm
D:\Downloadf\gestures_resized\gestures\10_down\WIN_20260217_20_29_37_Pro.jpg,Palm
D:\Downloadf\gestures_resized\gestures\08_palm_moved\WIN_20260217_22_19_43_Pro.jpg,Palm
D:\Downloadf\gestures_resized\gestures\03_fist\frame_08_03_0138.png,Fist
D:\Downloadf\gestures_resized\gestures\03_fist\frame_01_03_0126.png,Fist
D:\Downloadf\gestures_resized\gestures\03_fist\frame_08_03_0083.png,Fist
D:\Downloadf\gestures_resized\gestures\03_fist\frame_05_03_0150.png,Fist
D:\Downloadf\gestures_resized\gestures\10_down\frame_03_10_0119.png,Palm
D:\Downloadf\gestures_resized\gestures\08_palm_moved\frame_08_08_0176.png,Palm
D:\Downloadf\gestures_resized\gestures\01_palm\WIN_20260220_00_02_18_Pro (3).jpg,Palm
D:\Downloadf\gestures_resized\gestures\03_fist\WIN_20260217_22_04_35_Pro (2).jpg,Fist
D:\Downloadf\gestures_resized\gestures\04_fist_moved\frame_04_04_0019.png,Fist
D:\Downloadf\gestures_resized\gestures\08_palm_moved\frame_08_08_0020.png,Palm
D:\Downloadf\gestures_resized\gestures\04_fist_moved\frame_04_04_0158.png,Fist
D:\Downloadf\gestures_resized\gestures\04_fist_moved\frame_01_04_0189.png,Fist
D:\Downloadf\gestures_resized\gestures\10_down\frame_02_10_0084.png,Palm
D:\Downloadf\gestures_resized\gestures\03_fist\frame_01_03_0013.png,Fist
D:\Downloadf\gestures_resized\gestures\03_fist\frame_09_03_0066.png,Fist
D:\Downloadf\gestures_resized\gestures\04_fist_moved\WIN_20260217_18_23_50_Pro (2).jpg,Fist
D:\Downloadf\gestures_resized\gestures\03_fist\frame_08_03_0103.png,Fist
D:\Downloadf\gestures_resized\gestures\01_palm\WIN_20260217_17_23_11_Pro.jpg,Palm
D:\Downloadf\gestures_resized\gestures\01_palm\WIN_20260217_21_52_11_Pro.jpg,Palm
D:\Downloadf\gestures_resized\gestures\04_fist_moved\frame_06_04_0183.png,Fist
D:\Downloadf\gestures_resized\gestures\10_down\frame_07_10_0148.png,Palm
D:\Downloadf\gestures_resized\gestures\03_fist\WIN_20260217_20_37_39_Pro.jpg,Fist
D:\Downloadf\gestures_resized\gestures\04_fist_moved\frame_09_04_0170.png,Fist
D:\Downloadf\gestures_resized\gestures\04_fist_moved\frame_00_04_0058.png,Fist
D:\Downloadf\gestures_resized\gestures\03_fist\frame_03_03_0183.png,Fist
D:\Downloadf\gestures_resized\gestures\04_fist_moved\frame_06_04_0162.png,Fist
D:\Downloadf\gestures_resized\gestures\04_fist_moved\frame_03_04_0169.png,Fist
D:\Downloadf\gestures_resized\gestures\10_down\frame_00_10_0102.png,Palm
D:\Downloadf\gestures_resized\gestures\01_palm\frame_07_01_0148.png,Palm
D:\Downloadf\gestures_resized\gestures\01_palm\frame_06_01_0053.png,Palm
D:\Downloadf\gestures_resized\gestures\03_fist\WIN_20260217_22_05_07_Pro.jpg,Fist
D:\Downloadf\gestures_resized\gestures\04_fist_moved\frame_02_04_0110.png,Fist
D:\Downloadf\gestures_resized\gestures\08_palm_moved\frame_00_08_0146.png,Palm
D:\Downloadf\gestures_resized\gestures\01_palm\frame_07_01_0041.png,Palm
D:\Downloadf\gestures_resized\gestures\03_fist\frame_09_03_0013.png,Fist
D:\Downloadf\gestures_resized\gestures\08_palm_moved\frame_00_08_0196.png,Palm
D:\Downloadf\gestures_resized\gestures\02_closeup_fist\WIN_20260220_19_16_40_Pro.jpg,Fist
D:\Downloadf\gestures_resized\gestures\03_fist\frame_03_03_0088.png,Fist
D:\Downloadf\gestures_resized\gestures\08_palm_moved\frame_01_08_0158.png,Palm
D:\Downloadf\gestures_resized\gestures\08_palm_moved\WIN_20260217_18_33_16_Pro (2).jpg,Palm
D:\Downloadf\gestures_resized\gestures\03_fist\frame_06_03_0100.png,Fist
D:\Downloadf\gestures_resized\gestures\03_fist\frame_06_03_0031.png,Fist
D:\Downloadf\gestures_resized\gestures\03_fist\frame_06_03_0019.png,Fist
D:\Downloadf\gestures_resized\gestures\08_palm_moved\frame_07_08_0169.png,Palm
D:\Downloadf\gestures_resized\gestures\03_fist\frame_01_03_0034.png,Fist
D:\Downloadf\gestures_resized\gestures\08_palm_moved\frame_01_08_0062.png,Palm
D:\Downloadf\gestures_resized\gestures\03_fist\frame_07_03_0104.png,Fist
D:\Downloadf\gestures_resized\gestures\08_palm_moved\frame_07_08_0060.png,Palm
D:\Downloadf\gestures_resized\gestures\03_fist\frame_01_03_0152.png,Fist
D:\Downloadf\gestures_resized\gestures\08_palm_moved\WIN_20260217_22_14_42_Pro.jpg,Palm
D:\Downloadf\gestures_resized\gestures\10_down\frame_04_10_0029.png,Palm
D:\Downloadf\gestures_resized\gestures\04_fist_moved\frame_03_04_0028.png,Fist
D:\Downloadf\gestures_resized\gestures\03_fist\frame_05_03_0116.png,Fist
D:\Downloadf\gestures_resized\gestures\10_down\frame_01_10_0018.png,Palm
D:\Downloadf\gestures_resized\gestures\08_palm_moved\WIN_20260217_20_19_52_Pro.jpg,Palm
D:\Downloadf\gestures_resized\gestures\03_fist\frame_07_03_0026.png,Fist
D:\Downloadf\gestures_resized\gestures\04_fist_moved\frame_02_04_0174.png,Fist
D:\Downloadf\gestures_resized\gestures\03_fist\frame_06_03_0120.png,Fist
D:\Downloadf\gestures_resized\gestures\08_palm_moved\WIN_20260217_20_20_09_Pro.jpg,Palm
D:\Downloadf\gestures_resized\gestures\03_fist\frame_00_03_0122.png,Fist
D:\Downloadf\gestures_resized\gestures\04_fist_moved\frame_07_04_0186.png,Fist
D:\Downloadf\gestures_resized\gestures\01_palm\frame_05_01_0174.png,Palm
D:\Downloadf\gestures_resized\gestures\08_palm_moved\frame_01_08_0180.png,Palm
D:\Downloadf\gestures_resized\gestures\03_fist\WIN_20260217_22_04_56_Pro (5).jpg,Fist
D:\Downloadf\gestures_resized\gestures\08_palm_moved\frame_07_08_0154.png,Palm
D:\Downloadf\gestures_resized\gestures\03_fist\frame_03_03_0113.png,Fist
D:\Downloadf\gestures_resized\gestures\04_fist_moved\frame_08_04_0036.png,Fist
D:\Downloadf\gestures_resized\gestures\01_palm\frame_06_01_0189.png,Palm
D:\Downloadf\gestures_resized\gestures\04_fist_moved\WIN_20260217_18_23_39_Pro (3).jpg,Fist
D:\Downloadf\gestures_resized\gestures\08_palm_moved\WIN_20260217_22_14_32_Pro.jpg,Palm
D:\Downloadf\gestures_resized\gestures\03_fist\frame_02_03_0091.png,Fist
D:\Downloadf\gestures_resized\gestures\03_fist\frame_01_03_0172.png,Fist
D:\Downloadf\gestures_resized\gestures\08_palm_moved\frame_01_08_0161.png,Palm
D:\Downloadf\gestures_resized\gestures\03_fist\WIN_20260217_19_14_54_Pro (2).jpg,Fist
D:\Downloadf\gestures_resized\gestures\10_down\frame_01_10_0025.png,Palm
D:\Downloadf\gestures_resized\gestures\08_palm_moved\frame_07_08_0199.png,Palm
D:\Downloadf\gestures_resized\gestures\01_palm\WIN_20260217_21_50_37_Pro (4).jpg,Palm
D:\Downloadf\gestures_resized\gestures\03_fist\frame_02_03_0046.png,Fist
D:\Downloadf\gestures_resized\gestures\08_palm_moved\frame_02_08_0032.png,Palm
D:\Downloadf\gestures_resized\gestures\10_down\frame_02_10_0016.png,Palm
D:\Downloadf\gestures_resized\gestures\03_fist\WIN_20260217_20_38_23_Pro.jpg,Fist
D:\Downloadf\gestures_resized\gestures\01_palm\frame_06_01_0167.png,Palm
D:\Downloadf\gestures_resized\gestures\01_palm\frame_00_01_0177.png,Palm
D:\Downloadf\gestures_resized\gestures\03_fist\frame_09_03_0069.png,Fist
D:\Downloadf\gestures_resized\gestures\03_fist\frame_02_03_0107.png,Fist
D:\Downloadf\gestures_resized\gestures\04_fist_moved\WIN_20260217_18_23_35_Pro.jpg,Fist
D:\Downloadf\gestures_resized\gestures\10_down\WIN_20260217_20_30_29_Pro.jpg,Palm
D:\Downloadf\gestures_resized\gestures\03_fist\WIN_20260217_18_15_37_Pro.jpg,Fist
D:\Downloadf\gestures_resized\gestures\03_fist\frame_09_03_0002.png,Fist
D:\Downloadf\gestures_resized\gestures\03_fist\frame_05_03_0130.png,Fist
D:\Downloadf\gestures_resized\gestures\01_palm\WIN_20260217_17_25_13_Pro.jpg,Palm
D:\Downloadf\gestures_resized\gestures\04_fist_moved\WIN_20260217_22_21_50_Pro.jpg,Fist
D:\Downloadf\gestures_resized\gestures\03_fist\WIN_20260217_19_14_49_Pro (2).jpg,Fist
D:\Downloadf\gestures_resized\gestures\08_palm_moved\frame_07_08_0061.png,Palm
D:\Downloadf\gestures_resized\gestures\03_fist\WIN_20260217_18_15_38_Pro (2).jpg,Fist
D:\Downloadf\gestures_resized\gestures\04_fist_moved\frame_09_04_0014.png,Fist
D:\Downloadf\gestures_resized\gestures\03_fist\frame_02_03_0078.png,Fist
D:\Downloadf\gestures_resized\gestures\10_down\frame_05_10_0019.png,Palm
D:\Downloadf\gestures_resized\gestures\01_palm\WIN_20260220_00_05_19_Pro (2).jpg,Palm
D:\Downloadf\gestures_resized\gestures\10_down\frame_06_10_0073.png,Palm
D:\Downloadf\gestures_resized\gestures\08_palm_moved\frame_00_08_0061.png,Palm
D:\Downloadf\gestures_resized\gestures\10_down\frame_07_10_0183.png,Palm
D:\Downloadf\gestures_resized\gestures\03_fist\frame_03_03_0098.png,Fist
D:\Downloadf\gestures_resized\gestures\08_palm_moved\frame_00_08_0044.png,Palm
D:\Downloadf\gestures_resized\gestures\04_fist_moved\frame_00_04_0030.png,Fist
D:\Downloadf\gestures_resized\gestures\01_palm\frame_05_01_0028.png,Palm
D:\Downloadf\gestures_resized\gestures\04_fist_moved\frame_07_04_0197.png,Fist
D:\Downloadf\gestures_resized\gestures\04_fist_moved\frame_07_04_0039.png,Fist
D:\Downloadf\gestures_resized\gestures\03_fist\frame_01_03_0008.png,Fist
D:\Downloadf\gestures_resized\gestures\10_down\WIN_20260217_20_30_27_Pro.jpg,Palm
D:\Downloadf\gestures_resized\gestures\01_palm\WIN_20260217_21_52_15_Pro (3).jpg,Palm
D:\Downloadf\gestures_resized\gestures\04_fist_moved\WIN_20260217_22_23_33_Pro (2).jpg,Fist
D:\Downloadf\gestures_resized\gestures\01_palm\frame_00_01_0044.png,Palm
D:\Downloadf\gestures_resized\gestures\08_palm_moved\frame_09_08_0095.png,Palm
D:\Downloadf\gestures_resized\gestures\03_fist\WIN_20260217_18_15_32_Pro (2).jpg,Fist
D:\Downloadf\gestures_resized\gestures\04_fist_moved\frame_04_04_0173.png,Fist
D:\Downloadf\gestures_resized\gestures\08_palm_moved\WIN_20260217_22_14_33_Pro.jpg,Palm
D:\Downloadf\gestures_resized\gestures\01_palm\WIN_20260217_17_23_25_Pro.jpg,Palm
D:\Downloadf\gestures_resized\gestures\03_fist\frame_02_03_0030.png,Fist
D:\Downloadf\gestures_resized\gestures\10_down\frame_05_10_0189.png,Palm
D:\Downloadf\gestures_resized\gestures\10_down\frame_01_10_0036.png,Palm
D:\Downloadf\gestures_resized\gestures\01_palm\WIN_20260220_00_03_48_Pro (3).jpg,Palm
D:\Downloadf\gestures_resized\gestures\10_down\frame_05_10_0032.png,Palm
D:\Downloadf\gestures_resized\gestures\03_fist\frame_00_03_0079.png,Fist
D:\Downloadf\gestures_resized\gestures\03_fist\frame_08_03_0025.png,Fist
D:\Downloadf\gestures_resized\gestures\10_down\frame_00_10_0183.png,Palm
D:\Downloadf\gestures_resized\gestures\08_palm_moved\frame_05_08_0133.png,Palm
D:\Downloadf\gestures_resized\gestures\04_fist_moved\frame_02_04_0098.png,Fist
D:\Downloadf\gestures_resized\gestures\01_palm\WIN_20260220_00_05_00_Pro (2).jpg,Palm
D:\Downloadf\gestures_resized\gestures\03_fist\frame_05_03_0182.png,Fist
D:\Downloadf\gestures_resized\gestures\03_fist\frame_09_03_0153.png,Fist
D:\Downloadf\gestures_resized\gestures\01_palm\WIN_20260220_00_04_47_Pro.jpg,Palm
D:\Downloadf\gestures_resized\gestures\04_fist_moved\frame_04_04_0164.png,Fist
D:\Downloadf\gestures_resized\gestures\04_fist_moved\frame_08_04_0190.png,Fist
D:\Downloadf\gestures_resized\gestures\08_palm_moved\frame_01_08_0038.png,Palm
D:\Downloadf\gestures_resized\gestures\01_palm\WIN_20260217_17_25_15_Pro.jpg,Palm
D:\Downloadf\gestures_resized\gestures\01_palm\WIN_20260217_21_52_17_Pro (3).jpg,Palm
D:\Downloadf\gestures_resized\gestures\01_palm\WIN_20260217_20_01_23_Pro.jpg,Palm
D:\Downloadf\gestures_resized\gestures\08_palm_moved\frame_02_08_0195.png,Palm
D:\Downloadf\gestures_resized\gestures\10_down\frame_00_10_0061.png,Palm
D:\Downloadf\gestures_resized\gestures\04_fist_moved\WIN_20260217_22_21_58_Pro (2).jpg,Fist
D:\Downloadf\gestures_resized\gestures\03_fist\frame_04_03_0039.png,Fist
D:\Downloadf\gestures_resized\gestures\03_fist\frame_07_03_0021.png,Fist
D:\Downloadf\gestures_resized\gestures\04_fist_moved\frame_05_04_0054.png,Fist
D:\Downloadf\gestures_resized\gestures\03_fist\frame_03_03_0075.png,Fist
D:\Downloadf\gestures_resized\gestures\08_palm_moved\frame_07_08_0050.png,Palm
D:\Downloadf\gestures_resized\gestures\03_fist\frame_03_03_0029.png,Fist
D:\Downloadf\gestures_resized\gestures\03_fist\WIN_20260220_00_09_43_Pro.jpg,Fist
D:\Downloadf\gestures_resized\gestures\01_palm\WIN_20260220_00_03_08_Pro.jpg,Palm
D:\Downloadf\gestures_resized\gestures\01_palm\frame_07_01_0162.png,Palm
D:\Downloadf\gestures_resized\gestures\03_fist\WIN_20260217_19_13_56_Pro.jpg,Fist
D:\Downloadf\gestures_resized\gestures\04_fist_moved\WIN_20260217_20_42_52_Pro (2).jpg,Fist
D:\Downloadf\gestures_resized\gestures\01_palm\frame_04_01_0024.png,Palm
D:\Downloadf\gestures_resized\gestures\08_palm_moved\frame_09_08_0005.png,Palm
D:\Downloadf\gestures_resized\gestures\01_palm\WIN_20260217_21_50_35_Pro.jpg,Palm
D:\Downloadf\gestures_resized\gestures\03_fist\frame_07_03_0068.png,Fist
D:\Downloadf\gestures_resized\gestures\03_fist\frame_09_03_0010.png,Fist
D:\Downloadf\gestures_resized\gestures\01_palm\frame_04_01_0132.png,Palm
D:\Downloadf\gestures_resized\gestures\10_down\frame_08_10_0166.png,Palm
D:\Downloadf\gestures_resized\gestures\03_fist\frame_03_03_0043.png,Fist
D:\Downloadf\gestures_resized\gestures\01_palm\frame_06_01_0185.png,Palm
D:\Downloadf\gestures_resized\gestures\03_fist\frame_00_03_0067.png,Fist
D:\Downloadf\gestures_resized\gestures\04_fist_moved\frame_06_04_0187.png,Fist
D:\Downloadf\gestures_resized\gestures\04_fist_moved\frame_09_04_0186.png,Fist
D:\Downloadf\gestures_resized\gestures\10_down\frame_05_10_0015.png,Palm
D:\Downloadf\gestures_resized\gestures\03_fist\WIN_20260217_22_10_44_Pro (5).jpg,Fist
D:\Downloadf\gestures_resized\gestures\03_fist\frame_03_03_0001.png,Fist
D:\Downloadf\gestures_resized\gestures\03_fist\frame_01_03_0090.png,Fist
D:\Downloadf\gestures_resized\gestures\02_closeup_fist\WIN_20260220_19_17_27_Pro.jpg,Fist
D:\Downloadf\gestures_resized\gestures\04_fist_moved\frame_00_04_0190.png,Fist
D:\Downloadf\gestures_resized\gestures\08_palm_moved\WIN_20260217_20_18_31_Pro.jpg,Palm
D:\Downloadf\gestures_resized\gestures\03_fist\frame_05_03_0064.png,Fist
D:\Downloadf\gestures_resized\gestures\03_fist\frame_00_03_0114.png,Fist
D:\Downloadf\gestures_resized\gestures\01_palm\frame_04_01_0137.png,Palm
D:\Downloadf\gestures_resized\gestures\01_palm\WIN_20260217_17_15_31_Pro.jpg,Palm
D:\Downloadf\gestures_resized\gestures\03_fist\WIN_20260217_22_04_36_Pro (2).jpg,Fist
D:\Downloadf\gestures_resized\gestures\04_fist_moved\frame_07_04_0037.png,Fist
D:\Downloadf\gestures_resized\gestures\04_fist_moved\frame_07_04_0024.png,Fist
D:\Downloadf\gestures_resized\gestures\08_palm_moved\frame_06_08_0166.png,Palm
D:\Downloadf\gestures_resized\gestures\03_fist\WIN_20260217_22_04_57_Pro (4).jpg,Fist
D:\Downloadf\gestures_resized\gestures\01_palm\WIN_20260217_17_19_34_Pro.jpg,Palm
D:\Downloadf\gestures_resized\gestures\01_palm\frame_06_01_0021.png,Palm
D:\Downloadf\gestures_resized\gestures\01_palm\WIN_20260217_17_25_20_Pro (2).jpg,Palm
D:\Downloadf\gestures_resized\gestures\10_down\frame_01_10_0110.png,Palm
D:\Downloadf\gestures_resized\gestures\03_fist\frame_08_03_0149.png,Fist
D:\Downloadf\gestures_resized\gestures\03_fist\WIN_20260220_00_10_01_Pro.jpg,Fist
D:\Downloadf\gestures_resized\gestures\04_fist_moved\WIN_20260217_20_44_03_Pro.jpg,Fist
D:\Downloadf\gestures_resized\gestures\10_down\frame_00_10_0028.png,Palm
D:\Downloadf\gestures_resized\gestures\02_closeup_fist\WIN_20260220_19_17_19_Pro (2).jpg,Fist
D:\Downloadf\gestures_resized\gestures\03_fist\frame_01_03_0082.png,Fist
D:\Downloadf\gestures_resized\gestures\03_fist\frame_06_03_0095.png,Fist
D:\Downloadf\gestures_resized\gestures\08_palm_moved\frame_06_08_0077.png,Palm
D:\Downloadf\gestures_resized\gestures\03_fist\frame_06_03_0054.png,Fist
D:\Downloadf\gestures_resized\gestures\03_fist\frame_04_03_0045.png,Fist
D:\Downloadf\gestures_resized\gestures\03_fist\WIN_20260217_22_04_49_Pro (2).jpg,Fist
D:\Downloadf\gestures_resized\gestures\03_fist\frame_00_03_0051.png,Fist
D:\Downloadf\gestures_resized\gestures\01_palm\WIN_20260217_20_09_08_Pro.jpg,Palm
D:\Downloadf\gestures_resized\gestures\08_palm_moved\frame_09_08_0111.png,Palm
D:\Downloadf\gestures_resized\gestures\03_fist\frame_00_03_0019.png,Fist
D:\Downloadf\gestures_resized\gestures\03_fist\frame_09_03_0192.png,Fist
D:\Downloadf\gestures_resized\gestures\04_fist_moved\frame_06_04_0197.png,Fist
D:\Downloadf\gestures_resized\gestures\04_fist_moved\frame_04_04_0174.png,Fist
D:\Downloadf\gestures_resized\gestures\03_fist\Right\frame_09_03_0106.png,Fist
D:\Downloadf\gestures_resized\gestures\01_palm\WIN_20260217_17_32_31_Pro.jpg,Palm
D:\Downloadf\gestures_resized\gestures\03_fist\WIN_20260217_19_12_09_Pro.jpg,Fist
D:\Downloadf\gestures_resized\gestures\04_fist_moved\frame_03_04_0188.png,Fist
D:\Downloadf\gestures_resized\gestures\08_palm_moved\frame_02_08_0035.png,Palm
D:\Downloadf\gestures_resized\gestures\04_fist_moved\frame_08_04_0053.png,Fist
D:\Downloadf\gestures_resized\gestures\03_fist\Right\frame_09_03_0093.png,Fist
D:\Downloadf\gestures_resized\gestures\01_palm\frame_02_01_0182.png,Palm
D:\Downloadf\gestures_resized\gestures\03_fist\frame_05_03_0069.png,Fist
D:\Downloadf\gestures_resized\gestures\03_fist\frame_00_03_0117.png,Fist
D:\Downloadf\gestures_resized\gestures\04_fist_moved\frame_06_04_0168.png,Fist
D:\Downloadf\gestures_resized\gestures\01_palm\WIN_20260220_00_05_16_Pro.jpg,Palm
D:\Downloadf\gestures_resized\gestures\01_palm\frame_00_01_0164.png,Palm
D:\Downloadf\gestures_resized\gestures\03_fist\frame_01_03_0010.png,Fist
D:\Downloadf\gestures_resized\gestures\10_down\frame_07_10_0037.png,Palm
D:\Downloadf\gestures_resized\gestures\10_down\frame_07_10_0028.png,Palm
D:\Downloadf\gestures_resized\gestures\02_closeup_fist\WIN_20260220_19_16_07_Pro (2).jpg,Fist
D:\Downloadf\gestures_resized\gestures\01_palm\WIN_20260217_17_19_32_Pro.jpg,Palm
D:\Downloadf\gestures_resized\gestures\03_fist\WIN_20260217_22_04_41_Pro (3).jpg,Fist
D:\Downloadf\gestures_resized\gestures\08_palm_moved\frame_09_08_0027.png,Palm
D:\Downloadf\gestures_resized\gestures\02_closeup_fist\WIN_20260220_19_18_58_Pro.jpg,Fist
D:\Downloadf\gestures_resized\gestures\04_fist_moved\frame_05_04_0011.png,Fist
D:\Downloadf\gestures_resized\gestures\10_down\frame_01_10_0012.png,Palm
D:\Downloadf\gestures_resized\gestures\03_fist\frame_02_03_0198.png,Fist
D:\Downloadf\gestures_resized\gestures\01_palm\WIN_20260217_21_52_02_Pro (5).jpg,Palm
D:\Downloadf\gestures_resized\gestures\03_fist\WIN_20260217_20_36_59_Pro.jpg,Fist
D:\Downloadf\gestures_resized\gestures\04_fist_moved\frame_06_04_0175.png,Fist
D:\Downloadf\gestures_resized\gestures\08_palm_moved\frame_04_08_0155.png,Palm
D:\Downloadf\gestures_resized\gestures\03_fist\frame_03_03_0187.png,Fist
D:\Downloadf\gestures_resized\gestures\04_fist_moved\frame_05_04_0187.png,Fist
D:\Downloadf\gestures_resized\gestures\01_palm\frame_00_01_0052.png,Palm
D:\Downloadf\gestures_resized\gestures\08_palm_moved\WIN_20260217_20_20_40_Pro.jpg,Palm
D:\Downloadf\gestures_resized\gestures\03_fist\WIN_20260217_20_36_46_Pro.jpg,Fist
D:\Downloadf\gestures_resized\gestures\01_palm\frame_01_01_0020.png,Palm
D:\Downloadf\gestures_resized\gestures\01_palm\WIN_20260220_00_04_20_Pro.jpg,Palm
D:\Downloadf\gestures_resized\gestures\10_down\frame_02_10_0186.png,Palm
D:\Downloadf\gestures_resized\gestures\03_fist\Right\frame_09_03_0176.png,Fist
D:\Downloadf\gestures_resized\gestures\03_fist\WIN_20260217_22_04_34_Pro (3).jpg,Fist
D:\Downloadf\gestures_resized\gestures\03_fist\WIN_20260217_20_37_03_Pro.jpg,Fist
D:\Downloadf\gestures_resized\gestures\08_palm_moved\frame_04_08_0038.png,Palm
D:\Downloadf\gestures_resized\gestures\03_fist\frame_09_03_0077.png,Fist
D:\Downloadf\gestures_resized\gestures\10_down\frame_03_10_0048.png,Palm
D:\Downloadf\gestures_resized\gestures\03_fist\frame_02_03_0127.png,Fist
D:\Downloadf\gestures_resized\gestures\03_fist\frame_05_03_0128.png,Fist
D:\Downloadf\gestures_resized\gestures\03_fist\frame_02_03_0100.png,Fist
D:\Downloadf\gestures_resized\gestures\03_fist\frame_00_03_0189.png,Fist
D:\Downloadf\gestures_resized\gestures\10_down\frame_00_10_0187.png,Palm
D:\Downloadf\gestures_resized\gestures\03_fist\frame_05_03_0008.png,Fist
D:\Downloadf\gestures_resized\gestures\03_fist\WIN_20260217_20_34_38_Pro.jpg,Fist
D:\Downloadf\gestures_resized\gestures\03_fist\frame_06_03_0101.png,Fist
D:\Downloadf\gestures_resized\gestures\03_fist\frame_03_03_0042.png,Fist
D:\Downloadf\gestures_resized\gestures\03_fist\frame_01_03_0106.png,Fist
D:\Downloadf\gestures_resized\gestures\01_palm\WIN_20260220_00_01_14_Pro.jpg,Palm
D:\Downloadf\gestures_resized\gestures\08_palm_moved\WIN_20260217_20_19_20_Pro.jpg,Palm
D:\Downloadf\gestures_resized\gestures\03_fist\WIN_20260217_22_05_08_Pro.jpg,Fist
D:\Downloadf\gestures_resized\gestures\10_down\frame_01_10_0174.png,Palm
D:\Downloadf\gestures_resized\gestures\08_palm_moved\frame_00_08_0144.png,Palm
D:\Downloadf\gestures_resized\gestures\08_palm_moved\frame_06_08_0162.png,Palm
D:\Downloadf\gestures_resized\gestures\03_fist\frame_02_03_0089.png,Fist
D:\Downloadf\gestures_resized\gestures\10_down\WIN_20260217_18_18_23_Pro (2).jpg,Palm
D:\Downloadf\gestures_resized\gestures\04_fist_moved\frame_00_04_0192.png,Fist
D:\Downloadf\gestures_resized\gestures\03_fist\frame_08_03_0064.png,Fist
D:\Downloadf\gestures_resized\gestures\01_palm\frame_09_01_0066.png,Palm
D:\Downloadf\gestures_resized\gestures\08_palm_moved\frame_01_08_0173.png,Palm
D:\Downloadf\gestures_resized\gestures\01_palm\WIN_20260217_17_25_16_Pro.jpg,Palm
D:\Downloadf\gestures_resized\gestures\08_palm_moved\frame_06_08_0184.png,Palm
D:\Downloadf\gestures_resized\gestures\08_palm_moved\frame_02_08_0030.png,Palm
D:\Downloadf\gestures_resized\gestures\10_down\frame_02_10_0089.png,Palm
D:\Downloadf\gestures_resized\gestures\03_fist\frame_05_03_0114.png,Fist
D:\Downloadf\gestures_resized\gestures\08_palm_moved\frame_09_08_0097.png,Palm
D:\Downloadf\gestures_resized\gestures\10_down\frame_07_10_0088.png,Palm
D:\Downloadf\gestures_resized\gestures\03_fist\WIN_20260217_22_10_45_Pro (5).jpg,Fist
D:\Downloadf\gestures_resized\gestures\04_fist_moved\frame_09_04_0178.png,Fist
D:\Downloadf\gestures_resized\gestures\03_fist\WIN_20260220_00_09_31_Pro (2).jpg,Fist
D:\Downloadf\gestures_resized\gestures\03_fist\frame_04_03_0033.png,Fist
D:\Downloadf\gestures_resized\gestures\01_palm\WIN_20260217_20_12_32_Pro.jpg,Palm
D:\Downloadf\gestures_resized\gestures\03_fist\WIN_20260217_22_10_39_Pro (4).jpg,Fist
D:\Downloadf\gestures_resized\gestures\04_fist_moved\frame_00_04_0125.png,Fist
D:\Downloadf\gestures_resized\gestures\01_palm\frame_04_01_0030.png,Palm
D:\Downloadf\gestures_resized\gestures\10_down\frame_01_10_0011.png,Palm
D:\Downloadf\gestures_resized\gestures\01_palm\frame_06_01_0052.png,Palm
D:\Downloadf\gestures_resized\gestures\03_fist\frame_06_03_0078.png,Fist
D:\Downloadf\gestures_resized\gestures\03_fist\frame_03_03_0030.png,Fist
D:\Downloadf\gestures_resized\gestures\01_palm\WIN_20260220_00_02_05_Pro (2).jpg,Palm
D:\Downloadf\gestures_resized\gestures\10_down\frame_07_10_0151.png,Palm
D:\Downloadf\gestures_resized\gestures\01_palm\frame_02_01_0180.png,Palm
D:\Downloadf\gestures_resized\gestures\08_palm_moved\WIN_20260217_20_20_04_Pro.jpg,Palm
D:\Downloadf\gestures_resized\gestures\10_down\WIN_20260217_18_19_46_Pro.jpg,Palm
D:\Downloadf\gestures_resized\gestures\04_fist_moved\frame_03_04_0150.png,Fist
D:\Downloadf\gestures_resized\gestures\01_palm\WIN_20260220_00_03_18_Pro (2).jpg,Palm
D:\Downloadf\gestures_resized\gestures\08_palm_moved\frame_07_08_0001.png,Palm
D:\Downloadf\gestures_resized\gestures\08_palm_moved\frame_03_08_0134.png,Palm
D:\Downloadf\gestures_resized\gestures\04_fist_moved\frame_03_04_0025.png,Fist
D:\Downloadf\gestures_resized\gestures\10_down\frame_03_10_0153.png,Palm
D:\Downloadf\gestures_resized\gestures\01_palm\frame_09_01_0065.png,Palm
D:\Downloadf\gestures_resized\gestures\01_palm\frame_09_01_0022.png,Palm
D:\Downloadf\gestures_resized\gestures\01_palm\WIN_20260220_00_03_46_Pro (2).jpg,Palm
D:\Downloadf\gestures_resized\gestures\08_palm_moved\WIN_20260217_22_14_30_Pro.jpg,Palm
D:\Downloadf\gestures_resized\gestures\01_palm\WIN_20260220_00_04_59_Pro (2).jpg,Palm
D:\Downloadf\gestures_resized\gestures\10_down\frame_07_10_0004.png,Palm
D:\Downloadf\gestures_resized\gestures\04_fist_moved\frame_09_04_0035.png,Fist
D:\Downloadf\gestures_resized\gestures\03_fist\WIN_20260217_19_14_57_Pro.jpg,Fist
D:\Downloadf\gestures_resized\gestures\08_palm_moved\frame_09_08_0119.png,Palm
D:\Downloadf\gestures_resized\gestures\10_down\frame_07_10_0017.png,Palm
D:\Downloadf\gestures_resized\gestures\03_fist\frame_04_03_0137.png,Fist
D:\Downloadf\gestures_resized\gestures\10_down\WIN_20260217_20_32_00_Pro.jpg,Palm
D:\Downloadf\gestures_resized\gestures\01_palm\frame_04_01_0025.png,Palm
D:\Downloadf\gestures_resized\gestures\01_palm\frame_09_01_0059.png,Palm
D:\Downloadf\gestures_resized\gestures\01_palm\frame_03_01_0079.png,Palm
D:\Downloadf\gestures_resized\gestures\10_down\frame_09_10_0132.png,Palm
D:\Downloadf\gestures_resized\gestures\10_down\frame_02_10_0094.png,Palm
D:\Downloadf\gestures_resized\gestures\01_palm\WIN_20260220_00_05_03_Pro (2).jpg,Palm
D:\Downloadf\gestures_resized\gestures\08_palm_moved\WIN_20260217_20_19_24_Pro.jpg,Palm
D:\Downloadf\gestures_resized\gestures\03_fist\frame_08_03_0135.png,Fist
D:\Downloadf\gestures_resized\gestures\03_fist\frame_00_03_0196.png,Fist
D:\Downloadf\gestures_resized\gestures\08_palm_moved\frame_01_08_0182.png,Palm
D:\Downloadf\gestures_resized\gestures\08_palm_moved\frame_03_08_0153.png,Palm
D:\Downloadf\gestures_resized\gestures\01_palm\WIN_20260220_00_02_35_Pro (3).jpg,Palm
D:\Downloadf\gestures_resized\gestures\03_fist\frame_09_03_0159.png,Fist
D:\Downloadf\gestures_resized\gestures\08_palm_moved\WIN_20260217_20_19_51_Pro.jpg,Palm
D:\Downloadf\gestures_resized\gestures\03_fist\WIN_20260217_20_38_15_Pro.jpg,Fist
D:\Downloadf\gestures_resized\gestures\04_fist_moved\frame_01_04_0192.png,Fist
D:\Downloadf\gestures_resized\gestures\10_down\WIN_20260217_18_18_19_Pro.jpg,Palm
D:\Downloadf\gestures_resized\gestures\03_fist\WIN_20260217_22_04_45_Pro (4).jpg,Fist
D:\Downloadf\gestures_resized\gestures\02_closeup_fist\WIN_20260220_19_19_09_Pro.jpg,Fist
D:\Downloadf\gestures_resized\gestures\08_palm_moved\frame_07_08_0197.png,Palm
D:\Downloadf\gestures_resized\gestures\01_palm\WIN_20260220_00_03_39_Pro (3).jpg,Palm
D:\Downloadf\gestures_resized\gestures\08_palm_moved\WIN_20260217_20_19_58_Pro.jpg,Palm
D:\Downloadf\gestures_resized\gestures\03_fist\WIN_20260217_18_01_22_Pro.jpg,Fist
D:\Downloadf\gestures_resized\gestures\02_closeup_fist\WIN_20260220_19_15_14_Pro.jpg,Fist
D:\Downloadf\gestures_resized\gestures\08_palm_moved\frame_09_08_0103.png,Palm
D:\Downloadf\gestures_resized\gestures\03_fist\WIN_20260217_22_10_52_Pro (3).jpg,Fist
D:\Downloadf\gestures_resized\gestures\08_palm_moved\WIN_20260217_22_19_37_Pro (4).jpg,Palm
D:\Downloadf\gestures_resized\gestures\10_down\frame_09_10_0035.png,Palm
D:\Downloadf\gestures_resized\gestures\08_palm_moved\frame_09_08_0022.png,Palm
D:\Downloadf\gestures_resized\gestures\03_fist\frame_02_03_0160.png,Fist
D:\Downloadf\gestures_resized\gestures\01_palm\frame_00_01_0064.png,Palm
D:\Downloadf\gestures_resized\gestures\01_palm\frame_05_01_0142.png,Palm
D:\Downloadf\gestures_resized\gestures\03_fist\frame_05_03_0156.png,Fist
D:\Downloadf\gestures_resized\gestures\08_palm_moved\frame_03_08_0054.png,Palm
D:\Downloadf\gestures_resized\gestures\01_palm\WIN_20260217_17_16_31_Pro.jpg,Palm
D:\Downloadf\gestures_resized\gestures\10_down\WIN_20260217_18_17_45_Pro.jpg,Palm
D:\Downloadf\gestures_resized\gestures\03_fist\frame_01_03_0096.png,Fist
D:\Downloadf\gestures_resized\gestures\03_fist\frame_03_03_0191.png,Fist
D:\Downloadf\gestures_resized\gestures\03_fist\WIN_20260217_19_12_32_Pro (3).jpg,Fist
D:\Downloadf\gestures_resized\gestures\01_palm\WIN_20260220_00_03_44_Pro (2).jpg,Palm
D:\Downloadf\gestures_resized\gestures\01_palm\frame_09_01_0180.png,Palm
D:\Downloadf\gestures_resized\gestures\01_palm\frame_00_01_0113.png,Palm
D:\Downloadf\gestures_resized\gestures\03_fist\frame_04_03_0182.png,Fist
D:\Downloadf\gestures_resized\gestures\10_down\frame_07_10_0200.png,Palm
D:\Downloadf\gestures_resized\gestures\03_fist\frame_01_03_0189.png,Fist
D:\Downloadf\gestures_resized\gestures\03_fist\frame_04_03_0189.png,Fist
D:\Downloadf\gestures_resized\gestures\01_palm\WIN_20260217_17_15_30_Pro.jpg,Palm
D:\Downloadf\gestures_resized\gestures\04_fist_moved\frame_00_04_0140.png,Fist
D:\Downloadf\gestures_resized\gestures\03_fist\frame_05_03_0095.png,Fist
D:\Downloadf\gestures_resized\gestures\08_palm_moved\frame_06_08_0002.png,Palm
D:\Downloadf\gestures_resized\gestures\04_fist_moved\frame_06_04_0042.png,Fist
D:\Downloadf\gestures_resized\gestures\10_down\frame_06_10_0071.png,Palm
D:\Downloadf\gestures_resized\gestures\01_palm\frame_09_01_0175.png,Palm
D:\Downloadf\gestures_resized\gestures\03_fist\frame_09_03_0091.png,Fist
D:\Downloadf\gestures_resized\gestures\03_fist\frame_06_03_0052.png,Fist
D:\Downloadf\gestures_resized\gestures\08_palm_moved\WIN_20260217_22_18_14_Pro (3).jpg,Palm
D:\Downloadf\gestures_resized\gestures\04_fist_moved\WIN_20260217_20_43_59_Pro (2).jpg,Fist
D:\Downloadf\gestures_resized\gestures\01_palm\WIN_20260217_21_52_20_Pro.jpg,Palm
D:\Downloadf\gestures_resized\gestures\08_palm_moved\WIN_20260217_18_32_59_Pro (2).jpg,Palm
D:\Downloadf\gestures_resized\gestures\01_palm\frame_08_01_0103.png,Palm
D:\Downloadf\gestures_resized\gestures\03_fist\frame_07_03_0066.png,Fist
D:\Downloadf\gestures_resized\gestures\10_down\frame_01_10_0007.png,Palm
D:\Downloadf\gestures_resized\gestures\03_fist\WIN_20260217_18_02_56_Pro.jpg,Fist
D:\Downloadf\gestures_resized\gestures\04_fist_moved\frame_06_04_0053.png,Fist
D:\Downloadf\gestures_resized\gestures\08_palm_moved\frame_04_08_0025.png,Palm
D:\Downloadf\gestures_resized\gestures\03_fist\WIN_20260217_22_04_49_Pro.jpg,Fist
D:\Downloadf\gestures_resized\gestures\03_fist\frame_02_03_0188.png,Fist
D:\Downloadf\gestures_resized\gestures\02_closeup_fist\WIN_20260220_19_17_37_Pro.jpg,Fist
D:\Downloadf\gestures_resized\gestures\10_down\frame_04_10_0157.png,Palm
D:\Downloadf\gestures_resized\gestures\08_palm_moved\frame_08_08_0042.png,Palm
D:\Downloadf\gestures_resized\gestures\08_palm_moved\frame_09_08_0104.png,Palm
D:\Downloadf\gestures_resized\gestures\03_fist\frame_08_03_0116.png,Fist
D:\Downloadf\gestures_resized\gestures\04_fist_moved\frame_07_04_0008.png,Fist
D:\Downloadf\gestures_resized\gestures\03_fist\WIN_20260217_19_14_48_Pro.jpg,Fist
D:\Downloadf\gestures_resized\gestures\10_down\WIN_20260217_20_32_12_Pro.jpg,Palm
D:\Downloadf\gestures_resized\gestures\10_down\frame_01_10_0114.png,Palm
D:\Downloadf\gestures_resized\gestures\01_palm\frame_03_01_0187.png,Palm
D:\Downloadf\gestures_resized\gestures\03_fist\WIN_20260220_00_06_53_Pro (2).jpg,Fist
D:\Downloadf\gestures_resized\gestures\10_down\WIN_20260217_20_29_51_Pro.jpg,Palm
D:\Downloadf\gestures_resized\gestures\01_palm\frame_09_01_0164.png,Palm
D:\Downloadf\gestures_resized\gestures\01_palm\WIN_20260217_21_52_02_Pro.jpg,Palm
D:\Downloadf\gestures_resized\gestures\08_palm_moved\frame_04_08_0052.png,Palm
D:\Downloadf\gestures_resized\gestures\08_palm_moved\frame_07_08_0045.png,Palm
D:\Downloadf\gestures_resized\gestures\04_fist_moved\frame_07_04_0166.png,Fist
D:\Downloadf\gestures_resized\gestures\10_down\frame_04_10_0196.png,Palm
D:\Downloadf\gestures_resized\gestures\04_fist_moved\frame_01_04_0013.png,Fist
D:\Downloadf\gestures_resized\gestures\08_palm_moved\frame_04_08_0021.png,Palm
D:\Downloadf\gestures_resized\gestures\01_palm\frame_08_01_0061.png,Palm
D:\Downloadf\gestures_resized\gestures\08_palm_moved\WIN_20260217_22_18_15_Pro.jpg,Palm
D:\Downloadf\gestures_resized\gestures\03_fist\frame_06_03_0160.png,Fist
D:\Downloadf\gestures_resized\gestures\03_fist\frame_06_03_0114.png,Fist
D:\Downloadf\gestures_resized\gestures\08_palm_moved\WIN_20260217_20_19_29_Pro.jpg,Palm
D:\Downloadf\gestures_resized\gestures\02_closeup_fist\WIN_20260220_19_16_35_Pro.jpg,Fist
D:\Downloadf\gestures_resized\gestures\08_palm_moved\WIN_20260217_22_18_22_Pro.jpg,Palm
D:\Downloadf\gestures_resized\gestures\01_palm\WIN_20260217_20_09_07_Pro.jpg,Palm
D:\Downloadf\gestures_resized\gestures\10_down\frame_08_10_0016.png,Palm
D:\Downloadf\gestures_resized\gestures\04_fist_moved\frame_03_04_0147.png,Fist
D:\Downloadf\gestures_resized\gestures\02_closeup_fist\WIN_20260220_19_19_22_Pro.jpg,Fist
D:\Downloadf\gestures_resized\gestures\08_palm_moved\frame_03_08_0123.png,Palm
D:\Downloadf\gestures_resized\gestures\04_fist_moved\frame_08_04_0015.png,Fist
D:\Downloadf\gestures_resized\gestures\04_fist_moved\WIN_20260217_18_23_26_Pro (3).jpg,Fist
D:\Downloadf\gestures_resized\gestures\10_down\frame_09_10_0121.png,Palm
D:\Downloadf\gestures_resized\gestures\03_fist\frame_04_03_0025.png,Fist
D:\Downloadf\gestures_resized\gestures\01_palm\WIN_20260220_00_02_44_Pro.jpg,Palm
D:\Downloadf\gestures_resized\gestures\08_palm_moved\frame_00_08_0069.png,Palm
D:\Downloadf\gestures_resized\gestures\01_palm\WIN_20260217_21_52_10_Pro (4).jpg,Palm
D:\Downloadf\gestures_resized\gestures\04_fist_moved\WIN_20260217_22_23_40_Pro (3).jpg,Fist
D:\Downloadf\gestures_resized\gestures\04_fist_moved\WIN_20260217_22_21_52_Pro.jpg,Fist
D:\Downloadf\gestures_resized\gestures\01_palm\WIN_20260217_21_52_07_Pro (2).jpg,Palm
D:\Downloadf\gestures_resized\gestures\01_palm\frame_07_01_0012.png,Palm
D:\Downloadf\gestures_resized\gestures\03_fist\WIN_20260217_22_10_47_Pro (4).jpg,Fist
D:\Downloadf\gestures_resized\gestures\03_fist\WIN_20260220_00_09_43_Pro (2).jpg,Fist
D:\Downloadf\gestures_resized\gestures\10_down\frame_00_10_0094.png,Palm
D:\Downloadf\gestures_resized\gestures\03_fist\WIN_20260217_20_38_05_Pro.jpg,Fist
D:\Downloadf\gestures_resized\gestures\01_palm\WIN_20260220_00_02_49_Pro (3).jpg,Palm
D:\Downloadf\gestures_resized\gestures\03_fist\frame_07_03_0147.png,Fist
D:\Downloadf\gestures_resized\gestures\04_fist_moved\frame_07_04_0175.png,Fist
D:\Downloadf\gestures_resized\gestures\03_fist\WIN_20260217_19_12_34_Pro.jpg,Fist
D:\Downloadf\gestures_resized\gestures\01_palm\WIN_20260220_00_01_28_Pro.jpg,Palm
D:\Downloadf\gestures_resized\gestures\04_fist_moved\WIN_20260217_20_45_04_Pro.jpg,Fist
D:\Downloadf\gestures_resized\gestures\01_palm\WIN_20260217_21_27_25_Pro.jpg,Palm
D:\Downloadf\gestures_resized\gestures\04_fist_moved\frame_08_04_0001.png,Fist
D:\Downloadf\gestures_resized\gestures\10_down\frame_07_10_0035.png,Palm
D:\Downloadf\gestures_resized\gestures\01_palm\frame_05_01_0133.png,Palm
D:\Downloadf\gestures_resized\gestures\03_fist\frame_09_03_0155.png,Fist
D:\Downloadf\gestures_resized\gestures\08_palm_moved\WIN_20260217_20_19_13_Pro.jpg,Palm
D:\Downloadf\gestures_resized\gestures\01_palm\frame_00_01_0172.png,Palm
D:\Downloadf\gestures_resized\gestures\10_down\frame_08_10_0005.png,Palm
D:\Downloadf\gestures_resized\gestures\03_fist\frame_06_03_0144.png,Fist
D:\Downloadf\gestures_resized\gestures\03_fist\WIN_20260217_18_01_45_Pro.jpg,Fist
D:\Downloadf\gestures_resized\gestures\03_fist\frame_04_03_0030.png,Fist
D:\Downloadf\gestures_resized\gestures\03_fist\frame_03_03_0197.png,Fist
D:\Downloadf\gestures_resized\gestures\01_palm\frame_06_01_0048.png,Palm
D:\Downloadf\gestures_resized\gestures\08_palm_moved\WIN_20260217_20_20_11_Pro.jpg,Palm
D:\Downloadf\gestures_resized\gestures\08_palm_moved\WIN_20260217_20_18_36_Pro.jpg,Palm
D:\Downloadf\gestures_resized\gestures\04_fist_moved\frame_07_04_0182.png,Fist
D:\Downloadf\gestures_resized\gestures\01_palm\frame_08_01_0154.png,Palm
D:\Downloadf\gestures_resized\gestures\01_palm\frame_07_01_0147.png,Palm
D:\Downloadf\gestures_resized\gestures\03_fist\frame_01_03_0081.png,Fist
D:\Downloadf\gestures_resized\gestures\01_palm\WIN_20260220_00_02_12_Pro (3).jpg,Palm
D:\Downloadf\gestures_resized\gestures\03_fist\WIN_20260217_18_02_03_Pro.jpg,Fist
D:\Downloadf\gestures_resized\gestures\10_down\frame_09_10_0026.png,Palm
D:\Downloadf\gestures_resized\gestures\08_palm_moved\frame_06_08_0163.png,Palm
D:\Downloadf\gestures_resized\gestures\10_down\frame_07_10_0038.png,Palm
D:\Downloadf\gestures_resized\gestures\01_palm\frame_04_01_0115.png,Palm
D:\Downloadf\gestures_resized\gestures\01_palm\frame_05_01_0131.png,Palm
D:\Downloadf\gestures_resized\gestures\03_fist\WIN_20260217_18_02_48_Pro (2).jpg,Fist
D:\Downloadf\gestures_resized\gestures\03_fist\WIN_20260220_00_09_25_Pro (2).jpg,Fist
D:\Downloadf\gestures_resized\gestures\10_down\frame_01_10_0013.png,Palm
D:\Downloadf\gestures_resized\gestures\04_fist_moved\frame_08_04_0109.png,Fist
D:\Downloadf\gestures_resized\gestures\04_fist_moved\frame_03_04_0148.png,Fist
D:\Downloadf\gestures_resized\gestures\03_fist\Right\frame_09_03_0034.png,Fist
D:\Downloadf\gestures_resized\gestures\01_palm\WIN_20260217_17_15_45_Pro.jpg,Palm
D:\Downloadf\gestures_resized\gestures\04_fist_moved\WIN_20260217_22_21_51_Pro.jpg,Fist
D:\Downloadf\gestures_resized\gestures\03_fist\frame_03_03_0022.png,Fist
D:\Downloadf\gestures_resized\gestures\01_palm\frame_08_01_0057.png,Palm
D:\Downloadf\gestures_resized\gestures\08_palm_moved\frame_03_08_0035.png,Palm
D:\Downloadf\gestures_resized\gestures\10_down\frame_08_10_0188.png,Palm
D:\Downloadf\gestures_resized\gestures\03_fist\frame_07_03_0094.png,Fist
D:\Downloadf\gestures_resized\gestures\03_fist\frame_08_03_0142.png,Fist
D:\Downloadf\gestures_resized\gestures\03_fist\WIN_20260220_00_09_39_Pro (2).jpg,Fist
D:\Downloadf\gestures_resized\gestures\10_down\WIN_20260217_20_30_47_Pro.jpg,Palm
D:\Downloadf\gestures_resized\gestures\01_palm\frame_04_01_0042.png,Palm
D:\Downloadf\gestures_resized\gestures\01_palm\WIN_20260217_17_15_37_Pro.jpg,Palm
D:\Downloadf\gestures_resized\gestures\10_down\frame_00_10_0040.png,Palm
D:\Downloadf\gestures_resized\gestures\03_fist\frame_02_03_0105.png,Fist
D:\Downloadf\gestures_resized\gestures\08_palm_moved\WIN_20260217_18_35_16_Pro.jpg,Palm
D:\Downloadf\gestures_resized\gestures\10_down\frame_02_10_0082.png,Palm
D:\Downloadf\gestures_resized\gestures\03_fist\WIN_20260220_00_09_23_Pro.jpg,Fist
D:\Downloadf\gestures_resized\gestures\08_palm_moved\frame_06_08_0191.png,Palm
D:\Downloadf\gestures_resized\gestures\10_down\WIN_20260217_20_29_48_Pro.jpg,Palm
D:\Downloadf\gestures_resized\gestures\03_fist\frame_03_03_0126.png,Fist
D:\Downloadf\gestures_resized\gestures\03_fist\frame_07_03_0035.png,Fist
D:\Downloadf\gestures_resized\gestures\08_palm_moved\frame_07_08_0165.png,Palm
D:\Downloadf\gestures_resized\gestures\03_fist\frame_05_03_0035.png,Fist
D:\Downloadf\gestures_resized\gestures\04_fist_moved\WIN_20260217_20_44_37_Pro (2).jpg,Fist
D:\Downloadf\gestures_resized\gestures\03_fist\frame_00_03_0108.png,Fist
D:\Downloadf\gestures_resized\gestures\01_palm\frame_08_01_0185.png,Palm
D:\Downloadf\gestures_resized\gestures\01_palm\WIN_20260217_21_52_28_Pro (5).jpg,Palm
D:\Downloadf\gestures_resized\gestures\08_palm_moved\WIN_20260217_20_19_28_Pro.jpg,Palm
D:\Downloadf\gestures_resized\gestures\01_palm\WIN_20260217_20_01_34_Pro.jpg,Palm
D:\Downloadf\gestures_resized\gestures\10_down\frame_01_10_0109.png,Palm
D:\Downloadf\gestures_resized\gestures\01_palm\WIN_20260220_00_02_37_Pro.jpg,Palm
D:\Downloadf\gestures_resized\gestures\10_down\frame_05_10_0085.png,Palm
D:\Downloadf\gestures_resized\gestures\03_fist\frame_03_03_0047.png,Fist
D:\Downloadf\gestures_resized\gestures\10_down\frame_00_10_0180.png,Palm
D:\Downloadf\gestures_resized\gestures\04_fist_moved\WIN_20260217_20_46_21_Pro.jpg,Fist
D:\Downloadf\gestures_resized\gestures\10_down\frame_07_10_0194.png,Palm
D:\Downloadf\gestures_resized\gestures\01_palm\WIN_20260220_00_03_28_Pro (2).jpg,Palm
D:\Downloadf\gestures_resized\gestures\08_palm_moved\frame_08_08_0199.png,Palm
D:\Downloadf\gestures_resized\gestures\03_fist\frame_08_03_0024.png,Fist
D:\Downloadf\gestures_resized\gestures\08_palm_moved\WIN_20260217_18_35_07_Pro.jpg,Palm
D:\Downloadf\gestures_resized\gestures\08_palm_moved\frame_08_08_0009.png,Palm
D:\Downloadf\gestures_resized\gestures\03_fist\frame_04_03_0009.png,Fist
D:\Downloadf\gestures_resized\gestures\04_fist_moved\frame_05_04_0171.png,Fist
D:\Downloadf\gestures_resized\gestures\03_fist\Right\frame_09_03_0186.png,Fist
D:\Downloadf\gestures_resized\gestures\03_fist\Right\frame_09_03_0119.png,Fist
D:\Downloadf\gestures_resized\gestures\01_palm\WIN_20260217_20_01_37_Pro.jpg,Palm
D:\Downloadf\gestures_resized\gestures\01_palm\frame_06_01_0067.png,Palm
D:\Downloadf\gestures_resized\gestures\03_fist\Right\frame_09_03_0144.png,Fist
D:\Downloadf\gestures_resized\gestures\04_fist_moved\WIN_20260217_20_44_24_Pro.jpg,Fist
D:\Downloadf\gestures_resized\gestures\03_fist\frame_00_03_0086.png,Fist
D:\Downloadf\gestures_resized\gestures\10_down\frame_09_10_0125.png,Palm
D:\Downloadf\gestures_resized\gestures\01_palm\frame_00_01_0003.png,Palm
D:\Downloadf\gestures_resized\gestures\02_closeup_fist\WIN_20260220_19_15_40_Pro.jpg,Fist
D:\Downloadf\gestures_resized\gestures\10_down\frame_07_10_0192.png,Palm
D:\Downloadf\gestures_resized\gestures\08_palm_moved\frame_08_08_0039.png,Palm
D:\Downloadf\gestures_resized\gestures\01_palm\frame_03_01_0150.png,Palm
D:\Downloadf\gestures_resized\gestures\03_fist\WIN_20260217_18_01_33_Pro.jpg,Fist
D:\Downloadf\gestures_resized\gestures\03_fist\WIN_20260220_00_06_52_Pro.jpg,Fist
D:\Downloadf\gestures_resized\gestures\10_down\WIN_20260217_18_18_00_Pro.jpg,Palm
D:\Downloadf\gestures_resized\gestures\03_fist\frame_02_03_0190.png,Fist
D:\Downloadf\gestures_resized\gestures\01_palm\frame_06_01_0170.png,Palm
D:\Downloadf\gestures_resized\gestures\08_palm_moved\frame_09_08_0101.png,Palm
D:\Downloadf\gestures_resized\gestures\03_fist\WIN_20260217_22_10_47_Pro.jpg,Fist
D:\Downloadf\gestures_resized\gestures\08_palm_moved\frame_02_08_0180.png,Palm
D:\Downloadf\gestures_resized\gestures\04_fist_moved\frame_09_04_0087.png,Fist
D:\Downloadf\gestures_resized\gestures\10_down\frame_07_10_0001.png,Palm
D:\Downloadf\gestures_resized\gestures\01_palm\WIN_20260220_00_03_07_Pro.jpg,Palm
D:\Downloadf\gestures_resized\gestures\03_fist\WIN_20260217_20_35_22_Pro (2).jpg,Fist
D:\Downloadf\gestures_resized\gestures\03_fist\frame_06_03_0156.png,Fist
D:\Downloadf\gestures_resized\gestures\03_fist\WIN_20260220_00_09_52_Pro (2).jpg,Fist
D:\Downloadf\gestures_resized\gestures\04_fist_moved\WIN_20260217_20_44_36_Pro.jpg,Fist
D:\Downloadf\gestures_resized\gestures\03_fist\frame_09_03_0152.png,Fist
D:\Downloadf\gestures_resized\gestures\03_fist\WIN_20260217_19_13_40_Pro (3).jpg,Fist
D:\Downloadf\gestures_resized\gestures\03_fist\frame_09_03_0036.png,Fist
D:\Downloadf\gestures_resized\gestures\08_palm_moved\frame_01_08_0058.png,Palm
D:\Downloadf\gestures_resized\gestures\08_palm_moved\frame_08_08_0050.png,Palm
D:\Downloadf\gestures_resized\gestures\02_closeup_fist\WIN_20260220_19_15_31_Pro.jpg,Fist
D:\Downloadf\gestures_resized\gestures\01_palm\frame_06_01_0158.png,Palm
D:\Downloadf\gestures_resized\gestures\03_fist\WIN_20260217_20_37_59_Pro.jpg,Fist
D:\Downloadf\gestures_resized\gestures\10_down\WIN_20260217_18_18_05_Pro (2).jpg,Palm
D:\Downloadf\gestures_resized\gestures\01_palm\frame_03_01_0018.png,Palm
D:\Downloadf\gestures_resized\gestures\01_palm\frame_02_01_0174.png,Palm
D:\Downloadf\gestures_resized\gestures\10_down\frame_03_10_0064.png,Palm
D:\Downloadf\gestures_resized\gestures\04_fist_moved\frame_09_04_0003.png,Fist
D:\Downloadf\gestures_resized\gestures\03_fist\frame_07_03_0023.png,Fist
D:\Downloadf\gestures_resized\gestures\10_down\WIN_20260217_20_31_40_Pro.jpg,Palm
D:\Downloadf\gestures_resized\gestures\08_palm_moved\WIN_20260217_18_35_12_Pro.jpg,Palm
D:\Downloadf\gestures_resized\gestures\03_fist\frame_07_03_0168.png,Fist
D:\Downloadf\gestures_resized\gestures\01_palm\WIN_20260217_21_52_29_Pro (2).jpg,Palm
D:\Downloadf\gestures_resized\gestures\04_fist_moved\WIN_20260217_18_23_33_Pro.jpg,Fist
D:\Downloadf\gestures_resized\gestures\08_palm_moved\WIN_20260217_18_33_28_Pro (2).jpg,Palm
D:\Downloadf\gestures_resized\gestures\03_fist\frame_07_03_0069.png,Fist
D:\Downloadf\gestures_resized\gestures\03_fist\frame_00_03_0113.png,Fist
D:\Downloadf\gestures_resized\gestures\04_fist_moved\WIN_20260217_18_25_09_Pro (3).jpg,Fist
D:\Downloadf\gestures_resized\gestures\10_down\WIN_20260217_18_20_37_Pro (2).jpg,Palm
D:\Downloadf\gestures_resized\gestures\03_fist\frame_04_03_0071.png,Fist
D:\Downloadf\gestures_resized\gestures\03_fist\frame_00_03_0154.png,Fist
D:\Downloadf\gestures_resized\gestures\08_palm_moved\frame_03_08_0043.png,Palm
D:\Downloadf\gestures_resized\gestures\08_palm_moved\WIN_20260217_20_20_53_Pro.jpg,Palm
D:\Downloadf\gestures_resized\gestures\03_fist\WIN_20260220_00_09_49_Pro.jpg,Fist
D:\Downloadf\gestures_resized\gestures\03_fist\frame_03_03_0148.png,Fist
D:\Downloadf\gestures_resized\gestures\01_palm\WIN_20260220_00_02_36_Pro (3).jpg,Palm
D:\Downloadf\gestures_resized\gestures\04_fist_moved\frame_07_04_0160.png,Fist
D:\Downloadf\gestures_resized\gestures\02_closeup_fist\WIN_20260220_19_17_03_Pro.jpg,Fist
D:\Downloadf\gestures_resized\gestures\04_fist_moved\frame_04_04_0081.png,Fist
D:\Downloadf\gestures_resized\gestures\01_palm\WIN_20260220_00_02_41_Pro (3).jpg,Palm
D:\Downloadf\gestures_resized\gestures\01_palm\WIN_20260217_21_52_27_Pro (3).jpg,Palm
D:\Downloadf\gestures_resized\gestures\01_palm\frame_02_01_0083.png,Palm
D:\Downloadf\gestures_resized\gestures\10_down\frame_09_10_0024.png,Palm
D:\Downloadf\gestures_resized\gestures\02_closeup_fist\WIN_20260220_19_15_04_Pro.jpg,Fist
D:\Downloadf\gestures_resized\gestures\10_down\frame_01_10_0054.png,Palm
D:\Downloadf\gestures_resized\gestures\10_down\frame_06_10_0080.png,Palm
D:\Downloadf\gestures_resized\gestures\03_fist\WIN_20260217_18_15_36_Pro.jpg,Fist
D:\Downloadf\gestures_resized\gestures\10_down\WIN_20260217_20_31_16_Pro.jpg,Palm
D:\Downloadf\gestures_resized\gestures\10_down\frame_09_10_0030.png,Palm
D:\Downloadf\gestures_resized\gestures\03_fist\WIN_20260217_22_10_49_Pro (2).jpg,Fist
D:\Downloadf\gestures_resized\gestures\01_palm\frame_04_01_0197.png,Palm
D:\Downloadf\gestures_resized\gestures\01_palm\frame_02_01_0176.png,Palm
D:\Downloadf\gestures_resized\gestures\08_palm_moved\frame_05_08_0195.png,Palm
D:\Downloadf\gestures_resized\gestures\03_fist\frame_08_03_0166.png,Fist
D:\Downloadf\gestures_resized\gestures\08_palm_moved\frame_07_08_0048.png,Palm
D:\Downloadf\gestures_resized\gestures\08_palm_moved\frame_03_08_0143.png,Palm
D:\Downloadf\gestures_resized\gestures\03_fist\frame_09_03_0006.png,Fist
D:\Downloadf\gestures_resized\gestures\03_fist\frame_07_03_0152.png,Fist
D:\Downloadf\gestures_resized\gestures\03_fist\frame_03_03_0036.png,Fist
D:\Downloadf\gestures_resized\gestures\01_palm\frame_07_01_0047.png,Palm
D:\Downloadf\gestures_resized\gestures\03_fist\frame_02_03_0137.png,Fist
D:\Downloadf\gestures_resized\gestures\08_palm_moved\WIN_20260217_20_18_15_Pro.jpg,Palm
D:\Downloadf\gestures_resized\gestures\08_palm_moved\frame_06_08_0089.png,Palm
D:\Downloadf\gestures_resized\gestures\03_fist\frame_05_03_0009.png,Fist
D:\Downloadf\gestures_resized\gestures\04_fist_moved\frame_02_04_0093.png,Fist
D:\Downloadf\gestures_resized\gestures\03_fist\frame_09_03_0059.png,Fist
D:\Downloadf\gestures_resized\gestures\03_fist\frame_03_03_0021.png,Fist
D:\Downloadf\gestures_resized\gestures\08_palm_moved\frame_06_08_0084.png,Palm
D:\Downloadf\gestures_resized\gestures\03_fist\frame_00_03_0043.png,Fist
D:\Downloadf\gestures_resized\gestures\04_fist_moved\frame_07_04_0183.png,Fist
D:\Downloadf\gestures_resized\gestures\03_fist\frame_08_03_0055.png,Fist
D:\Downloadf\gestures_resized\gestures\03_fist\frame_06_03_0067.png,Fist
D:\Downloadf\gestures_resized\gestures\10_down\frame_00_10_0170.png,Palm
D:\Downloadf\gestures_resized\gestures\01_palm\frame_04_01_0107.png,Palm
D:\Downloadf\gestures_resized\gestures\04_fist_moved\frame_09_04_0032.png,Fist
D:\Downloadf\gestures_resized\gestures\04_fist_moved\WIN_20260217_20_44_32_Pro.jpg,Fist
D:\Downloadf\gestures_resized\gestures\01_palm\frame_00_01_0179.png,Palm
D:\Downloadf\gestures_resized\gestures\04_fist_moved\frame_04_04_0025.png,Fist
D:\Downloadf\gestures_resized\gestures\03_fist\frame_09_03_0061.png,Fist
D:\Downloadf\gestures_resized\gestures\10_down\frame_02_10_0192.png,Palm
D:\Downloadf\gestures_resized\gestures\10_down\frame_04_10_0192.png,Palm
D:\Downloadf\gestures_resized\gestures\08_palm_moved\frame_03_08_0170.png,Palm
D:\Downloadf\gestures_resized\gestures\01_palm\frame_03_01_0014.png,Palm
D:\Downloadf\gestures_resized\gestures\03_fist\frame_07_03_0018.png,Fist
D:\Downloadf\gestures_resized\gestures\10_down\WIN_20260217_18_20_35_Pro.jpg,Palm
D:\Downloadf\gestures_resized\gestures\03_fist\frame_00_03_0066.png,Fist
D:\Downloadf\gestures_resized\gestures\04_fist_moved\frame_04_04_0020.png,Fist
D:\Downloadf\gestures_resized\gestures\04_fist_moved\frame_01_04_0198.png,Fist
D:\Downloadf\gestures_resized\gestures\01_palm\frame_00_01_0021.png,Palm
D:\Downloadf\gestures_resized\gestures\08_palm_moved\frame_05_08_0077.png,Palm
D:\Downloadf\gestures_resized\gestures\03_fist\frame_05_03_0042.png,Fist
D:\Downloadf\gestures_resized\gestures\03_fist\WIN_20260217_22_04_39_Pro (4).jpg,Fist
D:\Downloadf\gestures_resized\gestures\08_palm_moved\WIN_20260217_18_35_19_Pro.jpg,Palm
D:\Downloadf\gestures_resized\gestures\01_palm\frame_05_01_0022.png,Palm
D:\Downloadf\gestures_resized\gestures\01_palm\frame_00_01_0041.png,Palm
D:\Downloadf\gestures_resized\gestures\01_palm\frame_07_01_0046.png,Palm
D:\Downloadf\gestures_resized\gestures\08_palm_moved\frame_09_08_0125.png,Palm
D:\Downloadf\gestures_resized\gestures\08_palm_moved\frame_02_08_0026.png,Palm
D:\Downloadf\gestures_resized\gestures\04_fist_moved\frame_05_04_0049.png,Fist
D:\Downloadf\gestures_resized\gestures\01_palm\frame_00_01_0109.png,Palm
D:\Downloadf\gestures_resized\gestures\03_fist\WIN_20260217_19_12_27_Pro (3).jpg,Fist
D:\Downloadf\gestures_resized\gestures\08_palm_moved\frame_01_08_0031.png,Palm
D:\Downloadf\gestures_resized\gestures\08_palm_moved\WIN_20260217_20_18_29_Pro.jpg,Palm
D:\Downloadf\gestures_resized\gestures\10_down\frame_03_10_0200.png,Palm
D:\Downloadf\gestures_resized\gestures\03_fist\frame_07_03_0174.png,Fist
D:\Downloadf\gestures_resized\gestures\03_fist\frame_08_03_0125.png,Fist
D:\Downloadf\gestures_resized\gestures\03_fist\frame_06_03_0094.png,Fist
D:\Downloadf\gestures_resized\gestures\01_palm\frame_07_01_0190.png,Palm
D:\Downloadf\gestures_resized\gestures\01_palm\frame_09_01_0198.png,Palm
D:\Downloadf\gestures_resized\gestures\10_down\frame_00_10_0193.png,Palm
D:\Downloadf\gestures_resized\gestures\03_fist\frame_07_03_0051.png,Fist
D:\Downloadf\gestures_resized\gestures\03_fist\frame_08_03_0006.png,Fist
D:\Downloadf\gestures_resized\gestures\01_palm\frame_00_01_0078.png,Palm
D:\Downloadf\gestures_resized\gestures\03_fist\frame_09_03_0134.png,Fist
D:\Downloadf\gestures_resized\gestures\01_palm\frame_03_01_0065.png,Palm
D:\Downloadf\gestures_resized\gestures\08_palm_moved\WIN_20260217_20_18_39_Pro.jpg,Palm
D:\Downloadf\gestures_resized\gestures\10_down\frame_03_10_0031.png,Palm
D:\Downloadf\gestures_resized\gestures\01_palm\WIN_20260220_00_04_46_Pro.jpg,Palm
D:\Downloadf\gestures_resized\gestures\01_palm\WIN_20260217_20_06_52_Pro.jpg,Palm
D:\Downloadf\gestures_resized\gestures\01_palm\WIN_20260220_00_03_29_Pro (3).jpg,Palm
D:\Downloadf\gestures_resized\gestures\03_fist\frame_07_03_0161.png,Fist
D:\Downloadf\gestures_resized\gestures\03_fist\frame_08_03_0167.png,Fist
D:\Downloadf\gestures_resized\gestures\08_palm_moved\frame_03_08_0138.png,Palm
D:\Downloadf\gestures_resized\gestures\08_palm_moved\frame_01_08_0151.png,Palm
D:\Downloadf\gestures_resized\gestures\08_palm_moved\frame_01_08_0002.png,Palm
D:\Downloadf\gestures_resized\gestures\03_fist\frame_05_03_0147.png,Fist
D:\Downloadf\gestures_resized\gestures\03_fist\WIN_20260217_22_04_37_Pro.jpg,Fist
D:\Downloadf\gestures_resized\gestures\08_palm_moved\frame_06_08_0168.png,Palm
D:\Downloadf\gestures_resized\gestures\03_fist\frame_09_03_0121.png,Fist
D:\Downloadf\gestures_resized\gestures\03_fist\frame_01_03_0084.png,Fist
D:\Downloadf\gestures_resized\gestures\03_fist\frame_06_03_0167.png,Fist
D:\Downloadf\gestures_resized\gestures\04_fist_moved\frame_04_04_0006.png,Fist
D:\Downloadf\gestures_resized\gestures\03_fist\WIN_20260217_20_38_32_Pro.jpg,Fist
D:\Downloadf\gestures_resized\gestures\01_palm\frame_00_01_0063.png,Palm
D:\Downloadf\gestures_resized\gestures\03_fist\frame_07_03_0148.png,Fist
D:\Downloadf\gestures_resized\gestures\03_fist\frame_07_03_0050.png,Fist
D:\Downloadf\gestures_resized\gestures\03_fist\frame_00_03_0030.png,Fist
D:\Downloadf\gestures_resized\gestures\01_palm\frame_00_01_0105.png,Palm
D:\Downloadf\gestures_resized\gestures\03_fist\frame_08_03_0164.png,Fist
D:\Downloadf\gestures_resized\gestures\03_fist\frame_03_03_0134.png,Fist
D:\Downloadf\gestures_resized\gestures\01_palm\WIN_20260220_00_03_25_Pro (2).jpg,Palm
D:\Downloadf\gestures_resized\gestures\04_fist_moved\frame_02_04_0021.png,Fist
D:\Downloadf\gestures_resized\gestures\04_fist_moved\WIN_20260217_22_21_47_Pro (3).jpg,Fist
D:\Downloadf\gestures_resized\gestures\04_fist_moved\frame_01_04_0015.png,Fist
D:\Downloadf\gestures_resized\gestures\08_palm_moved\frame_05_08_0126.png,Palm
D:\Downloadf\gestures_resized\gestures\03_fist\frame_08_03_0123.png,Fist
D:\Downloadf\gestures_resized\gestures\03_fist\frame_08_03_0184.png,Fist
D:\Downloadf\gestures_resized\gestures\08_palm_moved\frame_03_08_0057.png,Palm
D:\Downloadf\gestures_resized\gestures\01_palm\frame_09_01_0016.png,Palm
D:\Downloadf\gestures_resized\gestures\03_fist\frame_08_03_0078.png,Fist
D:\Downloadf\gestures_resized\gestures\03_fist\frame_03_03_0003.png,Fist
D:\Downloadf\gestures_resized\gestures\03_fist\WIN_20260217_22_10_58_Pro (2).jpg,Fist
D:\Downloadf\gestures_resized\gestures\10_down\frame_00_10_0067.png,Palm
D:\Downloadf\gestures_resized\gestures\04_fist_moved\frame_01_04_0179.png,Fist
D:\Downloadf\gestures_resized\gestures\03_fist\frame_08_03_0148.png,Fist
D:\Downloadf\gestures_resized\gestures\08_palm_moved\frame_04_08_0174.png,Palm
D:\Downloadf\gestures_resized\gestures\08_palm_moved\frame_00_08_0059.png,Palm
D:\Downloadf\gestures_resized\gestures\08_palm_moved\frame_01_08_0051.png,Palm
D:\Downloadf\gestures_resized\gestures\03_fist\Right\frame_09_03_0085.png,Fist
D:\Downloadf\gestures_resized\gestures\08_palm_moved\frame_03_08_0038.png,Palm
D:\Downloadf\gestures_resized\gestures\04_fist_moved\frame_06_04_0009.png,Fist
D:\Downloadf\gestures_resized\gestures\04_fist_moved\frame_09_04_0031.png,Fist
D:\Downloadf\gestures_resized\gestures\03_fist\frame_01_03_0165.png,Fist
D:\Downloadf\gestures_resized\gestures\01_palm\WIN_20260217_21_52_14_Pro (2).jpg,Palm
D:\Downloadf\gestures_resized\gestures\10_down\frame_01_10_0051.png,Palm
D:\Downloadf\gestures_resized\gestures\10_down\WIN_20260217_18_17_41_Pro.jpg,Palm
D:\Downloadf\gestures_resized\gestures\08_palm_moved\WIN_20260217_18_35_06_Pro.jpg,Palm
D:\Downloadf\gestures_resized\gestures\03_fist\frame_06_03_0178.png,Fist
D:\Downloadf\gestures_resized\gestures\03_fist\frame_06_03_0155.png,Fist
D:\Downloadf\gestures_resized\gestures\01_palm\frame_06_01_0174.png,Palm
D:\Downloadf\gestures_resized\gestures\08_palm_moved\WIN_20260217_20_18_44_Pro.jpg,Palm
D:\Downloadf\gestures_resized\gestures\04_fist_moved\frame_08_04_0184.png,Fist
D:\Downloadf\gestures_resized\gestures\04_fist_moved\frame_00_04_0022.png,Fist
D:\Downloadf\gestures_resized\gestures\10_down\frame_08_10_0175.png,Palm
D:\Downloadf\gestures_resized\gestures\10_down\frame_09_10_0130.png,Palm
D:\Downloadf\gestures_resized\gestures\03_fist\frame_05_03_0191.png,Fist
D:\Downloadf\gestures_resized\gestures\03_fist\WIN_20260217_22_04_52_Pro.jpg,Fist
D:\Downloadf\gestures_resized\gestures\03_fist\frame_07_03_0189.png,Fist
D:\Downloadf\gestures_resized\gestures\03_fist\frame_00_03_0063.png,Fist
D:\Downloadf\gestures_resized\gestures\03_fist\frame_09_03_0110.png,Fist
D:\Downloadf\gestures_resized\gestures\03_fist\frame_04_03_0174.png,Fist
D:\Downloadf\gestures_resized\gestures\08_palm_moved\WIN_20260217_18_33_08_Pro (2).jpg,Palm
D:\Downloadf\gestures_resized\gestures\10_down\frame_03_10_0102.png,Palm
D:\Downloadf\gestures_resized\gestures\08_palm_moved\frame_02_08_0019.png,Palm
D:\Downloadf\gestures_resized\gestures\03_fist\frame_06_03_0084.png,Fist
D:\Downloadf\gestures_resized\gestures\04_fist_moved\frame_04_04_0160.png,Fist
D:\Downloadf\gestures_resized\gestures\08_palm_moved\frame_02_08_0021.png,Palm
D:\Downloadf\gestures_resized\gestures\01_palm\frame_00_01_0010.png,Palm
D:\Downloadf\gestures_resized\gestures\04_fist_moved\frame_03_04_0062.png,Fist
D:\Downloadf\gestures_resized\gestures\01_palm\frame_03_01_0199.png,Palm
D:\Downloadf\gestures_resized\gestures\01_palm\frame_07_01_0035.png,Palm
D:\Downloadf\gestures_resized\gestures\03_fist\frame_06_03_0069.png,Fist
D:\Downloadf\gestures_resized\gestures\03_fist\frame_04_03_0074.png,Fist
D:\Downloadf\gestures_resized\gestures\01_palm\WIN_20260220_00_02_47_Pro (2).jpg,Palm
D:\Downloadf\gestures_resized\gestures\01_palm\frame_00_01_0112.png,Palm
D:\Downloadf\gestures_resized\gestures\03_fist\frame_02_03_0076.png,Fist
D:\Downloadf\gestures_resized\gestures\03_fist\frame_07_03_0132.png,Fist
D:\Downloadf\gestures_resized\gestures\08_palm_moved\WIN_20260217_18_33_03_Pro.jpg,Palm
D:\Downloadf\gestures_resized\gestures\10_down\WIN_20260217_18_19_40_Pro (2).jpg,Palm
D:\Downloadf\gestures_resized\gestures\01_palm\frame_07_01_0052.png,Palm
D:\Downloadf\gestures_resized\gestures\08_palm_moved\WIN_20260217_22_18_12_Pro (4).jpg,Palm
D:\Downloadf\gestures_resized\gestures\01_palm\frame_03_01_0012.png,Palm
D:\Downloadf\gestures_resized\gestures\01_palm\WIN_20260217_20_09_06_Pro.jpg,Palm
D:\Downloadf\gestures_resized\gestures\03_fist\frame_07_03_0162.png,Fist
D:\Downloadf\gestures_resized\gestures\10_down\frame_02_10_0017.png,Palm
D:\Downloadf\gestures_resized\gestures\10_down\WIN_20260217_20_30_23_Pro.jpg,Palm
D:\Downloadf\gestures_resized\gestures\08_palm_moved\frame_09_08_0037.png,Palm
D:\Downloadf\gestures_resized\gestures\01_palm\frame_05_01_0078.png,Palm
D:\Downloadf\gestures_resized\gestures\01_palm\frame_00_01_0025.png,Palm
D:\Downloadf\gestures_resized\gestures\03_fist\frame_05_03_0096.png,Fist
D:\Downloadf\gestures_resized\gestures\04_fist_moved\frame_01_04_0185.png,Fist
D:\Downloadf\gestures_resized\gestures\10_down\WIN_20260217_20_31_39_Pro.jpg,Palm
D:\Downloadf\gestures_resized\gestures\03_fist\frame_03_03_0189.png,Fist
D:\Downloadf\gestures_resized\gestures\03_fist\frame_08_03_0146.png,Fist
D:\Downloadf\gestures_resized\gestures\03_fist\Right\frame_09_03_0146.png,Fist
D:\Downloadf\gestures_resized\gestures\01_palm\WIN_20260220_00_02_06_Pro (2).jpg,Palm
D:\Downloadf\gestures_resized\gestures\03_fist\Right\frame_09_03_0016.png,Fist
D:\Downloadf\gestures_resized\gestures\01_palm\frame_00_01_0182.png,Palm
D:\Downloadf\gestures_resized\gestures\08_palm_moved\frame_03_08_0036.png,Palm
D:\Downloadf\gestures_resized\gestures\10_down\frame_08_10_0041.png,Palm
D:\Downloadf\gestures_resized\gestures\08_palm_moved\frame_03_08_0162.png,Palm
D:\Downloadf\gestures_resized\gestures\10_down\frame_05_10_0146.png,Palm
D:\Downloadf\gestures_resized\gestures\01_palm\frame_06_01_0051.png,Palm
D:\Downloadf\gestures_resized\gestures\03_fist\WIN_20260217_22_10_50_Pro.jpg,Fist
D:\Downloadf\gestures_resized\gestures\04_fist_moved\frame_00_04_0048.png,Fist
D:\Downloadf\gestures_resized\gestures\01_palm\frame_01_01_0001.png,Palm
D:\Downloadf\gestures_resized\gestures\08_palm_moved\frame_09_08_0025.png,Palm
D:\Downloadf\gestures_resized\gestures\03_fist\WIN_20260217_18_02_50_Pro (2).jpg,Fist
D:\Downloadf\gestures_resized\gestures\01_palm\WIN_20260217_17_32_26_Pro.jpg,Palm
D:\Downloadf\gestures_resized\gestures\04_fist_moved\frame_09_04_0078.png,Fist
D:\Downloadf\gestures_resized\gestures\10_down\frame_05_10_0191.png,Palm
D:\Downloadf\gestures_resized\gestures\03_fist\frame_03_03_0141.png,Fist
D:\Downloadf\gestures_resized\gestures\10_down\frame_09_10_0021.png,Palm
D:\Downloadf\gestures_resized\gestures\01_palm\WIN_20260220_00_03_53_Pro.jpg,Palm
D:\Downloadf\gestures_resized\gestures\01_palm\WIN_20260217_21_52_19_Pro (3).jpg,Palm
D:\Downloadf\gestures_resized\gestures\01_palm\WIN_20260220_00_02_15_Pro.jpg,Palm
D:\Downloadf\gestures_resized\gestures\01_palm\WIN_20260220_00_02_47_Pro.jpg,Palm
D:\Downloadf\gestures_resized\gestures\10_down\frame_00_10_0176.png,Palm
D:\Downloadf\gestures_resized\gestures\04_fist_moved\frame_08_04_0005.png,Fist
D:\Downloadf\gestures_resized\gestures\01_palm\frame_03_01_0070.png,Palm
D:\Downloadf\gestures_resized\gestures\02_closeup_fist\WIN_20260220_19_16_19_Pro.jpg,Fist
D:\Downloadf\gestures_resized\gestures\01_palm\WIN_20260220_00_03_21_Pro (2).jpg,Palm
D:\Downloadf\gestures_resized\gestures\10_down\WIN_20260217_18_18_22_Pro.jpg,Palm
D:\Downloadf\gestures_resized\gestures\02_closeup_fist\WIN_20260220_19_15_34_Pro.jpg,Fist
D:\Downloadf\gestures_resized\gestures\03_fist\frame_08_03_0140.png,Fist
D:\Downloadf\gestures_resized\gestures\03_fist\Right\frame_09_03_0028.png,Fist
D:\Downloadf\gestures_resized\gestures\03_fist\frame_02_03_0032.png,Fist
D:\Downloadf\gestures_resized\gestures\03_fist\frame_03_03_0142.png,Fist
D:\Downloadf\gestures_resized\gestures\08_palm_moved\frame_06_08_0164.png,Palm
D:\Downloadf\gestures_resized\gestures\01_palm\frame_06_01_0066.png,Palm
D:\Downloadf\gestures_resized\gestures\01_palm\frame_01_01_0042.png,Palm
D:\Downloadf\gestures_resized\gestures\03_fist\frame_00_03_0054.png,Fist
D:\Downloadf\gestures_resized\gestures\01_palm\frame_08_01_0182.png,Palm
D:\Downloadf\gestures_resized\gestures\08_palm_moved\frame_02_08_0107.png,Palm
D:\Downloadf\gestures_resized\gestures\03_fist\frame_01_03_0047.png,Fist
D:\Downloadf\gestures_resized\gestures\01_palm\frame_07_01_0001.png,Palm
D:\Downloadf\gestures_resized\gestures\03_fist\frame_03_03_0049.png,Fist
D:\Downloadf\gestures_resized\gestures\03_fist\frame_01_03_0117.png,Fist
D:\Downloadf\gestures_resized\gestures\04_fist_moved\frame_03_04_0180.png,Fist
D:\Downloadf\gestures_resized\gestures\10_down\WIN_20260217_20_31_06_Pro.jpg,Palm
D:\Downloadf\gestures_resized\gestures\03_fist\frame_07_03_0058.png,Fist
D:\Downloadf\gestures_resized\gestures\08_palm_moved\frame_07_08_0149.png,Palm
D:\Downloadf\gestures_resized\gestures\08_palm_moved\WIN_20260217_22_14_27_Pro (2).jpg,Palm
D:\Downloadf\gestures_resized\gestures\04_fist_moved\frame_04_04_0070.png,Fist
D:\Downloadf\gestures_resized\gestures\10_down\WIN_20260217_20_30_02_Pro (2).jpg,Palm
D:\Downloadf\gestures_resized\gestures\01_palm\WIN_20260220_00_04_04_Pro (3).jpg,Palm
D:\Downloadf\gestures_resized\gestures\03_fist\frame_01_03_0080.png,Fist
D:\Downloadf\gestures_resized\gestures\01_palm\frame_03_01_0078.png,Palm
D:\Downloadf\gestures_resized\gestures\03_fist\frame_00_03_0125.png,Fist
D:\Downloadf\gestures_resized\gestures\08_palm_moved\WIN_20260217_22_18_13_Pro (2).jpg,Palm
D:\Downloadf\gestures_resized\gestures\08_palm_moved\WIN_20260217_18_33_23_Pro (2).jpg,Palm
D:\Downloadf\gestures_resized\gestures\08_palm_moved\frame_07_08_0014.png,Palm
D:\Downloadf\gestures_resized\gestures\03_fist\frame_04_03_0183.png,Fist
D:\Downloadf\gestures_resized\gestures\03_fist\WIN_20260220_00_09_49_Pro (2).jpg,Fist
D:\Downloadf\gestures_resized\gestures\01_palm\frame_06_01_0178.png,Palm
D:\Downloadf\gestures_resized\gestures\03_fist\frame_06_03_0057.png,Fist
D:\Downloadf\gestures_resized\gestures\10_down\WIN_20260217_20_29_49_Pro.jpg,Palm
D:\Downloadf\gestures_resized\gestures\08_palm_moved\frame_03_08_0019.png,Palm
D:\Downloadf\gestures_resized\gestures\08_palm_moved\frame_05_08_0028.png,Palm
D:\Downloadf\gestures_resized\gestures\01_palm\frame_04_01_0108.png,Palm
D:\Downloadf\gestures_resized\gestures\04_fist_moved\WIN_20260217_18_23_47_Pro (3).jpg,Fist
D:\Downloadf\gestures_resized\gestures\04_fist_moved\frame_09_04_0179.png,Fist
D:\Downloadf\gestures_resized\gestures\03_fist\frame_02_03_0064.png,Fist
D:\Downloadf\gestures_resized\gestures\10_down\frame_04_10_0148.png,Palm
D:\Downloadf\gestures_resized\gestures\08_palm_moved\frame_04_08_0158.png,Palm
D:\Downloadf\gestures_resized\gestures\01_palm\frame_07_01_0177.png,Palm
D:\Downloadf\gestures_resized\gestures\08_palm_moved\frame_00_08_0008.png,Palm
D:\Downloadf\gestures_resized\gestures\04_fist_moved\frame_00_04_0185.png,Fist
D:\Downloadf\gestures_resized\gestures\04_fist_moved\frame_06_04_0153.png,Fist
D:\Downloadf\gestures_resized\gestures\08_palm_moved\WIN_20260217_20_19_26_Pro (2).jpg,Palm
D:\Downloadf\gestures_resized\gestures\03_fist\frame_04_03_0165.png,Fist
D:\Downloadf\gestures_resized\gestures\03_fist\frame_03_03_0028.png,Fist
D:\Downloadf\gestures_resized\gestures\03_fist\frame_06_03_0063.png,Fist
D:\Downloadf\gestures_resized\gestures\01_palm\WIN_20260217_20_11_31_Pro.jpg,Palm
D:\Downloadf\gestures_resized\gestures\01_palm\frame_09_01_0169.png,Palm
D:\Downloadf\gestures_resized\gestures\01_palm\frame_02_01_0019.png,Palm
D:\Downloadf\gestures_resized\gestures\08_palm_moved\frame_06_08_0187.png,Palm
D:\Downloadf\gestures_resized\gestures\03_fist\WIN_20260217_20_35_34_Pro.jpg,Fist
D:\Downloadf\gestures_resized\gestures\03_fist\frame_07_03_0185.png,Fist
D:\Downloadf\gestures_resized\gestures\03_fist\frame_09_03_0165.png,Fist
D:\Downloadf\gestures_resized\gestures\08_palm_moved\frame_05_08_0129.png,Palm
D:\Downloadf\gestures_resized\gestures\04_fist_moved\frame_03_04_0181.png,Fist
D:\Downloadf\gestures_resized\gestures\08_palm_moved\frame_07_08_0193.png,Palm
D:\Downloadf\gestures_resized\gestures\03_fist\frame_02_03_0117.png,Fist
D:\Downloadf\gestures_resized\gestures\03_fist\frame_01_03_0163.png,Fist
D:\Downloadf\gestures_resized\gestures\04_fist_moved\frame_06_04_0177.png,Fist
D:\Downloadf\gestures_resized\gestures\03_fist\frame_09_03_0024.png,Fist
D:\Downloadf\gestures_resized\gestures\03_fist\WIN_20260217_19_12_26_Pro (2).jpg,Fist
D:\Downloadf\gestures_resized\gestures\08_palm_moved\frame_07_08_0015.png,Palm
D:\Downloadf\gestures_resized\gestures\03_fist\frame_07_03_0006.png,Fist
D:\Downloadf\gestures_resized\gestures\01_palm\frame_06_01_0188.png,Palm
D:\Downloadf\gestures_resized\gestures\03_fist\WIN_20260217_22_04_33_Pro (3).jpg,Fist
D:\Downloadf\gestures_resized\gestures\10_down\WIN_20260217_18_17_44_Pro.jpg,Palm
D:\Downloadf\gestures_resized\gestures\08_palm_moved\frame_06_08_0198.png,Palm
D:\Downloadf\gestures_resized\gestures\04_fist_moved\frame_00_04_0061.png,Fist
D:\Downloadf\gestures_resized\gestures\03_fist\frame_07_03_0047.png,Fist
D:\Downloadf\gestures_resized\gestures\10_down\frame_03_10_0198.png,Palm
D:\Downloadf\gestures_resized\gestures\08_palm_moved\frame_05_08_0144.png,Palm
D:\Downloadf\gestures_resized\gestures\01_palm\WIN_20260217_20_12_25_Pro.jpg,Palm
D:\Downloadf\gestures_resized\gestures\01_palm\frame_01_01_0038.png,Palm
D:\Downloadf\gestures_resized\gestures\03_fist\frame_06_03_0024.png,Fist
D:\Downloadf\gestures_resized\gestures\01_palm\frame_01_01_0035.png,Palm
D:\Downloadf\gestures_resized\gestures\08_palm_moved\frame_03_08_0037.png,Palm
D:\Downloadf\gestures_resized\gestures\03_fist\frame_09_03_0075.png,Fist
D:\Downloadf\gestures_resized\gestures\03_fist\frame_06_03_0134.png,Fist
D:\Downloadf\gestures_resized\gestures\01_palm\frame_00_01_0077.png,Palm
D:\Downloadf\gestures_resized\gestures\04_fist_moved\frame_06_04_0043.png,Fist
D:\Downloadf\gestures_resized\gestures\01_palm\WIN_20260220_00_02_16_Pro (2).jpg,Palm
D:\Downloadf\gestures_resized\gestures\01_palm\WIN_20260217_20_01_45_Pro.jpg,Palm
D:\Downloadf\gestures_resized\gestures\08_palm_moved\frame_06_08_0061.png,Palm
D:\Downloadf\gestures_resized\gestures\01_palm\frame_04_01_0045.png,Palm
D:\Downloadf\gestures_resized\gestures\04_fist_moved\frame_07_04_0033.png,Fist
D:\Downloadf\gestures_resized\gestures\04_fist_moved\frame_05_04_0055.png,Fist
D:\Downloadf\gestures_resized\gestures\03_fist\frame_03_03_0165.png,Fist
D:\Downloadf\gestures_resized\gestures\04_fist_moved\frame_08_04_0030.png,Fist
D:\Downloadf\gestures_resized\gestures\03_fist\frame_02_03_0055.png,Fist
D:\Downloadf\gestures_resized\gestures\03_fist\WIN_20260220_00_09_45_Pro (2).jpg,Fist
D:\Downloadf\gestures_resized\gestures\03_fist\WIN_20260217_19_12_22_Pro.jpg,Fist
D:\Downloadf\gestures_resized\gestures\03_fist\frame_05_03_0141.png,Fist
D:\Downloadf\gestures_resized\gestures\10_down\WIN_20260217_20_30_52_Pro.jpg,Palm
D:\Downloadf\gestures_resized\gestures\01_palm\frame_07_01_0053.png,Palm
D:\Downloadf\gestures_resized\gestures\08_palm_moved\WIN_20260217_22_14_33_Pro (2).jpg,Palm
D:\Downloadf\gestures_resized\gestures\03_fist\frame_02_03_0014.png,Fist
D:\Downloadf\gestures_resized\gestures\01_palm\frame_05_01_0021.png,Palm
D:\Downloadf\gestures_resized\gestures\03_fist\frame_07_03_0032.png,Fist
D:\Downloadf\gestures_resized\gestures\01_palm\frame_09_01_0186.png,Palm
D:\Downloadf\gestures_resized\gestures\10_down\frame_06_10_0143.png,Palm
D:\Downloadf\gestures_resized\gestures\03_fist\frame_05_03_0087.png,Fist
D:\Downloadf\gestures_resized\gestures\02_closeup_fist\WIN_20260220_19_16_54_Pro.jpg,Fist
D:\Downloadf\gestures_resized\gestures\01_palm\WIN_20260217_21_52_13_Pro (4).jpg,Palm
D:\Downloadf\gestures_resized\gestures\08_palm_moved\WIN_20260217_20_19_27_Pro.jpg,Palm
D:\Downloadf\gestures_resized\gestures\08_palm_moved\frame_04_08_0145.png,Palm
D:\Downloadf\gestures_resized\gestures\04_fist_moved\frame_00_04_0131.png,Fist
D:\Downloadf\gestures_resized\gestures\03_fist\WIN_20260217_22_04_45_Pro (2).jpg,Fist
D:\Downloadf\gestures_resized\gestures\03_fist\frame_05_03_0033.png,Fist
D:\Downloadf\gestures_resized\gestures\03_fist\Right\frame_09_03_0046.png,Fist
D:\Downloadf\gestures_resized\gestures\03_fist\frame_02_03_0172.png,Fist
D:\Downloadf\gestures_resized\gestures\08_palm_moved\frame_03_08_0058.png,Palm
D:\Downloadf\gestures_resized\gestures\03_fist\frame_01_03_0137.png,Fist
D:\Downloadf\gestures_resized\gestures\01_palm\frame_01_01_0026.png,Palm
D:\Downloadf\gestures_resized\gestures\03_fist\frame_05_03_0166.png,Fist
D:\Downloadf\gestures_resized\gestures\03_fist\frame_06_03_0091.png,Fist
D:\Downloadf\gestures_resized\gestures\01_palm\WIN_20260217_21_52_12_Pro (4).jpg,Palm
D:\Downloadf\gestures_resized\gestures\08_palm_moved\WIN_20260217_18_33_20_Pro.jpg,Palm
D:\Downloadf\gestures_resized\gestures\10_down\frame_02_10_0190.png,Palm
D:\Downloadf\gestures_resized\gestures\03_fist\frame_05_03_0068.png,Fist
D:\Downloadf\gestures_resized\gestures\01_palm\WIN_20260220_00_02_40_Pro.jpg,Palm
D:\Downloadf\gestures_resized\gestures\03_fist\WIN_20260217_19_13_47_Pro (2).jpg,Fist
D:\Downloadf\gestures_resized\gestures\03_fist\WIN_20260217_22_10_50_Pro (3).jpg,Fist
D:\Downloadf\gestures_resized\gestures\03_fist\frame_07_03_0081.png,Fist
D:\Downloadf\gestures_resized\gestures\03_fist\WIN_20260217_22_04_27_Pro (3).jpg,Fist
D:\Downloadf\gestures_resized\gestures\08_palm_moved\frame_09_08_0008.png,Palm
D:\Downloadf\gestures_resized\gestures\03_fist\frame_01_03_0088.png,Fist
D:\Downloadf\gestures_resized\gestures\01_palm\frame_03_01_0064.png,Palm
D:\Downloadf\gestures_resized\gestures\10_down\frame_05_10_0077.png,Palm
D:\Downloadf\gestures_resized\gestures\01_palm\frame_01_01_0018.png,Palm
D:\Downloadf\gestures_resized\gestures\04_fist_moved\frame_02_04_0089.png,Fist
D:\Downloadf\gestures_resized\gestures\01_palm\WIN_20260217_21_52_30_Pro (3).jpg,Palm
D:\Downloadf\gestures_resized\gestures\04_fist_moved\frame_09_04_0176.png,Fist
D:\Downloadf\gestures_resized\gestures\08_palm_moved\WIN_20260217_20_19_01_Pro.jpg,Palm
D:\Downloadf\gestures_resized\gestures\03_fist\frame_04_03_0021.png,Fist
D:\Downloadf\gestures_resized\gestures\04_fist_moved\WIN_20260217_22_22_00_Pro.jpg,Fist
D:\Downloadf\gestures_resized\gestures\03_fist\frame_07_03_0116.png,Fist
D:\Downloadf\gestures_resized\gestures\01_palm\WIN_20260220_00_03_18_Pro (3).jpg,Palm
D:\Downloadf\gestures_resized\gestures\10_down\WIN_20260217_20_31_00_Pro (2).jpg,Palm
D:\Downloadf\gestures_resized\gestures\03_fist\WIN_20260217_22_04_43_Pro (5).jpg,Fist
D:\Downloadf\gestures_resized\gestures\01_palm\WIN_20260217_20_09_09_Pro.jpg,Palm
D:\Downloadf\gestures_resized\gestures\08_palm_moved\frame_01_08_0181.png,Palm
D:\Downloadf\gestures_resized\gestures\03_fist\frame_08_03_0161.png,Fist
D:\Downloadf\gestures_resized\gestures\03_fist\Right\frame_09_03_0060.png,Fist
D:\Downloadf\gestures_resized\gestures\03_fist\frame_00_03_0104.png,Fist
D:\Downloadf\gestures_resized\gestures\10_down\frame_00_10_0177.png,Palm
D:\Downloadf\gestures_resized\gestures\03_fist\frame_06_03_0092.png,Fist
D:\Downloadf\gestures_resized\gestures\03_fist\frame_06_03_0028.png,Fist
D:\Downloadf\gestures_resized\gestures\01_palm\WIN_20260220_00_02_08_Pro (2).jpg,Palm
D:\Downloadf\gestures_resized\gestures\03_fist\WIN_20260217_22_10_59_Pro (4).jpg,Fist
D:\Downloadf\gestures_resized\gestures\01_palm\WIN_20260217_21_52_11_Pro (3).jpg,Palm
D:\Downloadf\gestures_resized\gestures\03_fist\frame_03_03_0196.png,Fist
D:\Downloadf\gestures_resized\gestures\08_palm_moved\frame_01_08_0152.png,Palm
D:\Downloadf\gestures_resized\gestures\03_fist\frame_07_03_0071.png,Fist
D:\Downloadf\gestures_resized\gestures\08_palm_moved\frame_08_08_0135.png,Palm
D:\Downloadf\gestures_resized\gestures\04_fist_moved\frame_05_04_0179.png,Fist
D:\Downloadf\gestures_resized\gestures\08_palm_moved\WIN_20260217_20_19_59_Pro.jpg,Palm
D:\Downloadf\gestures_resized\gestures\03_fist\frame_09_03_0093.png,Fist
D:\Downloadf\gestures_resized\gestures\03_fist\frame_08_03_0141.png,Fist
D:\Downloadf\gestures_resized\gestures\04_fist_moved\frame_07_04_0185.png,Fist
D:\Downloadf\gestures_resized\gestures\08_palm_moved\frame_02_08_0172.png,Palm
D:\Downloadf\gestures_resized\gestures\10_down\WIN_20260217_18_18_04_Pro (2).jpg,Palm
D:\Downloadf\gestures_resized\gestures\03_fist\frame_02_03_0067.png,Fist
D:\Downloadf\gestures_resized\gestures\03_fist\frame_05_03_0034.png,Fist
D:\Downloadf\gestures_resized\gestures\08_palm_moved\frame_08_08_0038.png,Palm
D:\Downloadf\gestures_resized\gestures\08_palm_moved\WIN_20260217_18_35_04_Pro.jpg,Palm
D:\Downloadf\gestures_resized\gestures\01_palm\frame_07_01_0163.png,Palm
D:\Downloadf\gestures_resized\gestures\10_down\frame_06_10_0142.png,Palm
D:\Downloadf\gestures_resized\gestures\08_palm_moved\frame_00_08_0011.png,Palm
D:\Downloadf\gestures_resized\gestures\03_fist\WIN_20260217_22_04_40_Pro (6).jpg,Fist
D:\Downloadf\gestures_resized\gestures\02_closeup_fist\WIN_20260220_19_15_33_Pro.jpg,Fist
D:\Downloadf\gestures_resized\gestures\04_fist_moved\frame_08_04_0006.png,Fist
D:\Downloadf\gestures_resized\gestures\10_down\WIN_20260217_18_18_07_Pro.jpg,Palm
D:\Downloadf\gestures_resized\gestures\03_fist\frame_01_03_0060.png,Fist
D:\Downloadf\gestures_resized\gestures\03_fist\WIN_20260217_19_12_26_Pro.jpg,Fist
D:\Downloadf\gestures_resized\gestures\04_fist_moved\WIN_20260217_20_44_58_Pro.jpg,Fist
D:\Downloadf\gestures_resized\gestures\10_down\frame_04_10_0151.png,Palm
D:\Downloadf\gestures_resized\gestures\08_palm_moved\frame_00_08_0199.png,Palm
D:\Downloadf\gestures_resized\gestures\03_fist\frame_08_03_0002.png,Fist
D:\Downloadf\gestures_resized\gestures\03_fist\frame_07_03_0119.png,Fist
D:\Downloadf\gestures_resized\gestures\04_fist_moved\frame_03_04_0043.png,Fist
D:\Downloadf\gestures_resized\gestures\01_palm\WIN_20260217_21_52_19_Pro.jpg,Palm
D:\Downloadf\gestures_resized\gestures\01_palm\WIN_20260220_00_03_45_Pro.jpg,Palm
D:\Downloadf\gestures_resized\gestures\03_fist\WIN_20260217_18_15_27_Pro.jpg,Fist
D:\Downloadf\gestures_resized\gestures\03_fist\WIN_20260217_20_36_47_Pro.jpg,Fist
D:\Downloadf\gestures_resized\gestures\03_fist\frame_04_03_0055.png,Fist
D:\Downloadf\gestures_resized\gestures\03_fist\WIN_20260217_18_02_43_Pro.jpg,Fist
D:\Downloadf\gestures_resized\gestures\01_palm\frame_09_01_0115.png,Palm
D:\Downloadf\gestures_resized\gestures\01_palm\frame_02_01_0087.png,Palm
D:\Downloadf\gestures_resized\gestures\08_palm_moved\WIN_20260217_22_14_27_Pro (3).jpg,Palm
D:\Downloadf\gestures_resized\gestures\01_palm\frame_09_01_0026.png,Palm
D:\Downloadf\gestures_resized\gestures\04_fist_moved\frame_03_04_0176.png,Fist
D:\Downloadf\gestures_resized\gestures\04_fist_moved\frame_00_04_0020.png,Fist
D:\Downloadf\gestures_resized\gestures\03_fist\frame_06_03_0065.png,Fist
D:\Downloadf\gestures_resized\gestures\08_palm_moved\WIN_20260217_18_35_49_Pro.jpg,Palm
D:\Downloadf\gestures_resized\gestures\08_palm_moved\frame_03_08_0053.png,Palm
D:\Downloadf\gestures_resized\gestures\04_fist_moved\frame_06_04_0160.png,Fist
D:\Downloadf\gestures_resized\gestures\10_down\WIN_20260217_18_19_59_Pro.jpg,Palm
D:\Downloadf\gestures_resized\gestures\03_fist\WIN_20260217_22_10_40_Pro (4).jpg,Fist
D:\Downloadf\gestures_resized\gestures\10_down\frame_01_10_0031.png,Palm
D:\Downloadf\gestures_resized\gestures\03_fist\WIN_20260217_22_04_41_Pro (2).jpg,Fist
D:\Downloadf\gestures_resized\gestures\04_fist_moved\WIN_20260217_22_23_33_Pro.jpg,Fist
D:\Downloadf\gestures_resized\gestures\03_fist\WIN_20260217_22_04_48_Pro (2).jpg,Fist
D:\Downloadf\gestures_resized\gestures\02_closeup_fist\WIN_20260220_19_17_29_Pro.jpg,Fist
D:\Downloadf\gestures_resized\gestures\03_fist\frame_02_03_0068.png,Fist
D:\Downloadf\gestures_resized\gestures\03_fist\Right\frame_09_03_0012.png,Fist
D:\Downloadf\gestures_resized\gestures\03_fist\frame_09_03_0123.png,Fist
D:\Downloadf\gestures_resized\gestures\03_fist\frame_02_03_0085.png,Fist
D:\Downloadf\gestures_resized\gestures\03_fist\WIN_20260217_20_34_33_Pro.jpg,Fist
D:\Downloadf\gestures_resized\gestures\03_fist\frame_02_03_0153.png,Fist
D:\Downloadf\gestures_resized\gestures\01_palm\frame_06_01_0190.png,Palm
D:\Downloadf\gestures_resized\gestures\08_palm_moved\frame_04_08_0161.png,Palm
D:\Downloadf\gestures_resized\gestures\03_fist\WIN_20260217_20_36_41_Pro.jpg,Fist
D:\Downloadf\gestures_resized\gestures\01_palm\frame_05_01_0026.png,Palm
D:\Downloadf\gestures_resized\gestures\08_palm_moved\frame_02_08_0194.png,Palm
D:\Downloadf\gestures_resized\gestures\04_fist_moved\frame_01_04_0006.png,Fist
D:\Downloadf\gestures_resized\gestures\03_fist\WIN_20260217_22_10_53_Pro (3).jpg,Fist
D:\Downloadf\gestures_resized\gestures\04_fist_moved\frame_03_04_0151.png,Fist
D:\Downloadf\gestures_resized\gestures\03_fist\frame_06_03_0073.png,Fist
D:\Downloadf\gestures_resized\gestures\04_fist_moved\frame_09_04_0023.png,Fist
D:\Downloadf\gestures_resized\gestures\03_fist\frame_01_03_0147.png,Fist
D:\Downloadf\gestures_resized\gestures\01_palm\WIN_20260217_21_50_31_Pro (2).jpg,Palm
D:\Downloadf\gestures_resized\gestures\03_fist\Right\frame_09_03_0065.png,Fist
D:\Downloadf\gestures_resized\gestures\03_fist\WIN_20260217_18_02_59_Pro.jpg,Fist
D:\Downloadf\gestures_resized\gestures\03_fist\frame_07_03_0145.png,Fist
D:\Downloadf\gestures_resized\gestures\03_fist\WIN_20260217_18_02_18_Pro.jpg,Fist
D:\Downloadf\gestures_resized\gestures\01_palm\WIN_20260220_00_03_28_Pro.jpg,Palm
D:\Downloadf\gestures_resized\gestures\01_palm\frame_07_01_0004.png,Palm
D:\Downloadf\gestures_resized\gestures\04_fist_moved\WIN_20260217_20_44_43_Pro.jpg,Fist
D:\Downloadf\gestures_resized\gestures\03_fist\frame_05_03_0040.png,Fist
D:\Downloadf\gestures_resized\gestures\10_down\WIN_20260217_18_20_37_Pro.jpg,Palm
D:\Downloadf\gestures_resized\gestures\01_palm\WIN_20260217_17_31_07_Pro.jpg,Palm
D:\Downloadf\gestures_resized\gestures\08_palm_moved\frame_02_08_0198.png,Palm
D:\Downloadf\gestures_resized\gestures\08_palm_moved\frame_03_08_0131.png,Palm
D:\Downloadf\gestures_resized\gestures\10_down\frame_01_10_0035.png,Palm
D:\Downloadf\gestures_resized\gestures\10_down\frame_04_10_0177.png,Palm
D:\Downloadf\gestures_resized\gestures\03_fist\frame_08_03_0086.png,Fist
D:\Downloadf\gestures_resized\gestures\08_palm_moved\frame_05_08_0139.png,Palm
D:\Downloadf\gestures_resized\gestures\03_fist\WIN_20260217_22_11_04_Pro (3).jpg,Fist
D:\Downloadf\gestures_resized\gestures\03_fist\frame_03_03_0070.png,Fist
D:\Downloadf\gestures_resized\gestures\08_palm_moved\frame_02_08_0037.png,Palm
D:\Downloadf\gestures_resized\gestures\03_fist\WIN_20260217_18_15_23_Pro.jpg,Fist
D:\Downloadf\gestures_resized\gestures\10_down\frame_02_10_0095.png,Palm
D:\Downloadf\gestures_resized\gestures\04_fist_moved\WIN_20260217_18_23_28_Pro.jpg,Fist
D:\Downloadf\gestures_resized\gestures\10_down\frame_06_10_0141.png,Palm
D:\Downloadf\gestures_resized\gestures\03_fist\frame_03_03_0147.png,Fist
D:\Downloadf\gestures_resized\gestures\04_fist_moved\frame_09_04_0187.png,Fist
D:\Downloadf\gestures_resized\gestures\10_down\frame_05_10_0030.png,Palm
D:\Downloadf\gestures_resized\gestures\03_fist\WIN_20260217_20_34_40_Pro.jpg,Fist
D:\Downloadf\gestures_resized\gestures\03_fist\WIN_20260217_19_12_33_Pro.jpg,Fist
D:\Downloadf\gestures_resized\gestures\08_palm_moved\frame_02_08_0039.png,Palm
D:\Downloadf\gestures_resized\gestures\03_fist\frame_04_03_0012.png,Fist
D:\Downloadf\gestures_resized\gestures\03_fist\WIN_20260217_22_04_50_Pro.jpg,Fist
D:\Downloadf\gestures_resized\gestures\04_fist_moved\WIN_20260217_22_22_02_Pro (3).jpg,Fist
D:\Downloadf\gestures_resized\gestures\04_fist_moved\frame_00_04_0050.png,Fist
D:\Downloadf\gestures_resized\gestures\10_down\frame_00_10_0063.png,Palm
D:\Downloadf\gestures_resized\gestures\01_palm\frame_00_01_0184.png,Palm
D:\Downloadf\gestures_resized\gestures\03_fist\frame_05_03_0006.png,Fist
D:\Downloadf\gestures_resized\gestures\01_palm\WIN_20260217_20_10_02_Pro.jpg,Palm
D:\Downloadf\gestures_resized\gestures\04_fist_moved\WIN_20260217_20_46_16_Pro (2).jpg,Fist
D:\Downloadf\gestures_resized\gestures\01_palm\frame_04_01_0198.png,Palm
D:\Downloadf\gestures_resized\gestures\03_fist\WIN_20260217_22_04_47_Pro (4).jpg,Fist
D:\Downloadf\gestures_resized\gestures\04_fist_moved\WIN_20260217_22_21_42_Pro (3).jpg,Fist
D:\Downloadf\gestures_resized\gestures\08_palm_moved\frame_07_08_0003.png,Palm
D:\Downloadf\gestures_resized\gestures\01_palm\frame_01_01_0054.png,Palm
D:\Downloadf\gestures_resized\gestures\03_fist\WIN_20260217_19_13_50_Pro (3).jpg,Fist
D:\Downloadf\gestures_resized\gestures\03_fist\frame_01_03_0040.png,Fist
D:\Downloadf\gestures_resized\gestures\08_palm_moved\WIN_20260217_22_19_39_Pro.jpg,Palm
D:\Downloadf\gestures_resized\gestures\03_fist\frame_02_03_0140.png,Fist
D:\Downloadf\gestures_resized\gestures\04_fist_moved\frame_00_04_0019.png,Fist
D:\Downloadf\gestures_resized\gestures\01_palm\frame_04_01_0015.png,Palm
D:\Downloadf\gestures_resized\gestures\10_down\frame_06_10_0083.png,Palm
D:\Downloadf\gestures_resized\gestures\03_fist\frame_01_03_0178.png,Fist
D:\Downloadf\gestures_resized\gestures\03_fist\frame_02_03_0195.png,Fist
D:\Downloadf\gestures_resized\gestures\01_palm\WIN_20260217_21_52_16_Pro.jpg,Palm
D:\Downloadf\gestures_resized\gestures\01_palm\WIN_20260220_00_02_08_Pro (3).jpg,Palm
D:\Downloadf\gestures_resized\gestures\08_palm_moved\frame_04_08_0177.png,Palm
D:\Downloadf\gestures_resized\gestures\10_down\frame_07_10_0190.png,Palm
D:\Downloadf\gestures_resized\gestures\01_palm\WIN_20260217_20_12_42_Pro.jpg,Palm
D:\Downloadf\gestures_resized\gestures\10_down\frame_03_10_0143.png,Palm
D:\Downloadf\gestures_resized\gestures\03_fist\WIN_20260217_22_04_43_Pro (4).jpg,Fist
D:\Downloadf\gestures_resized\gestures\03_fist\WIN_20260217_22_04_38_Pro (3).jpg,Fist
D:\Downloadf\gestures_resized\gestures\01_palm\WIN_20260220_00_03_17_Pro (3).jpg,Palm
D:\Downloadf\gestures_resized\gestures\01_palm\frame_00_01_0103.png,Palm
D:\Downloadf\gestures_resized\gestures\04_fist_moved\frame_02_04_0187.png,Fist
D:\Downloadf\gestures_resized\gestures\04_fist_moved\frame_03_04_0029.png,Fist
D:\Downloadf\gestures_resized\gestures\04_fist_moved\frame_08_04_0029.png,Fist
D:\Downloadf\gestures_resized\gestures\03_fist\WIN_20260217_20_38_25_Pro.jpg,Fist
D:\Downloadf\gestures_resized\gestures\03_fist\WIN_20260220_00_10_01_Pro (2).jpg,Fist
D:\Downloadf\gestures_resized\gestures\04_fist_moved\frame_05_04_0118.png,Fist
D:\Downloadf\gestures_resized\gestures\01_palm\WIN_20260220_00_02_35_Pro (2).jpg,Palm
D:\Downloadf\gestures_resized\gestures\08_palm_moved\frame_02_08_0045.png,Palm
D:\Downloadf\gestures_resized\gestures\03_fist\frame_05_03_0112.png,Fist
D:\Downloadf\gestures_resized\gestures\03_fist\frame_03_03_0146.png,Fist
D:\Downloadf\gestures_resized\gestures\10_down\frame_04_10_0024.png,Palm
D:\Downloadf\gestures_resized\gestures\10_down\frame_03_10_0067.png,Palm
D:\Downloadf\gestures_resized\gestures\03_fist\WIN_20260217_20_38_17_Pro (2).jpg,Fist
D:\Downloadf\gestures_resized\gestures\01_palm\frame_07_01_0200.png,Palm
D:\Downloadf\gestures_resized\gestures\01_palm\frame_07_01_0156.png,Palm
D:\Downloadf\gestures_resized\gestures\04_fist_moved\frame_02_04_0003.png,Fist
D:\Downloadf\gestures_resized\gestures\03_fist\frame_04_03_0141.png,Fist
D:\Downloadf\gestures_resized\gestures\08_palm_moved\frame_02_08_0179.png,Palm
D:\Downloadf\gestures_resized\gestures\03_fist\frame_05_03_0051.png,Fist
D:\Downloadf\gestures_resized\gestures\01_palm\frame_06_01_0011.png,Palm
D:\Downloadf\gestures_resized\gestures\04_fist_moved\WIN_20260217_22_21_40_Pro (4).jpg,Fist
D:\Downloadf\gestures_resized\gestures\10_down\WIN_20260217_20_31_27_Pro (2).jpg,Palm
D:\Downloadf\gestures_resized\gestures\03_fist\frame_02_03_0036.png,Fist
D:\Downloadf\gestures_resized\gestures\01_palm\frame_09_01_0114.png,Palm
D:\Downloadf\gestures_resized\gestures\04_fist_moved\WIN_20260217_20_44_39_Pro (2).jpg,Fist
D:\Downloadf\gestures_resized\gestures\03_fist\WIN_20260217_22_04_33_Pro (2).jpg,Fist
D:\Downloadf\gestures_resized\gestures\01_palm\WIN_20260220_00_01_24_Pro.jpg,Palm
D:\Downloadf\gestures_resized\gestures\01_palm\WIN_20260217_21_27_34_Pro.jpg,Palm
D:\Downloadf\gestures_resized\gestures\03_fist\WIN_20260217_19_12_32_Pro (2).jpg,Fist
D:\Downloadf\gestures_resized\gestures\01_palm\WIN_20260217_21_52_31_Pro.jpg,Palm
D:\Downloadf\gestures_resized\gestures\10_down\frame_08_10_0193.png,Palm
D:\Downloadf\gestures_resized\gestures\03_fist\frame_09_03_0048.png,Fist
D:\Downloadf\gestures_resized\gestures\01_palm\WIN_20260217_20_11_22_Pro.jpg,Palm
D:\Downloadf\gestures_resized\gestures\03_fist\frame_02_03_0054.png,Fist
D:\Downloadf\gestures_resized\gestures\01_palm\WIN_20260217_20_12_34_Pro.jpg,Palm
D:\Downloadf\gestures_resized\gestures\03_fist\frame_01_03_0018.png,Fist
D:\Downloadf\gestures_resized\gestures\10_down\WIN_20260217_18_20_36_Pro.jpg,Palm
D:\Downloadf\gestures_resized\gestures\04_fist_moved\frame_08_04_0014.png,Fist
D:\Downloadf\gestures_resized\gestures\10_down\frame_07_10_0025.png,Palm
D:\Downloadf\gestures_resized\gestures\08_palm_moved\WIN_20260217_18_35_51_Pro (2).jpg,Palm
D:\Downloadf\gestures_resized\gestures\03_fist\WIN_20260217_20_35_17_Pro.jpg,Fist
D:\Downloadf\gestures_resized\gestures\01_palm\WIN_20260217_21_52_09_Pro (2).jpg,Palm
D:\Downloadf\gestures_resized\gestures\08_palm_moved\WIN_20260217_18_35_04_Pro (2).jpg,Palm
D:\Downloadf\gestures_resized\gestures\03_fist\frame_05_03_0173.png,Fist
D:\Downloadf\gestures_resized\gestures\10_down\WIN_20260217_20_29_33_Pro.jpg,Palm
D:\Downloadf\gestures_resized\gestures\10_down\frame_01_10_0181.png,Palm
D:\Downloadf\gestures_resized\gestures\03_fist\frame_02_03_0151.png,Fist
D:\Downloadf\gestures_resized\gestures\04_fist_moved\frame_04_04_0064.png,Fist
D:\Downloadf\gestures_resized\gestures\03_fist\Right\frame_09_03_0157.png,Fist
D:\Downloadf\gestures_resized\gestures\10_down\WIN_20260217_18_19_46_Pro (3).jpg,Palm
D:\Downloadf\gestures_resized\gestures\01_palm\frame_02_01_0060.png,Palm
D:\Downloadf\gestures_resized\gestures\01_palm\WIN_20260220_00_01_51_Pro.jpg,Palm
D:\Downloadf\gestures_resized\gestures\10_down\frame_06_10_0196.png,Palm
D:\Downloadf\gestures_resized\gestures\01_palm\WIN_20260217_17_25_10_Pro.jpg,Palm
D:\Downloadf\gestures_resized\gestures\04_fist_moved\WIN_20260217_22_21_51_Pro (2).jpg,Fist
D:\Downloadf\gestures_resized\gestures\01_palm\frame_00_01_0061.png,Palm
D:\Downloadf\gestures_resized\gestures\03_fist\frame_00_03_0102.png,Fist
